#include "lwip/apps/fs.h"
#include "lwip/def.h"


#define file_NULL (struct fsdata_file *) NULL


#ifndef FS_FILE_FLAGS_HEADER_INCLUDED
#define FS_FILE_FLAGS_HEADER_INCLUDED 1
#endif
#ifndef FS_FILE_FLAGS_HEADER_PERSISTENT
#define FS_FILE_FLAGS_HEADER_PERSISTENT 0
#endif
/* FSDATA_FILE_ALIGNMENT: 0=off, 1=by variable, 2=by include */
#ifndef FSDATA_FILE_ALIGNMENT
#define FSDATA_FILE_ALIGNMENT 0
#endif
#ifndef FSDATA_ALIGN_PRE
#define FSDATA_ALIGN_PRE
#endif
#ifndef FSDATA_ALIGN_POST
#define FSDATA_ALIGN_POST
#endif
#if FSDATA_FILE_ALIGNMENT==2
#include "fsdata_alignment.h"
#endif
#if FSDATA_FILE_ALIGNMENT==1
static const unsigned int dummy_align__400_html = 0;
#endif
static const unsigned char FSDATA_ALIGN_PRE data__400_html[] FSDATA_ALIGN_POST = {
/* /400.html (10 chars) */
0x2f,0x34,0x30,0x30,0x2e,0x68,0x74,0x6d,0x6c,0x00,0x00,0x00,

/* HTTP header */
/* "HTTP/1.0 400 Bad Request
" (26 bytes) */
0x48,0x54,0x54,0x50,0x2f,0x31,0x2e,0x30,0x20,0x34,0x30,0x30,0x20,0x42,0x61,0x64,
0x20,0x52,0x65,0x71,0x75,0x65,0x73,0x74,0x0d,0x0a,
/* "Server: lwIP/2.2.0 (http://savannah.nongnu.org/projects/lwip)
" (63 bytes) */
0x53,0x65,0x72,0x76,0x65,0x72,0x3a,0x20,0x6c,0x77,0x49,0x50,0x2f,0x32,0x2e,0x32,
0x2e,0x30,0x20,0x28,0x68,0x74,0x74,0x70,0x3a,0x2f,0x2f,0x73,0x61,0x76,0x61,0x6e,
0x6e,0x61,0x68,0x2e,0x6e,0x6f,0x6e,0x67,0x6e,0x75,0x2e,0x6f,0x72,0x67,0x2f,0x70,
0x72,0x6f,0x6a,0x65,0x63,0x74,0x73,0x2f,0x6c,0x77,0x69,0x70,0x29,0x0d,0x0a,
/* "Content-Length: 131
" (18+ bytes) */
0x43,0x6f,0x6e,0x74,0x65,0x6e,0x74,0x2d,0x4c,0x65,0x6e,0x67,0x74,0x68,0x3a,0x20,
0x31,0x33,0x31,0x0d,0x0a,
/* "Content-Type: text/html

" (27 bytes) */
0x43,0x6f,0x6e,0x74,0x65,0x6e,0x74,0x2d,0x54,0x79,0x70,0x65,0x3a,0x20,0x74,0x65,
0x78,0x74,0x2f,0x68,0x74,0x6d,0x6c,0x0d,0x0a,0x0d,0x0a,
/* raw file data (131 bytes) */
0x3c,0x21,0x64,0x6f,0x63,0x74,0x79,0x70,0x65,0x20,0x68,0x74,0x6d,0x6c,0x3e,0x0a,
0x3c,0x68,0x74,0x6d,0x6c,0x20,0x6c,0x61,0x6e,0x67,0x3d,0x27,0x65,0x6e,0x27,0x3e,
0x0a,0x3c,0x68,0x65,0x61,0x64,0x3e,0x0a,0x3c,0x6d,0x65,0x74,0x61,0x20,0x63,0x68,
0x61,0x72,0x73,0x65,0x74,0x3d,0x27,0x75,0x74,0x66,0x2d,0x38,0x27,0x3e,0x0a,0x3c,
0x74,0x69,0x74,0x6c,0x65,0x3e,0x42,0x61,0x64,0x20,0x52,0x65,0x71,0x75,0x65,0x73,
0x74,0x3c,0x2f,0x74,0x69,0x74,0x6c,0x65,0x3e,0x0a,0x3c,0x2f,0x68,0x65,0x61,0x64,
0x3e,0x0a,0x3c,0x62,0x6f,0x64,0x79,0x3e,0x42,0x61,0x64,0x20,0x52,0x65,0x71,0x75,
0x65,0x73,0x74,0x3c,0x2f,0x62,0x6f,0x64,0x79,0x3e,0x0a,0x3c,0x2f,0x68,0x74,0x6d,
0x6c,0x3e,0x0a,};

#if FSDATA_FILE_ALIGNMENT==1
static const unsigned int dummy_align__fail_html = 1;
#endif
static const unsigned char FSDATA_ALIGN_PRE data__fail_html[] FSDATA_ALIGN_POST = {
/* /fail.html (11 chars) */
0x2f,0x66,0x61,0x69,0x6c,0x2e,0x68,0x74,0x6d,0x6c,0x00,0x00,

/* HTTP header */
/* "HTTP/1.0 200 OK
" (17 bytes) */
0x48,0x54,0x54,0x50,0x2f,0x31,0x2e,0x30,0x20,0x32,0x30,0x30,0x20,0x4f,0x4b,0x0d,
0x0a,
/* "Server: lwIP/2.2.0 (http://savannah.nongnu.org/projects/lwip)
" (63 bytes) */
0x53,0x65,0x72,0x76,0x65,0x72,0x3a,0x20,0x6c,0x77,0x49,0x50,0x2f,0x32,0x2e,0x32,
0x2e,0x30,0x20,0x28,0x68,0x74,0x74,0x70,0x3a,0x2f,0x2f,0x73,0x61,0x76,0x61,0x6e,
0x6e,0x61,0x68,0x2e,0x6e,0x6f,0x6e,0x67,0x6e,0x75,0x2e,0x6f,0x72,0x67,0x2f,0x70,
0x72,0x6f,0x6a,0x65,0x63,0x74,0x73,0x2f,0x6c,0x77,0x69,0x70,0x29,0x0d,0x0a,
/* "Content-Length: 2364
" (18+ bytes) */
0x43,0x6f,0x6e,0x74,0x65,0x6e,0x74,0x2d,0x4c,0x65,0x6e,0x67,0x74,0x68,0x3a,0x20,
0x32,0x33,0x36,0x34,0x0d,0x0a,
/* "Content-Type: text/html

" (27 bytes) */
0x43,0x6f,0x6e,0x74,0x65,0x6e,0x74,0x2d,0x54,0x79,0x70,0x65,0x3a,0x20,0x74,0x65,
0x78,0x74,0x2f,0x68,0x74,0x6d,0x6c,0x0d,0x0a,0x0d,0x0a,
/* raw file data (2364 bytes) */
0x3c,0x21,0x64,0x6f,0x63,0x74,0x79,0x70,0x65,0x20,0x68,0x74,0x6d,0x6c,0x3e,0x0a,
0x3c,0x68,0x74,0x6d,0x6c,0x20,0x6c,0x61,0x6e,0x67,0x3d,0x27,0x65,0x6e,0x27,0x3e,
0x0a,0x3c,0x68,0x65,0x61,0x64,0x3e,0x0a,0x3c,0x6d,0x65,0x74,0x61,0x20,0x63,0x68,
0x61,0x72,0x73,0x65,0x74,0x3d,0x27,0x75,0x74,0x66,0x2d,0x38,0x27,0x3e,0x0a,0x3c,
0x6d,0x65,0x74,0x61,0x20,0x6e,0x61,0x6d,0x65,0x3d,0x27,0x76,0x69,0x65,0x77,0x70,
0x6f,0x72,0x74,0x27,0x20,0x63,0x6f,0x6e,0x74,0x65,0x6e,0x74,0x3d,0x27,0x77,0x69,
0x64,0x74,0x68,0x3d,0x64,0x65,0x76,0x69,0x63,0x65,0x2d,0x77,0x69,0x64,0x74,0x68,
0x2c,0x69,0x6e,0x69,0x74,0x69,0x61,0x6c,0x2d,0x73,0x63,0x61,0x6c,0x65,0x3d,0x31,
0x27,0x3e,0x0a,0x3c,0x74,0x69,0x74,0x6c,0x65,0x3e,0x58,0x52,0x31,0x37,0x31,0x30,
0x47,0x20,0x55,0x70,0x6c,0x6f,0x61,0x64,0x20,0x46,0x61,0x69,0x6c,0x65,0x64,0x3c,
0x2f,0x74,0x69,0x74,0x6c,0x65,0x3e,0x0a,0x3c,0x73,0x74,0x79,0x6c,0x65,0x3e,0x0a,
0x3a,0x72,0x6f,0x6f,0x74,0x7b,0x0a,0x20,0x20,0x63,0x6f,0x6c,0x6f,0x72,0x2d,0x73,
0x63,0x68,0x65,0x6d,0x65,0x3a,0x6c,0x69,0x67,0x68,0x74,0x3b,0x0a,0x20,0x20,0x2d,
0x2d,0x62,0x67,0x3a,0x23,0x66,0x32,0x66,0x34,0x66,0x38,0x3b,0x0a,0x20,0x20,0x2d,
0x2d,0x70,0x61,0x6e,0x65,0x6c,0x3a,0x23,0x66,0x66,0x66,0x66,0x66,0x66,0x3b,0x0a,
0x20,0x20,0x2d,0x2d,0x6c,0x69,0x6e,0x65,0x3a,0x23,0x64,0x36,0x64,0x64,0x65,0x37,
0x3b,0x0a,0x20,0x20,0x2d,0x2d,0x69,0x6e,0x6b,0x3a,0x23,0x31,0x64,0x32,0x37,0x33,
0x33,0x3b,0x0a,0x20,0x20,0x2d,0x2d,0x6d,0x75,0x74,0x65,0x64,0x3a,0x23,0x36,0x62,
0x37,0x37,0x38,0x38,0x3b,0x0a,0x20,0x20,0x2d,0x2d,0x62,0x6c,0x75,0x65,0x3a,0x23,
0x32,0x38,0x37,0x38,0x65,0x33,0x3b,0x0a,0x20,0x20,0x2d,0x2d,0x62,0x6c,0x75,0x65,
0x2d,0x64,0x61,0x72,0x6b,0x3a,0x23,0x31,0x37,0x36,0x32,0x63,0x32,0x3b,0x0a,0x20,
0x20,0x2d,0x2d,0x72,0x65,0x64,0x3a,0x23,0x62,0x33,0x34,0x33,0x33,0x38,0x3b,0x0a,
0x20,0x20,0x2d,0x2d,0x72,0x65,0x64,0x2d,0x73,0x6f,0x66,0x74,0x3a,0x23,0x66,0x62,
0x65,0x63,0x65,0x61,0x3b,0x0a,0x7d,0x0a,0x2a,0x7b,0x62,0x6f,0x78,0x2d,0x73,0x69,
0x7a,0x69,0x6e,0x67,0x3a,0x62,0x6f,0x72,0x64,0x65,0x72,0x2d,0x62,0x6f,0x78,0x7d,
0x0a,0x62,0x6f,0x64,0x79,0x7b,0x0a,0x20,0x20,0x6d,0x69,0x6e,0x2d,0x68,0x65,0x69,
0x67,0x68,0x74,0x3a,0x31,0x30,0x30,0x73,0x76,0x68,0x3b,0x0a,0x20,0x20,0x6d,0x61,
0x72,0x67,0x69,0x6e,0x3a,0x30,0x3b,0x0a,0x20,0x20,0x64,0x69,0x73,0x70,0x6c,0x61,
0x79,0x3a,0x67,0x72,0x69,0x64,0x3b,0x0a,0x20,0x20,0x70,0x6c,0x61,0x63,0x65,0x2d,
0x69,0x74,0x65,0x6d,0x73,0x3a,0x63,0x65,0x6e,0x74,0x65,0x72,0x3b,0x0a,0x20,0x20,
0x70,0x61,0x64,0x64,0x69,0x6e,0x67,0x3a,0x32,0x30,0x70,0x78,0x3b,0x0a,0x20,0x20,
0x63,0x6f,0x6c,0x6f,0x72,0x3a,0x76,0x61,0x72,0x28,0x2d,0x2d,0x69,0x6e,0x6b,0x29,
0x3b,0x0a,0x20,0x20,0x62,0x61,0x63,0x6b,0x67,0x72,0x6f,0x75,0x6e,0x64,0x3a,0x76,
0x61,0x72,0x28,0x2d,0x2d,0x62,0x67,0x29,0x3b,0x0a,0x20,0x20,0x66,0x6f,0x6e,0x74,
0x2d,0x66,0x61,0x6d,0x69,0x6c,0x79,0x3a,0x49,0x6e,0x74,0x65,0x72,0x2c,0x75,0x69,
0x2d,0x73,0x61,0x6e,0x73,0x2d,0x73,0x65,0x72,0x69,0x66,0x2c,0x73,0x79,0x73,0x74,
0x65,0x6d,0x2d,0x75,0x69,0x2c,0x2d,0x61,0x70,0x70,0x6c,0x65,0x2d,0x73,0x79,0x73,
0x74,0x65,0x6d,0x2c,0x42,0x6c,0x69,0x6e,0x6b,0x4d,0x61,0x63,0x53,0x79,0x73,0x74,
0x65,0x6d,0x46,0x6f,0x6e,0x74,0x2c,0x53,0x65,0x67,0x6f,0x65,0x20,0x55,0x49,0x2c,
0x4d,0x69,0x63,0x72,0x6f,0x73,0x6f,0x66,0x74,0x20,0x59,0x61,0x48,0x65,0x69,0x2c,
0x73,0x61,0x6e,0x73,0x2d,0x73,0x65,0x72,0x69,0x66,0x3b,0x0a,0x7d,0x0a,0x2e,0x70,
0x61,0x6e,0x65,0x6c,0x7b,0x0a,0x20,0x20,0x77,0x69,0x64,0x74,0x68,0x3a,0x6d,0x69,
0x6e,0x28,0x35,0x36,0x30,0x70,0x78,0x2c,0x31,0x30,0x30,0x25,0x29,0x3b,0x0a,0x20,
0x20,0x6f,0x76,0x65,0x72,0x66,0x6c,0x6f,0x77,0x3a,0x68,0x69,0x64,0x64,0x65,0x6e,
0x3b,0x0a,0x20,0x20,0x62,0x6f,0x72,0x64,0x65,0x72,0x3a,0x31,0x70,0x78,0x20,0x73,
0x6f,0x6c,0x69,0x64,0x20,0x76,0x61,0x72,0x28,0x2d,0x2d,0x6c,0x69,0x6e,0x65,0x29,
0x3b,0x0a,0x20,0x20,0x62,0x6f,0x72,0x64,0x65,0x72,0x2d,0x72,0x61,0x64,0x69,0x75,
0x73,0x3a,0x38,0x70,0x78,0x3b,0x0a,0x20,0x20,0x62,0x61,0x63,0x6b,0x67,0x72,0x6f,
0x75,0x6e,0x64,0x3a,0x76,0x61,0x72,0x28,0x2d,0x2d,0x70,0x61,0x6e,0x65,0x6c,0x29,
0x3b,0x0a,0x20,0x20,0x62,0x6f,0x78,0x2d,0x73,0x68,0x61,0x64,0x6f,0x77,0x3a,0x30,
0x20,0x31,0x32,0x70,0x78,0x20,0x33,0x34,0x70,0x78,0x20,0x72,0x67,0x62,0x61,0x28,
0x34,0x35,0x2c,0x36,0x34,0x2c,0x38,0x39,0x2c,0x2e,0x31,0x30,0x29,0x3b,0x0a,0x7d,
0x0a,0x2e,0x68,0x65,0x61,0x64,0x7b,0x0a,0x20,0x20,0x64,0x69,0x73,0x70,0x6c,0x61,
0x79,0x3a,0x66,0x6c,0x65,0x78,0x3b,0x0a,0x20,0x20,0x61,0x6c,0x69,0x67,0x6e,0x2d,
0x69,0x74,0x65,0x6d,0x73,0x3a,0x63,0x65,0x6e,0x74,0x65,0x72,0x3b,0x0a,0x20,0x20,
0x67,0x61,0x70,0x3a,0x31,0x34,0x70,0x78,0x3b,0x0a,0x20,0x20,0x70,0x61,0x64,0x64,
0x69,0x6e,0x67,0x3a,0x32,0x32,0x70,0x78,0x20,0x32,0x34,0x70,0x78,0x3b,0x0a,0x20,
0x20,0x62,0x6f,0x72,0x64,0x65,0x72,0x2d,0x62,0x6f,0x74,0x74,0x6f,0x6d,0x3a,0x31,
0x70,0x78,0x20,0x73,0x6f,0x6c,0x69,0x64,0x20,0x23,0x65,0x64,0x63,0x62,0x63,0x37,
0x3b,0x0a,0x20,0x20,0x62,0x61,0x63,0x6b,0x67,0x72,0x6f,0x75,0x6e,0x64,0x3a,0x76,
0x61,0x72,0x28,0x2d,0x2d,0x72,0x65,0x64,0x2d,0x73,0x6f,0x66,0x74,0x29,0x3b,0x0a,
0x7d,0x0a,0x2e,0x6d,0x61,0x72,0x6b,0x7b,0x0a,0x20,0x20,0x77,0x69,0x64,0x74,0x68,
0x3a,0x33,0x36,0x70,0x78,0x3b,0x0a,0x20,0x20,0x68,0x65,0x69,0x67,0x68,0x74,0x3a,
0x33,0x36,0x70,0x78,0x3b,0x0a,0x20,0x20,0x66,0x6c,0x65,0x78,0x3a,0x30,0x20,0x30,
0x20,0x33,0x36,0x70,0x78,0x3b,0x0a,0x20,0x20,0x64,0x69,0x73,0x70,0x6c,0x61,0x79,
0x3a,0x67,0x72,0x69,0x64,0x3b,0x0a,0x20,0x20,0x70,0x6c,0x61,0x63,0x65,0x2d,0x69,
0x74,0x65,0x6d,0x73,0x3a,0x63,0x65,0x6e,0x74,0x65,0x72,0x3b,0x0a,0x20,0x20,0x62,
0x6f,0x72,0x64,0x65,0x72,0x2d,0x72,0x61,0x64,0x69,0x75,0x73,0x3a,0x37,0x70,0x78,
0x3b,0x0a,0x20,0x20,0x63,0x6f,0x6c,0x6f,0x72,0x3a,0x23,0x66,0x66,0x66,0x66,0x66,
0x66,0x3b,0x0a,0x20,0x20,0x62,0x61,0x63,0x6b,0x67,0x72,0x6f,0x75,0x6e,0x64,0x3a,
0x76,0x61,0x72,0x28,0x2d,0x2d,0x72,0x65,0x64,0x29,0x3b,0x0a,0x20,0x20,0x66,0x6f,
0x6e,0x74,0x2d,0x73,0x69,0x7a,0x65,0x3a,0x31,0x39,0x70,0x78,0x3b,0x0a,0x20,0x20,
0x66,0x6f,0x6e,0x74,0x2d,0x77,0x65,0x69,0x67,0x68,0x74,0x3a,0x38,0x30,0x30,0x3b,
0x0a,0x7d,0x0a,0x68,0x31,0x7b,0x6d,0x61,0x72,0x67,0x69,0x6e,0x3a,0x30,0x3b,0x66,
0x6f,0x6e,0x74,0x2d,0x73,0x69,0x7a,0x65,0x3a,0x32,0x30,0x70,0x78,0x7d,0x0a,0x2e,
0x68,0x65,0x61,0x64,0x20,0x70,0x7b,0x6d,0x61,0x72,0x67,0x69,0x6e,0x3a,0x34,0x70,
0x78,0x20,0x30,0x20,0x30,0x3b,0x63,0x6f,0x6c,0x6f,0x72,0x3a,0x76,0x61,0x72,0x28,
0x2d,0x2d,0x72,0x65,0x64,0x29,0x3b,0x66,0x6f,0x6e,0x74,0x2d,0x73,0x69,0x7a,0x65,
0x3a,0x31,0x32,0x70,0x78,0x3b,0x66,0x6f,0x6e,0x74,0x2d,0x77,0x65,0x69,0x67,0x68,
0x74,0x3a,0x36,0x35,0x30,0x7d,0x0a,0x2e,0x63,0x6f,0x6e,0x74,0x65,0x6e,0x74,0x7b,
0x70,0x61,0x64,0x64,0x69,0x6e,0x67,0x3a,0x32,0x34,0x70,0x78,0x7d,0x0a,0x2e,0x63,
0x6f,0x6e,0x74,0x65,0x6e,0x74,0x3e,0x70,0x7b,0x6d,0x61,0x72,0x67,0x69,0x6e,0x3a,
0x30,0x3b,0x63,0x6f,0x6c,0x6f,0x72,0x3a,0x76,0x61,0x72,0x28,0x2d,0x2d,0x6d,0x75,
0x74,0x65,0x64,0x29,0x3b,0x6c,0x69,0x6e,0x65,0x2d,0x68,0x65,0x69,0x67,0x68,0x74,
0x3a,0x31,0x2e,0x37,0x7d,0x0a,0x75,0x6c,0x7b,0x6d,0x61,0x72,0x67,0x69,0x6e,0x3a,
0x31,0x38,0x70,0x78,0x20,0x30,0x20,0x32,0x32,0x70,0x78,0x3b,0x70,0x61,0x64,0x64,
0x69,0x6e,0x67,0x2d,0x6c,0x65,0x66,0x74,0x3a,0x31,0x39,0x70,0x78,0x3b,0x63,0x6f,
0x6c,0x6f,0x72,0x3a,0x23,0x35,0x36,0x36,0x32,0x37,0x33,0x3b,0x66,0x6f,0x6e,0x74,
0x2d,0x73,0x69,0x7a,0x65,0x3a,0x31,0x33,0x70,0x78,0x3b,0x6c,0x69,0x6e,0x65,0x2d,
0x68,0x65,0x69,0x67,0x68,0x74,0x3a,0x31,0x2e,0x39,0x7d,0x0a,0x61,0x7b,0x0a,0x20,
0x20,0x6d,0x69,0x6e,0x2d,0x68,0x65,0x69,0x67,0x68,0x74,0x3a,0x34,0x32,0x70,0x78,
0x3b,0x0a,0x20,0x20,0x64,0x69,0x73,0x70,0x6c,0x61,0x79,0x3a,0x69,0x6e,0x6c,0x69,
0x6e,0x65,0x2d,0x66,0x6c,0x65,0x78,0x3b,0x0a,0x20,0x20,0x61,0x6c,0x69,0x67,0x6e,
0x2d,0x69,0x74,0x65,0x6d,0x73,0x3a,0x63,0x65,0x6e,0x74,0x65,0x72,0x3b,0x0a,0x20,
0x20,0x6a,0x75,0x73,0x74,0x69,0x66,0x79,0x2d,0x63,0x6f,0x6e,0x74,0x65,0x6e,0x74,
0x3a,0x63,0x65,0x6e,0x74,0x65,0x72,0x3b,0x0a,0x20,0x20,0x70,0x61,0x64,0x64,0x69,
0x6e,0x67,0x3a,0x30,0x20,0x31,0x36,0x70,0x78,0x3b,0x0a,0x20,0x20,0x62,0x6f,0x72,
0x64,0x65,0x72,0x3a,0x31,0x70,0x78,0x20,0x73,0x6f,0x6c,0x69,0x64,0x20,0x76,0x61,
0x72,0x28,0x2d,0x2d,0x62,0x6c,0x75,0x65,0x2d,0x64,0x61,0x72,0x6b,0x29,0x3b,0x0a,
0x20,0x20,0x62,0x6f,0x72,0x64,0x65,0x72,0x2d,0x72,0x61,0x64,0x69,0x75,0x73,0x3a,
0x37,0x70,0x78,0x3b,0x0a,0x20,0x20,0x63,0x6f,0x6c,0x6f,0x72,0x3a,0x23,0x66,0x66,
0x66,0x66,0x66,0x66,0x3b,0x0a,0x20,0x20,0x62,0x61,0x63,0x6b,0x67,0x72,0x6f,0x75,
0x6e,0x64,0x3a,0x76,0x61,0x72,0x28,0x2d,0x2d,0x62,0x6c,0x75,0x65,0x29,0x3b,0x0a,
0x20,0x20,0x74,0x65,0x78,0x74,0x2d,0x64,0x65,0x63,0x6f,0x72,0x61,0x74,0x69,0x6f,
0x6e,0x3a,0x6e,0x6f,0x6e,0x65,0x3b,0x0a,0x20,0x20,0x66,0x6f,0x6e,0x74,0x2d,0x77,
0x65,0x69,0x67,0x68,0x74,0x3a,0x37,0x32,0x30,0x3b,0x0a,0x7d,0x0a,0x61,0x3a,0x68,
0x6f,0x76,0x65,0x72,0x7b,0x62,0x61,0x63,0x6b,0x67,0x72,0x6f,0x75,0x6e,0x64,0x3a,
0x76,0x61,0x72,0x28,0x2d,0x2d,0x62,0x6c,0x75,0x65,0x2d,0x64,0x61,0x72,0x6b,0x29,
0x7d,0x0a,0x3c,0x2f,0x73,0x74,0x79,0x6c,0x65,0x3e,0x0a,0x3c,0x2f,0x68,0x65,0x61,
0x64,0x3e,0x0a,0x3c,0x62,0x6f,0x64,0x79,0x3e,0x0a,0x20,0x20,0x3c,0x6d,0x61,0x69,
0x6e,0x20,0x63,0x6c,0x61,0x73,0x73,0x3d,0x27,0x70,0x61,0x6e,0x65,0x6c,0x27,0x3e,
0x0a,0x20,0x20,0x20,0x20,0x3c,0x68,0x65,0x61,0x64,0x65,0x72,0x20,0x63,0x6c,0x61,
0x73,0x73,0x3d,0x27,0x68,0x65,0x61,0x64,0x27,0x3e,0x0a,0x20,0x20,0x20,0x20,0x20,
0x20,0x3c,0x64,0x69,0x76,0x20,0x63,0x6c,0x61,0x73,0x73,0x3d,0x27,0x6d,0x61,0x72,
0x6b,0x27,0x3e,0x21,0x3c,0x2f,0x64,0x69,0x76,0x3e,0x0a,0x20,0x20,0x20,0x20,0x20,
0x20,0x3c,0x64,0x69,0x76,0x3e,0x3c,0x68,0x31,0x3e,0x55,0x70,0x6c,0x6f,0x61,0x64,
0x20,0x46,0x61,0x69,0x6c,0x65,0x64,0x3c,0x2f,0x68,0x31,0x3e,0x3c,0x70,0x3e,0x4e,
0x6f,0x20,0x65,0x72,0x61,0x73,0x65,0x20,0x6f,0x72,0x20,0x77,0x72,0x69,0x74,0x65,
0x20,0x6f,0x70,0x65,0x72,0x61,0x74,0x69,0x6f,0x6e,0x20,0x77,0x61,0x73,0x20,0x73,
0x74,0x61,0x72,0x74,0x65,0x64,0x3c,0x2f,0x70,0x3e,0x3c,0x2f,0x64,0x69,0x76,0x3e,
0x0a,0x20,0x20,0x20,0x20,0x3c,0x2f,0x68,0x65,0x61,0x64,0x65,0x72,0x3e,0x0a,0x20,
0x20,0x20,0x20,0x3c,0x73,0x65,0x63,0x74,0x69,0x6f,0x6e,0x20,0x63,0x6c,0x61,0x73,
0x73,0x3d,0x27,0x63,0x6f,0x6e,0x74,0x65,0x6e,0x74,0x27,0x3e,0x0a,0x20,0x20,0x20,
0x20,0x20,0x20,0x3c,0x70,0x3e,0x54,0x68,0x65,0x20,0x72,0x65,0x63,0x6f,0x76,0x65,
0x72,0x79,0x20,0x73,0x65,0x72,0x76,0x65,0x72,0x20,0x63,0x6f,0x75,0x6c,0x64,0x20,
0x6e,0x6f,0x74,0x20,0x61,0x63,0x63,0x65,0x70,0x74,0x20,0x74,0x68,0x69,0x73,0x20,
0x69,0x6d,0x61,0x67,0x65,0x2e,0x20,0x43,0x68,0x65,0x63,0x6b,0x20,0x74,0x68,0x65,
0x20,0x73,0x65,0x6c,0x65,0x63,0x74,0x65,0x64,0x20,0x74,0x61,0x72,0x67,0x65,0x74,
0x20,0x61,0x6e,0x64,0x20,0x66,0x69,0x6c,0x65,0x2c,0x20,0x74,0x68,0x65,0x6e,0x20,
0x74,0x72,0x79,0x20,0x61,0x67,0x61,0x69,0x6e,0x2e,0x3c,0x2f,0x70,0x3e,0x0a,0x20,
0x20,0x20,0x20,0x20,0x20,0x3c,0x75,0x6c,0x3e,0x0a,0x20,0x20,0x20,0x20,0x20,0x20,
0x20,0x20,0x3c,0x6c,0x69,0x3e,0x46,0x69,0x72,0x6d,0x77,0x61,0x72,0x65,0x20,0x69,
0x6d,0x61,0x67,0x65,0x73,0x20,0x6d,0x75,0x73,0x74,0x20,0x62,0x65,0x20,0x61,0x74,
0x20,0x6c,0x65,0x61,0x73,0x74,0x20,0x31,0x20,0x4d,0x69,0x42,0x2e,0x3c,0x2f,0x6c,
0x69,0x3e,0x0a,0x20,0x20,0x20,0x20,0x20,0x20,0x20,0x20,0x3c,0x6c,0x69,0x3e,0x55,
0x2d,0x42,0x6f,0x6f,0x74,0x20,0x69,0x6d,0x61,0x67,0x65,0x73,0x20,0x6d,0x75,0x73,
0x74,0x20,0x6e,0x6f,0x74,0x20,0x65,0x78,0x63,0x65,0x65,0x64,0x20,0x31,0x20,0x4d,
0x69,0x42,0x2e,0x3c,0x2f,0x6c,0x69,0x3e,0x0a,0x20,0x20,0x20,0x20,0x20,0x20,0x20,
0x20,0x3c,0x6c,0x69,0x3e,0x4f,0x6e,0x6c,0x79,0x20,0x6f,0x6e,0x65,0x20,0x72,0x65,
0x63,0x6f,0x76,0x65,0x72,0x79,0x20,0x74,0x61,0x73,0x6b,0x20,0x63,0x61,0x6e,0x20,
0x72,0x75,0x6e,0x20,0x61,0x74,0x20,0x61,0x20,0x74,0x69,0x6d,0x65,0x2e,0x3c,0x2f,
0x6c,0x69,0x3e,0x0a,0x20,0x20,0x20,0x20,0x20,0x20,0x3c,0x2f,0x75,0x6c,0x3e,0x0a,
0x20,0x20,0x20,0x20,0x20,0x20,0x3c,0x61,0x20,0x68,0x72,0x65,0x66,0x3d,0x27,0x2f,
0x69,0x6e,0x64,0x65,0x78,0x2e,0x68,0x74,0x6d,0x6c,0x27,0x3e,0x52,0x65,0x74,0x75,
0x72,0x6e,0x20,0x74,0x6f,0x20,0x52,0x65,0x63,0x6f,0x76,0x65,0x72,0x79,0x3c,0x2f,
0x61,0x3e,0x0a,0x20,0x20,0x20,0x20,0x3c,0x2f,0x73,0x65,0x63,0x74,0x69,0x6f,0x6e,
0x3e,0x0a,0x20,0x20,0x3c,0x2f,0x6d,0x61,0x69,0x6e,0x3e,0x0a,0x3c,0x2f,0x62,0x6f,
0x64,0x79,0x3e,0x0a,0x3c,0x2f,0x68,0x74,0x6d,0x6c,0x3e,0x0a,};

#if FSDATA_FILE_ALIGNMENT==1
static const unsigned int dummy_align__index_html = 2;
#endif
static const unsigned char FSDATA_ALIGN_PRE data__index_html[] FSDATA_ALIGN_POST = {
/* /index.html (12 chars) */
0x2f,0x69,0x6e,0x64,0x65,0x78,0x2e,0x68,0x74,0x6d,0x6c,0x00,

/* HTTP header */
/* "HTTP/1.0 200 OK
" (17 bytes) */
0x48,0x54,0x54,0x50,0x2f,0x31,0x2e,0x30,0x20,0x32,0x30,0x30,0x20,0x4f,0x4b,0x0d,
0x0a,
/* "Server: lwIP/2.2.0 (http://savannah.nongnu.org/projects/lwip)
" (63 bytes) */
0x53,0x65,0x72,0x76,0x65,0x72,0x3a,0x20,0x6c,0x77,0x49,0x50,0x2f,0x32,0x2e,0x32,
0x2e,0x30,0x20,0x28,0x68,0x74,0x74,0x70,0x3a,0x2f,0x2f,0x73,0x61,0x76,0x61,0x6e,
0x6e,0x61,0x68,0x2e,0x6e,0x6f,0x6e,0x67,0x6e,0x75,0x2e,0x6f,0x72,0x67,0x2f,0x70,
0x72,0x6f,0x6a,0x65,0x63,0x74,0x73,0x2f,0x6c,0x77,0x69,0x70,0x29,0x0d,0x0a,
/* "Content-Length: 38062
" (18+ bytes) */
0x43,0x6f,0x6e,0x74,0x65,0x6e,0x74,0x2d,0x4c,0x65,0x6e,0x67,0x74,0x68,0x3a,0x20,
0x33,0x38,0x30,0x36,0x32,0x0d,0x0a,
/* "Content-Type: text/html

" (27 bytes) */
0x43,0x6f,0x6e,0x74,0x65,0x6e,0x74,0x2d,0x54,0x79,0x70,0x65,0x3a,0x20,0x74,0x65,
0x78,0x74,0x2f,0x68,0x74,0x6d,0x6c,0x0d,0x0a,0x0d,0x0a,
/* raw file data (38062 bytes) */
0x3c,0x21,0x64,0x6f,0x63,0x74,0x79,0x70,0x65,0x20,0x68,0x74,0x6d,0x6c,0x3e,0x0a,
0x3c,0x68,0x74,0x6d,0x6c,0x20,0x6c,0x61,0x6e,0x67,0x3d,0x27,0x65,0x6e,0x27,0x3e,
0x0a,0x3c,0x68,0x65,0x61,0x64,0x3e,0x0a,0x3c,0x6d,0x65,0x74,0x61,0x20,0x63,0x68,
0x61,0x72,0x73,0x65,0x74,0x3d,0x27,0x75,0x74,0x66,0x2d,0x38,0x27,0x3e,0x0a,0x3c,
0x6d,0x65,0x74,0x61,0x20,0x6e,0x61,0x6d,0x65,0x3d,0x27,0x76,0x69,0x65,0x77,0x70,
0x6f,0x72,0x74,0x27,0x20,0x63,0x6f,0x6e,0x74,0x65,0x6e,0x74,0x3d,0x27,0x77,0x69,
0x64,0x74,0x68,0x3d,0x64,0x65,0x76,0x69,0x63,0x65,0x2d,0x77,0x69,0x64,0x74,0x68,
0x2c,0x69,0x6e,0x69,0x74,0x69,0x61,0x6c,0x2d,0x73,0x63,0x61,0x6c,0x65,0x3d,0x31,
0x27,0x3e,0x0a,0x3c,0x74,0x69,0x74,0x6c,0x65,0x3e,0x58,0x52,0x31,0x37,0x31,0x30,
0x47,0x20,0x52,0x65,0x63,0x6f,0x76,0x65,0x72,0x79,0x20,0x4d,0x6f,0x64,0x65,0x3c,
0x2f,0x74,0x69,0x74,0x6c,0x65,0x3e,0x0a,0x3c,0x73,0x74,0x79,0x6c,0x65,0x3e,0x0a,
0x3a,0x72,0x6f,0x6f,0x74,0x7b,0x0a,0x20,0x20,0x63,0x6f,0x6c,0x6f,0x72,0x2d,0x73,
0x63,0x68,0x65,0x6d,0x65,0x3a,0x6c,0x69,0x67,0x68,0x74,0x3b,0x0a,0x20,0x20,0x2d,
0x2d,0x62,0x67,0x3a,0x23,0x66,0x32,0x66,0x34,0x66,0x38,0x3b,0x0a,0x20,0x20,0x2d,
0x2d,0x73,0x69,0x64,0x65,0x3a,0x23,0x66,0x66,0x66,0x66,0x66,0x66,0x3b,0x0a,0x20,
0x20,0x2d,0x2d,0x70,0x61,0x6e,0x65,0x6c,0x3a,0x23,0x66,0x66,0x66,0x66,0x66,0x66,
0x3b,0x0a,0x20,0x20,0x2d,0x2d,0x73,0x6f,0x66,0x74,0x3a,0x23,0x66,0x35,0x66,0x37,
0x66,0x62,0x3b,0x0a,0x20,0x20,0x2d,0x2d,0x6c,0x69,0x6e,0x65,0x3a,0x23,0x64,0x66,
0x65,0x34,0x65,0x63,0x3b,0x0a,0x20,0x20,0x2d,0x2d,0x6c,0x69,0x6e,0x65,0x2d,0x73,
0x74,0x72,0x6f,0x6e,0x67,0x3a,0x23,0x63,0x62,0x64,0x33,0x64,0x66,0x3b,0x0a,0x20,
0x20,0x2d,0x2d,0x69,0x6e,0x6b,0x3a,0x23,0x31,0x64,0x32,0x37,0x33,0x33,0x3b,0x0a,
0x20,0x20,0x2d,0x2d,0x6d,0x75,0x74,0x65,0x64,0x3a,0x23,0x36,0x62,0x37,0x37,0x38,
0x38,0x3b,0x0a,0x20,0x20,0x2d,0x2d,0x62,0x6c,0x75,0x65,0x3a,0x23,0x32,0x38,0x37,
0x38,0x65,0x33,0x3b,0x0a,0x20,0x20,0x2d,0x2d,0x62,0x6c,0x75,0x65,0x2d,0x64,0x61,
0x72,0x6b,0x3a,0x23,0x31,0x37,0x36,0x32,0x63,0x32,0x3b,0x0a,0x20,0x20,0x2d,0x2d,
0x62,0x6c,0x75,0x65,0x2d,0x73,0x6f,0x66,0x74,0x3a,0x23,0x65,0x61,0x66,0x32,0x66,
0x66,0x3b,0x0a,0x20,0x20,0x2d,0x2d,0x67,0x72,0x65,0x65,0x6e,0x3a,0x23,0x32,0x33,
0x38,0x31,0x35,0x62,0x3b,0x0a,0x20,0x20,0x2d,0x2d,0x67,0x72,0x65,0x65,0x6e,0x2d,
0x73,0x6f,0x66,0x74,0x3a,0x23,0x65,0x61,0x66,0x36,0x66,0x30,0x3b,0x0a,0x20,0x20,
0x2d,0x2d,0x72,0x65,0x64,0x3a,0x23,0x63,0x36,0x32,0x38,0x32,0x38,0x3b,0x0a,0x20,
0x20,0x2d,0x2d,0x72,0x65,0x64,0x2d,0x73,0x6f,0x66,0x74,0x3a,0x23,0x66,0x62,0x65,
0x63,0x65,0x61,0x3b,0x0a,0x20,0x20,0x2d,0x2d,0x69,0x6e,0x66,0x6f,0x3a,0x23,0x66,
0x38,0x66,0x39,0x66,0x62,0x3b,0x0a,0x20,0x20,0x2d,0x2d,0x69,0x6e,0x66,0x6f,0x2d,
0x6c,0x69,0x6e,0x65,0x3a,0x23,0x64,0x37,0x64,0x63,0x65,0x35,0x3b,0x0a,0x7d,0x0a,
0x2a,0x7b,0x62,0x6f,0x78,0x2d,0x73,0x69,0x7a,0x69,0x6e,0x67,0x3a,0x62,0x6f,0x72,
0x64,0x65,0x72,0x2d,0x62,0x6f,0x78,0x7d,0x0a,0x68,0x74,0x6d,0x6c,0x2c,0x62,0x6f,
0x64,0x79,0x7b,0x6d,0x69,0x6e,0x2d,0x68,0x65,0x69,0x67,0x68,0x74,0x3a,0x31,0x30,
0x30,0x25,0x3b,0x6d,0x61,0x72,0x67,0x69,0x6e,0x3a,0x30,0x7d,0x0a,0x62,0x6f,0x64,
0x79,0x7b,0x0a,0x20,0x20,0x63,0x6f,0x6c,0x6f,0x72,0x3a,0x76,0x61,0x72,0x28,0x2d,
0x2d,0x69,0x6e,0x6b,0x29,0x3b,0x0a,0x20,0x20,0x62,0x61,0x63,0x6b,0x67,0x72,0x6f,
0x75,0x6e,0x64,0x3a,0x76,0x61,0x72,0x28,0x2d,0x2d,0x62,0x67,0x29,0x3b,0x0a,0x20,
0x20,0x66,0x6f,0x6e,0x74,0x2d,0x66,0x61,0x6d,0x69,0x6c,0x79,0x3a,0x49,0x6e,0x74,
0x65,0x72,0x2c,0x75,0x69,0x2d,0x73,0x61,0x6e,0x73,0x2d,0x73,0x65,0x72,0x69,0x66,
0x2c,0x73,0x79,0x73,0x74,0x65,0x6d,0x2d,0x75,0x69,0x2c,0x2d,0x61,0x70,0x70,0x6c,
0x65,0x2d,0x73,0x79,0x73,0x74,0x65,0x6d,0x2c,0x42,0x6c,0x69,0x6e,0x6b,0x4d,0x61,
0x63,0x53,0x79,0x73,0x74,0x65,0x6d,0x46,0x6f,0x6e,0x74,0x2c,0x53,0x65,0x67,0x6f,
0x65,0x20,0x55,0x49,0x2c,0x4d,0x69,0x63,0x72,0x6f,0x73,0x6f,0x66,0x74,0x20,0x59,
0x61,0x48,0x65,0x69,0x2c,0x73,0x61,0x6e,0x73,0x2d,0x73,0x65,0x72,0x69,0x66,0x3b,
0x0a,0x20,0x20,0x66,0x6f,0x6e,0x74,0x2d,0x73,0x69,0x7a,0x65,0x3a,0x31,0x34,0x70,
0x78,0x3b,0x0a,0x7d,0x0a,0x62,0x75,0x74,0x74,0x6f,0x6e,0x2c,0x69,0x6e,0x70,0x75,
0x74,0x2c,0x73,0x65,0x6c,0x65,0x63,0x74,0x7b,0x66,0x6f,0x6e,0x74,0x3a,0x69,0x6e,
0x68,0x65,0x72,0x69,0x74,0x3b,0x6c,0x65,0x74,0x74,0x65,0x72,0x2d,0x73,0x70,0x61,
0x63,0x69,0x6e,0x67,0x3a,0x30,0x7d,0x0a,0x2e,0x61,0x70,0x70,0x7b,0x0a,0x20,0x20,
0x6d,0x69,0x6e,0x2d,0x68,0x65,0x69,0x67,0x68,0x74,0x3a,0x31,0x30,0x30,0x73,0x76,
0x68,0x3b,0x0a,0x20,0x20,0x64,0x69,0x73,0x70,0x6c,0x61,0x79,0x3a,0x67,0x72,0x69,
0x64,0x3b,0x0a,0x20,0x20,0x67,0x72,0x69,0x64,0x2d,0x74,0x65,0x6d,0x70,0x6c,0x61,
0x74,0x65,0x2d,0x63,0x6f,0x6c,0x75,0x6d,0x6e,0x73,0x3a,0x32,0x37,0x30,0x70,0x78,
0x20,0x6d,0x69,0x6e,0x6d,0x61,0x78,0x28,0x30,0x2c,0x31,0x66,0x72,0x29,0x3b,0x0a,
0x20,0x20,0x61,0x6c,0x69,0x67,0x6e,0x2d,0x69,0x74,0x65,0x6d,0x73,0x3a,0x73,0x74,
0x61,0x72,0x74,0x3b,0x0a,0x20,0x20,0x61,0x6e,0x69,0x6d,0x61,0x74,0x69,0x6f,0x6e,
0x3a,0x70,0x61,0x67,0x65,0x2d,0x69,0x6e,0x20,0x2e,0x32,0x38,0x73,0x20,0x65,0x61,
0x73,0x65,0x20,0x62,0x6f,0x74,0x68,0x3b,0x0a,0x7d,0x0a,0x2e,0x73,0x69,0x64,0x65,
0x62,0x61,0x72,0x7b,0x0a,0x20,0x20,0x70,0x6f,0x73,0x69,0x74,0x69,0x6f,0x6e,0x3a,
0x73,0x74,0x69,0x63,0x6b,0x79,0x3b,0x0a,0x20,0x20,0x74,0x6f,0x70,0x3a,0x30,0x3b,
0x0a,0x20,0x20,0x68,0x65,0x69,0x67,0x68,0x74,0x3a,0x31,0x30,0x30,0x73,0x76,0x68,
0x3b,0x0a,0x20,0x20,0x6d,0x69,0x6e,0x2d,0x68,0x65,0x69,0x67,0x68,0x74,0x3a,0x30,
0x3b,0x0a,0x20,0x20,0x64,0x69,0x73,0x70,0x6c,0x61,0x79,0x3a,0x66,0x6c,0x65,0x78,
0x3b,0x0a,0x20,0x20,0x66,0x6c,0x65,0x78,0x2d,0x64,0x69,0x72,0x65,0x63,0x74,0x69,
0x6f,0x6e,0x3a,0x63,0x6f,0x6c,0x75,0x6d,0x6e,0x3b,0x0a,0x20,0x20,0x70,0x61,0x64,
0x64,0x69,0x6e,0x67,0x3a,0x33,0x30,0x70,0x78,0x20,0x32,0x32,0x70,0x78,0x20,0x32,
0x34,0x70,0x78,0x3b,0x0a,0x20,0x20,0x62,0x6f,0x72,0x64,0x65,0x72,0x2d,0x72,0x69,
0x67,0x68,0x74,0x3a,0x31,0x70,0x78,0x20,0x73,0x6f,0x6c,0x69,0x64,0x20,0x76,0x61,
0x72,0x28,0x2d,0x2d,0x6c,0x69,0x6e,0x65,0x29,0x3b,0x0a,0x20,0x20,0x62,0x61,0x63,
0x6b,0x67,0x72,0x6f,0x75,0x6e,0x64,0x3a,0x76,0x61,0x72,0x28,0x2d,0x2d,0x73,0x69,
0x64,0x65,0x29,0x3b,0x0a,0x7d,0x0a,0x2e,0x62,0x72,0x61,0x6e,0x64,0x7b,0x0a,0x20,
0x20,0x70,0x61,0x64,0x64,0x69,0x6e,0x67,0x3a,0x34,0x70,0x78,0x20,0x38,0x70,0x78,
0x20,0x32,0x32,0x70,0x78,0x3b,0x0a,0x20,0x20,0x62,0x6f,0x72,0x64,0x65,0x72,0x2d,
0x62,0x6f,0x74,0x74,0x6f,0x6d,0x3a,0x31,0x70,0x78,0x20,0x73,0x6f,0x6c,0x69,0x64,
0x20,0x76,0x61,0x72,0x28,0x2d,0x2d,0x6c,0x69,0x6e,0x65,0x29,0x3b,0x0a,0x7d,0x0a,
0x2e,0x62,0x72,0x61,0x6e,0x64,0x20,0x73,0x74,0x72,0x6f,0x6e,0x67,0x7b,0x64,0x69,
0x73,0x70,0x6c,0x61,0x79,0x3a,0x62,0x6c,0x6f,0x63,0x6b,0x3b,0x66,0x6f,0x6e,0x74,
0x2d,0x73,0x69,0x7a,0x65,0x3a,0x31,0x37,0x70,0x78,0x3b,0x66,0x6f,0x6e,0x74,0x2d,
0x77,0x65,0x69,0x67,0x68,0x74,0x3a,0x37,0x38,0x30,0x7d,0x0a,0x2e,0x62,0x72,0x61,
0x6e,0x64,0x20,0x73,0x70,0x61,0x6e,0x7b,0x64,0x69,0x73,0x70,0x6c,0x61,0x79,0x3a,
0x62,0x6c,0x6f,0x63,0x6b,0x3b,0x6d,0x61,0x72,0x67,0x69,0x6e,0x2d,0x74,0x6f,0x70,
0x3a,0x36,0x70,0x78,0x3b,0x63,0x6f,0x6c,0x6f,0x72,0x3a,0x76,0x61,0x72,0x28,0x2d,
0x2d,0x6d,0x75,0x74,0x65,0x64,0x29,0x3b,0x66,0x6f,0x6e,0x74,0x2d,0x73,0x69,0x7a,
0x65,0x3a,0x31,0x32,0x70,0x78,0x7d,0x0a,0x2e,0x6e,0x61,0x76,0x7b,0x0a,0x20,0x20,
0x6d,0x61,0x72,0x67,0x69,0x6e,0x2d,0x74,0x6f,0x70,0x3a,0x32,0x32,0x70,0x78,0x3b,
0x0a,0x20,0x20,0x64,0x69,0x73,0x70,0x6c,0x61,0x79,0x3a,0x67,0x72,0x69,0x64,0x3b,
0x0a,0x20,0x20,0x67,0x61,0x70,0x3a,0x36,0x70,0x78,0x3b,0x0a,0x7d,0x0a,0x2e,0x6e,
0x61,0x76,0x2d,0x62,0x75,0x74,0x74,0x6f,0x6e,0x7b,0x0a,0x20,0x20,0x6d,0x69,0x6e,
0x2d,0x68,0x65,0x69,0x67,0x68,0x74,0x3a,0x34,0x34,0x70,0x78,0x3b,0x0a,0x20,0x20,
0x64,0x69,0x73,0x70,0x6c,0x61,0x79,0x3a,0x66,0x6c,0x65,0x78,0x3b,0x0a,0x20,0x20,
0x61,0x6c,0x69,0x67,0x6e,0x2d,0x69,0x74,0x65,0x6d,0x73,0x3a,0x63,0x65,0x6e,0x74,
0x65,0x72,0x3b,0x0a,0x20,0x20,0x67,0x61,0x70,0x3a,0x31,0x31,0x70,0x78,0x3b,0x0a,
0x20,0x20,0x70,0x61,0x64,0x64,0x69,0x6e,0x67,0x3a,0x30,0x20,0x31,0x32,0x70,0x78,
0x3b,0x0a,0x20,0x20,0x62,0x6f,0x72,0x64,0x65,0x72,0x3a,0x31,0x70,0x78,0x20,0x73,
0x6f,0x6c,0x69,0x64,0x20,0x74,0x72,0x61,0x6e,0x73,0x70,0x61,0x72,0x65,0x6e,0x74,
0x3b,0x0a,0x20,0x20,0x62,0x6f,0x72,0x64,0x65,0x72,0x2d,0x72,0x61,0x64,0x69,0x75,
0x73,0x3a,0x37,0x70,0x78,0x3b,0x0a,0x20,0x20,0x63,0x6f,0x6c,0x6f,0x72,0x3a,0x23,
0x33,0x35,0x34,0x31,0x35,0x30,0x3b,0x0a,0x20,0x20,0x62,0x61,0x63,0x6b,0x67,0x72,
0x6f,0x75,0x6e,0x64,0x3a,0x74,0x72,0x61,0x6e,0x73,0x70,0x61,0x72,0x65,0x6e,0x74,
0x3b,0x0a,0x20,0x20,0x63,0x75,0x72,0x73,0x6f,0x72,0x3a,0x70,0x6f,0x69,0x6e,0x74,
0x65,0x72,0x3b,0x0a,0x20,0x20,0x74,0x65,0x78,0x74,0x2d,0x61,0x6c,0x69,0x67,0x6e,
0x3a,0x6c,0x65,0x66,0x74,0x3b,0x0a,0x20,0x20,0x66,0x6f,0x6e,0x74,0x2d,0x77,0x65,
0x69,0x67,0x68,0x74,0x3a,0x36,0x35,0x30,0x3b,0x0a,0x20,0x20,0x74,0x72,0x61,0x6e,
0x73,0x69,0x74,0x69,0x6f,0x6e,0x3a,0x63,0x6f,0x6c,0x6f,0x72,0x20,0x2e,0x31,0x36,
0x73,0x20,0x65,0x61,0x73,0x65,0x2c,0x62,0x61,0x63,0x6b,0x67,0x72,0x6f,0x75,0x6e,
0x64,0x20,0x2e,0x31,0x36,0x73,0x20,0x65,0x61,0x73,0x65,0x2c,0x62,0x6f,0x72,0x64,
0x65,0x72,0x2d,0x63,0x6f,0x6c,0x6f,0x72,0x20,0x2e,0x31,0x36,0x73,0x20,0x65,0x61,
0x73,0x65,0x3b,0x0a,0x7d,0x0a,0x2e,0x6e,0x61,0x76,0x2d,0x62,0x75,0x74,0x74,0x6f,
0x6e,0x3a,0x68,0x6f,0x76,0x65,0x72,0x7b,0x63,0x6f,0x6c,0x6f,0x72,0x3a,0x76,0x61,
0x72,0x28,0x2d,0x2d,0x62,0x6c,0x75,0x65,0x29,0x3b,0x62,0x61,0x63,0x6b,0x67,0x72,
0x6f,0x75,0x6e,0x64,0x3a,0x23,0x66,0x36,0x66,0x39,0x66,0x65,0x7d,0x0a,0x2e,0x6e,
0x61,0x76,0x2d,0x62,0x75,0x74,0x74,0x6f,0x6e,0x2e,0x61,0x63,0x74,0x69,0x76,0x65,
0x7b,0x0a,0x20,0x20,0x63,0x6f,0x6c,0x6f,0x72,0x3a,0x76,0x61,0x72,0x28,0x2d,0x2d,
0x62,0x6c,0x75,0x65,0x2d,0x64,0x61,0x72,0x6b,0x29,0x3b,0x0a,0x20,0x20,0x62,0x6f,
0x72,0x64,0x65,0x72,0x2d,0x63,0x6f,0x6c,0x6f,0x72,0x3a,0x23,0x61,0x39,0x63,0x38,
0x66,0x34,0x3b,0x0a,0x20,0x20,0x62,0x61,0x63,0x6b,0x67,0x72,0x6f,0x75,0x6e,0x64,
0x3a,0x76,0x61,0x72,0x28,0x2d,0x2d,0x62,0x6c,0x75,0x65,0x2d,0x73,0x6f,0x66,0x74,
0x29,0x3b,0x0a,0x7d,0x0a,0x2e,0x6e,0x61,0x76,0x2d,0x62,0x75,0x74,0x74,0x6f,0x6e,
0x3a,0x64,0x69,0x73,0x61,0x62,0x6c,0x65,0x64,0x7b,0x63,0x75,0x72,0x73,0x6f,0x72,
0x3a,0x64,0x65,0x66,0x61,0x75,0x6c,0x74,0x3b,0x6f,0x70,0x61,0x63,0x69,0x74,0x79,
0x3a,0x2e,0x35,0x35,0x7d,0x0a,0x2e,0x6e,0x61,0x76,0x2d,0x64,0x6f,0x74,0x7b,0x0a,
0x20,0x20,0x77,0x69,0x64,0x74,0x68,0x3a,0x39,0x70,0x78,0x3b,0x0a,0x20,0x20,0x68,
0x65,0x69,0x67,0x68,0x74,0x3a,0x39,0x70,0x78,0x3b,0x0a,0x20,0x20,0x66,0x6c,0x65,
0x78,0x3a,0x30,0x20,0x30,0x20,0x39,0x70,0x78,0x3b,0x0a,0x20,0x20,0x62,0x6f,0x72,
0x64,0x65,0x72,0x2d,0x72,0x61,0x64,0x69,0x75,0x73,0x3a,0x35,0x30,0x25,0x3b,0x0a,
0x20,0x20,0x62,0x61,0x63,0x6b,0x67,0x72,0x6f,0x75,0x6e,0x64,0x3a,0x76,0x61,0x72,
0x28,0x2d,0x2d,0x62,0x6c,0x75,0x65,0x29,0x3b,0x0a,0x20,0x20,0x62,0x6f,0x78,0x2d,
0x73,0x68,0x61,0x64,0x6f,0x77,0x3a,0x30,0x20,0x30,0x20,0x30,0x20,0x34,0x70,0x78,
0x20,0x72,0x67,0x62,0x61,0x28,0x34,0x30,0x2c,0x31,0x32,0x30,0x2c,0x32,0x32,0x37,
0x2c,0x2e,0x31,0x30,0x29,0x3b,0x0a,0x7d,0x0a,0x2e,0x73,0x69,0x64,0x65,0x2d,0x61,
0x63,0x74,0x69,0x6f,0x6e,0x73,0x7b,0x0a,0x20,0x20,0x6d,0x61,0x72,0x67,0x69,0x6e,
0x2d,0x74,0x6f,0x70,0x3a,0x61,0x75,0x74,0x6f,0x3b,0x0a,0x20,0x20,0x70,0x61,0x64,
0x64,0x69,0x6e,0x67,0x3a,0x30,0x20,0x38,0x70,0x78,0x20,0x31,0x34,0x70,0x78,0x3b,
0x0a,0x7d,0x0a,0x2e,0x72,0x65,0x62,0x6f,0x6f,0x74,0x2d,0x62,0x75,0x74,0x74,0x6f,
0x6e,0x7b,0x0a,0x20,0x20,0x77,0x69,0x64,0x74,0x68,0x3a,0x31,0x30,0x30,0x25,0x3b,
0x0a,0x20,0x20,0x6d,0x69,0x6e,0x2d,0x68,0x65,0x69,0x67,0x68,0x74,0x3a,0x34,0x32,
0x70,0x78,0x3b,0x0a,0x20,0x20,0x70,0x61,0x64,0x64,0x69,0x6e,0x67,0x3a,0x30,0x20,
0x31,0x32,0x70,0x78,0x3b,0x0a,0x20,0x20,0x62,0x6f,0x72,0x64,0x65,0x72,0x3a,0x31,
0x70,0x78,0x20,0x73,0x6f,0x6c,0x69,0x64,0x20,0x23,0x64,0x66,0x61,0x61,0x61,0x34,
0x3b,0x0a,0x20,0x20,0x62,0x6f,0x72,0x64,0x65,0x72,0x2d,0x72,0x61,0x64,0x69,0x75,
0x73,0x3a,0x37,0x70,0x78,0x3b,0x0a,0x20,0x20,0x63,0x6f,0x6c,0x6f,0x72,0x3a,0x23,
0x38,0x62,0x33,0x62,0x33,0x33,0x3b,0x0a,0x20,0x20,0x62,0x61,0x63,0x6b,0x67,0x72,
0x6f,0x75,0x6e,0x64,0x3a,0x23,0x66,0x66,0x66,0x38,0x66,0x37,0x3b,0x0a,0x20,0x20,
0x63,0x75,0x72,0x73,0x6f,0x72,0x3a,0x70,0x6f,0x69,0x6e,0x74,0x65,0x72,0x3b,0x0a,
0x20,0x20,0x66,0x6f,0x6e,0x74,0x2d,0x77,0x65,0x69,0x67,0x68,0x74,0x3a,0x37,0x30,
0x30,0x3b,0x0a,0x20,0x20,0x74,0x72,0x61,0x6e,0x73,0x69,0x74,0x69,0x6f,0x6e,0x3a,
0x63,0x6f,0x6c,0x6f,0x72,0x20,0x2e,0x31,0x36,0x73,0x20,0x65,0x61,0x73,0x65,0x2c,
0x62,0x61,0x63,0x6b,0x67,0x72,0x6f,0x75,0x6e,0x64,0x20,0x2e,0x31,0x36,0x73,0x20,
0x65,0x61,0x73,0x65,0x2c,0x62,0x6f,0x72,0x64,0x65,0x72,0x2d,0x63,0x6f,0x6c,0x6f,
0x72,0x20,0x2e,0x31,0x36,0x73,0x20,0x65,0x61,0x73,0x65,0x3b,0x0a,0x7d,0x0a,0x2e,
0x72,0x65,0x62,0x6f,0x6f,0x74,0x2d,0x62,0x75,0x74,0x74,0x6f,0x6e,0x3a,0x68,0x6f,
0x76,0x65,0x72,0x3a,0x6e,0x6f,0x74,0x28,0x3a,0x64,0x69,0x73,0x61,0x62,0x6c,0x65,
0x64,0x29,0x7b,0x63,0x6f,0x6c,0x6f,0x72,0x3a,0x23,0x37,0x32,0x32,0x63,0x32,0x35,
0x3b,0x62,0x6f,0x72,0x64,0x65,0x72,0x2d,0x63,0x6f,0x6c,0x6f,0x72,0x3a,0x23,0x63,
0x66,0x38,0x65,0x38,0x37,0x3b,0x62,0x61,0x63,0x6b,0x67,0x72,0x6f,0x75,0x6e,0x64,
0x3a,0x76,0x61,0x72,0x28,0x2d,0x2d,0x72,0x65,0x64,0x2d,0x73,0x6f,0x66,0x74,0x29,
0x7d,0x0a,0x2e,0x72,0x65,0x62,0x6f,0x6f,0x74,0x2d,0x62,0x75,0x74,0x74,0x6f,0x6e,
0x3a,0x64,0x69,0x73,0x61,0x62,0x6c,0x65,0x64,0x7b,0x63,0x75,0x72,0x73,0x6f,0x72,
0x3a,0x64,0x65,0x66,0x61,0x75,0x6c,0x74,0x3b,0x6f,0x70,0x61,0x63,0x69,0x74,0x79,
0x3a,0x2e,0x35,0x7d,0x0a,0x2e,0x73,0x69,0x64,0x65,0x2d,0x6d,0x65,0x74,0x61,0x7b,
0x0a,0x20,0x20,0x70,0x61,0x64,0x64,0x69,0x6e,0x67,0x3a,0x31,0x34,0x70,0x78,0x20,
0x38,0x70,0x78,0x20,0x30,0x3b,0x0a,0x20,0x20,0x62,0x6f,0x72,0x64,0x65,0x72,0x2d,
0x74,0x6f,0x70,0x3a,0x31,0x70,0x78,0x20,0x73,0x6f,0x6c,0x69,0x64,0x20,0x76,0x61,
0x72,0x28,0x2d,0x2d,0x6c,0x69,0x6e,0x65,0x29,0x3b,0x0a,0x20,0x20,0x63,0x6f,0x6c,
0x6f,0x72,0x3a,0x76,0x61,0x72,0x28,0x2d,0x2d,0x6d,0x75,0x74,0x65,0x64,0x29,0x3b,
0x0a,0x20,0x20,0x66,0x6f,0x6e,0x74,0x2d,0x73,0x69,0x7a,0x65,0x3a,0x31,0x31,0x70,
0x78,0x3b,0x0a,0x20,0x20,0x6c,0x69,0x6e,0x65,0x2d,0x68,0x65,0x69,0x67,0x68,0x74,
0x3a,0x31,0x2e,0x36,0x3b,0x0a,0x7d,0x0a,0x2e,0x6c,0x61,0x6e,0x67,0x75,0x61,0x67,
0x65,0x2d,0x73,0x77,0x69,0x74,0x63,0x68,0x65,0x72,0x7b,0x0a,0x20,0x20,0x70,0x6f,
0x73,0x69,0x74,0x69,0x6f,0x6e,0x3a,0x61,0x62,0x73,0x6f,0x6c,0x75,0x74,0x65,0x3b,
0x0a,0x20,0x20,0x74,0x6f,0x70,0x3a,0x31,0x38,0x70,0x78,0x3b,0x0a,0x20,0x20,0x72,
0x69,0x67,0x68,0x74,0x3a,0x32,0x32,0x70,0x78,0x3b,0x0a,0x20,0x20,0x7a,0x2d,0x69,
0x6e,0x64,0x65,0x78,0x3a,0x32,0x3b,0x0a,0x7d,0x0a,0x2e,0x6c,0x61,0x6e,0x67,0x75,
0x61,0x67,0x65,0x2d,0x62,0x75,0x74,0x74,0x6f,0x6e,0x7b,0x0a,0x20,0x20,0x6d,0x69,
0x6e,0x2d,0x77,0x69,0x64,0x74,0x68,0x3a,0x37,0x32,0x70,0x78,0x3b,0x0a,0x20,0x20,
0x68,0x65,0x69,0x67,0x68,0x74,0x3a,0x33,0x32,0x70,0x78,0x3b,0x0a,0x20,0x20,0x70,
0x61,0x64,0x64,0x69,0x6e,0x67,0x3a,0x30,0x20,0x31,0x30,0x70,0x78,0x3b,0x0a,0x20,
0x20,0x62,0x6f,0x72,0x64,0x65,0x72,0x3a,0x31,0x70,0x78,0x20,0x73,0x6f,0x6c,0x69,
0x64,0x20,0x76,0x61,0x72,0x28,0x2d,0x2d,0x6c,0x69,0x6e,0x65,0x2d,0x73,0x74,0x72,
0x6f,0x6e,0x67,0x29,0x3b,0x0a,0x20,0x20,0x62,0x6f,0x72,0x64,0x65,0x72,0x2d,0x72,
0x61,0x64,0x69,0x75,0x73,0x3a,0x36,0x70,0x78,0x3b,0x0a,0x20,0x20,0x63,0x6f,0x6c,
0x6f,0x72,0x3a,0x76,0x61,0x72,0x28,0x2d,0x2d,0x69,0x6e,0x6b,0x29,0x3b,0x0a,0x20,
0x20,0x62,0x61,0x63,0x6b,0x67,0x72,0x6f,0x75,0x6e,0x64,0x3a,0x76,0x61,0x72,0x28,
0x2d,0x2d,0x73,0x69,0x64,0x65,0x29,0x3b,0x0a,0x20,0x20,0x63,0x75,0x72,0x73,0x6f,
0x72,0x3a,0x70,0x6f,0x69,0x6e,0x74,0x65,0x72,0x3b,0x0a,0x20,0x20,0x66,0x6f,0x6e,
0x74,0x2d,0x73,0x69,0x7a,0x65,0x3a,0x31,0x32,0x70,0x78,0x3b,0x0a,0x20,0x20,0x66,
0x6f,0x6e,0x74,0x2d,0x77,0x65,0x69,0x67,0x68,0x74,0x3a,0x37,0x30,0x30,0x3b,0x0a,
0x7d,0x0a,0x2e,0x6c,0x61,0x6e,0x67,0x75,0x61,0x67,0x65,0x2d,0x62,0x75,0x74,0x74,
0x6f,0x6e,0x3a,0x68,0x6f,0x76,0x65,0x72,0x7b,0x62,0x6f,0x72,0x64,0x65,0x72,0x2d,
0x63,0x6f,0x6c,0x6f,0x72,0x3a,0x76,0x61,0x72,0x28,0x2d,0x2d,0x62,0x6c,0x75,0x65,
0x29,0x3b,0x63,0x6f,0x6c,0x6f,0x72,0x3a,0x76,0x61,0x72,0x28,0x2d,0x2d,0x62,0x6c,
0x75,0x65,0x29,0x7d,0x0a,0x2e,0x73,0x69,0x64,0x65,0x2d,0x6d,0x65,0x74,0x61,0x20,
0x73,0x74,0x72,0x6f,0x6e,0x67,0x7b,0x64,0x69,0x73,0x70,0x6c,0x61,0x79,0x3a,0x62,
0x6c,0x6f,0x63,0x6b,0x3b,0x63,0x6f,0x6c,0x6f,0x72,0x3a,0x23,0x34,0x34,0x35,0x30,
0x35,0x65,0x3b,0x66,0x6f,0x6e,0x74,0x2d,0x77,0x65,0x69,0x67,0x68,0x74,0x3a,0x36,
0x38,0x30,0x7d,0x0a,0x2e,0x76,0x65,0x72,0x73,0x69,0x6f,0x6e,0x2d,0x6c,0x69,0x6e,
0x6b,0x7b,0x63,0x6f,0x6c,0x6f,0x72,0x3a,0x69,0x6e,0x68,0x65,0x72,0x69,0x74,0x3b,
0x74,0x65,0x78,0x74,0x2d,0x64,0x65,0x63,0x6f,0x72,0x61,0x74,0x69,0x6f,0x6e,0x3a,
0x6e,0x6f,0x6e,0x65,0x7d,0x0a,0x2e,0x76,0x65,0x72,0x73,0x69,0x6f,0x6e,0x2d,0x6c,
0x69,0x6e,0x6b,0x3a,0x68,0x6f,0x76,0x65,0x72,0x7b,0x74,0x65,0x78,0x74,0x2d,0x64,
0x65,0x63,0x6f,0x72,0x61,0x74,0x69,0x6f,0x6e,0x3a,0x75,0x6e,0x64,0x65,0x72,0x6c,
0x69,0x6e,0x65,0x7d,0x0a,0x2e,0x6d,0x61,0x69,0x6e,0x7b,0x0a,0x20,0x20,0x6d,0x69,
0x6e,0x2d,0x77,0x69,0x64,0x74,0x68,0x3a,0x30,0x3b,0x0a,0x20,0x20,0x64,0x69,0x73,
0x70,0x6c,0x61,0x79,0x3a,0x66,0x6c,0x65,0x78,0x3b,0x0a,0x20,0x20,0x61,0x6c,0x69,
0x67,0x6e,0x2d,0x69,0x74,0x65,0x6d,0x73,0x3a,0x66,0x6c,0x65,0x78,0x2d,0x73,0x74,
0x61,0x72,0x74,0x3b,0x0a,0x20,0x20,0x6a,0x75,0x73,0x74,0x69,0x66,0x79,0x2d,0x63,
0x6f,0x6e,0x74,0x65,0x6e,0x74,0x3a,0x63,0x65,0x6e,0x74,0x65,0x72,0x3b,0x0a,0x20,
0x20,0x70,0x61,0x64,0x64,0x69,0x6e,0x67,0x3a,0x33,0x30,0x70,0x78,0x20,0x32,0x38,
0x70,0x78,0x20,0x32,0x34,0x70,0x78,0x3b,0x0a,0x7d,0x0a,0x2e,0x77,0x6f,0x72,0x6b,
0x73,0x70,0x61,0x63,0x65,0x7b,0x77,0x69,0x64,0x74,0x68,0x3a,0x6d,0x69,0x6e,0x28,
0x37,0x36,0x30,0x70,0x78,0x2c,0x31,0x30,0x30,0x25,0x29,0x7d,0x0a,0x2e,0x70,0x61,
0x6e,0x65,0x6c,0x7b,0x0a,0x20,0x20,0x6f,0x76,0x65,0x72,0x66,0x6c,0x6f,0x77,0x3a,
0x68,0x69,0x64,0x64,0x65,0x6e,0x3b,0x0a,0x20,0x20,0x62,0x6f,0x72,0x64,0x65,0x72,
0x3a,0x31,0x70,0x78,0x20,0x73,0x6f,0x6c,0x69,0x64,0x20,0x76,0x61,0x72,0x28,0x2d,
0x2d,0x6c,0x69,0x6e,0x65,0x2d,0x73,0x74,0x72,0x6f,0x6e,0x67,0x29,0x3b,0x0a,0x20,
0x20,0x62,0x6f,0x72,0x64,0x65,0x72,0x2d,0x72,0x61,0x64,0x69,0x75,0x73,0x3a,0x38,
0x70,0x78,0x3b,0x0a,0x20,0x20,0x62,0x61,0x63,0x6b,0x67,0x72,0x6f,0x75,0x6e,0x64,
0x3a,0x76,0x61,0x72,0x28,0x2d,0x2d,0x70,0x61,0x6e,0x65,0x6c,0x29,0x3b,0x0a,0x20,
0x20,0x62,0x6f,0x78,0x2d,0x73,0x68,0x61,0x64,0x6f,0x77,0x3a,0x30,0x20,0x31,0x32,
0x70,0x78,0x20,0x33,0x34,0x70,0x78,0x20,0x72,0x67,0x62,0x61,0x28,0x34,0x35,0x2c,
0x36,0x34,0x2c,0x38,0x39,0x2c,0x2e,0x30,0x38,0x29,0x3b,0x0a,0x7d,0x0a,0x2e,0x70,
0x61,0x6e,0x65,0x6c,0x2d,0x69,0x6e,0x6e,0x65,0x72,0x7b,0x70,0x61,0x64,0x64,0x69,
0x6e,0x67,0x3a,0x32,0x38,0x70,0x78,0x20,0x33,0x34,0x70,0x78,0x20,0x32,0x36,0x70,
0x78,0x7d,0x0a,0x2e,0x68,0x65,0x61,0x64,0x69,0x6e,0x67,0x7b,0x0a,0x20,0x20,0x70,
0x61,0x64,0x64,0x69,0x6e,0x67,0x2d,0x62,0x6f,0x74,0x74,0x6f,0x6d,0x3a,0x32,0x30,
0x70,0x78,0x3b,0x0a,0x20,0x20,0x62,0x6f,0x72,0x64,0x65,0x72,0x2d,0x62,0x6f,0x74,
0x74,0x6f,0x6d,0x3a,0x31,0x70,0x78,0x20,0x73,0x6f,0x6c,0x69,0x64,0x20,0x76,0x61,
0x72,0x28,0x2d,0x2d,0x6c,0x69,0x6e,0x65,0x29,0x3b,0x0a,0x20,0x20,0x74,0x65,0x78,
0x74,0x2d,0x61,0x6c,0x69,0x67,0x6e,0x3a,0x63,0x65,0x6e,0x74,0x65,0x72,0x3b,0x0a,
0x7d,0x0a,0x2e,0x68,0x65,0x61,0x64,0x69,0x6e,0x67,0x20,0x68,0x31,0x7b,0x0a,0x20,
0x20,0x6d,0x61,0x72,0x67,0x69,0x6e,0x3a,0x30,0x3b,0x0a,0x20,0x20,0x63,0x6f,0x6c,
0x6f,0x72,0x3a,0x76,0x61,0x72,0x28,0x2d,0x2d,0x62,0x6c,0x75,0x65,0x29,0x3b,0x0a,
0x20,0x20,0x66,0x6f,0x6e,0x74,0x2d,0x73,0x69,0x7a,0x65,0x3a,0x33,0x30,0x70,0x78,
0x3b,0x0a,0x20,0x20,0x6c,0x69,0x6e,0x65,0x2d,0x68,0x65,0x69,0x67,0x68,0x74,0x3a,
0x31,0x2e,0x31,0x35,0x3b,0x0a,0x20,0x20,0x66,0x6f,0x6e,0x74,0x2d,0x77,0x65,0x69,
0x67,0x68,0x74,0x3a,0x37,0x38,0x30,0x3b,0x0a,0x7d,0x0a,0x2e,0x68,0x65,0x61,0x64,
0x69,0x6e,0x67,0x20,0x70,0x7b,0x0a,0x20,0x20,0x6d,0x61,0x78,0x2d,0x77,0x69,0x64,
0x74,0x68,0x3a,0x35,0x34,0x30,0x70,0x78,0x3b,0x0a,0x20,0x20,0x6d,0x61,0x72,0x67,
0x69,0x6e,0x3a,0x31,0x32,0x70,0x78,0x20,0x61,0x75,0x74,0x6f,0x20,0x30,0x3b,0x0a,
0x20,0x20,0x63,0x6f,0x6c,0x6f,0x72,0x3a,0x76,0x61,0x72,0x28,0x2d,0x2d,0x6d,0x75,
0x74,0x65,0x64,0x29,0x3b,0x0a,0x20,0x20,0x6c,0x69,0x6e,0x65,0x2d,0x68,0x65,0x69,
0x67,0x68,0x74,0x3a,0x31,0x2e,0x37,0x3b,0x0a,0x7d,0x0a,0x2e,0x74,0x61,0x72,0x67,
0x65,0x74,0x2d,0x69,0x6e,0x66,0x6f,0x7b,0x0a,0x20,0x20,0x77,0x69,0x64,0x74,0x68,
0x3a,0x6d,0x69,0x6e,0x28,0x34,0x32,0x30,0x70,0x78,0x2c,0x31,0x30,0x30,0x25,0x29,
0x3b,0x0a,0x20,0x20,0x6d,0x61,0x72,0x67,0x69,0x6e,0x3a,0x32,0x30,0x70,0x78,0x20,
0x61,0x75,0x74,0x6f,0x20,0x30,0x3b,0x0a,0x20,0x20,0x64,0x69,0x73,0x70,0x6c,0x61,
0x79,0x3a,0x67,0x72,0x69,0x64,0x3b,0x0a,0x20,0x20,0x67,0x72,0x69,0x64,0x2d,0x74,
0x65,0x6d,0x70,0x6c,0x61,0x74,0x65,0x2d,0x63,0x6f,0x6c,0x75,0x6d,0x6e,0x73,0x3a,
0x39,0x30,0x70,0x78,0x20,0x6d,0x69,0x6e,0x6d,0x61,0x78,0x28,0x30,0x2c,0x31,0x66,
0x72,0x29,0x3b,0x0a,0x20,0x20,0x67,0x61,0x70,0x3a,0x30,0x3b,0x0a,0x20,0x20,0x6f,
0x76,0x65,0x72,0x66,0x6c,0x6f,0x77,0x3a,0x68,0x69,0x64,0x64,0x65,0x6e,0x3b,0x0a,
0x20,0x20,0x62,0x6f,0x72,0x64,0x65,0x72,0x3a,0x31,0x70,0x78,0x20,0x73,0x6f,0x6c,
0x69,0x64,0x20,0x76,0x61,0x72,0x28,0x2d,0x2d,0x6c,0x69,0x6e,0x65,0x29,0x3b,0x0a,
0x20,0x20,0x62,0x6f,0x72,0x64,0x65,0x72,0x2d,0x72,0x61,0x64,0x69,0x75,0x73,0x3a,
0x37,0x70,0x78,0x3b,0x0a,0x20,0x20,0x62,0x61,0x63,0x6b,0x67,0x72,0x6f,0x75,0x6e,
0x64,0x3a,0x76,0x61,0x72,0x28,0x2d,0x2d,0x73,0x6f,0x66,0x74,0x29,0x3b,0x0a,0x7d,
0x0a,0x2e,0x74,0x61,0x72,0x67,0x65,0x74,0x2d,0x69,0x6e,0x66,0x6f,0x20,0x73,0x70,
0x61,0x6e,0x7b,0x0a,0x20,0x20,0x6d,0x69,0x6e,0x2d,0x68,0x65,0x69,0x67,0x68,0x74,
0x3a,0x33,0x38,0x70,0x78,0x3b,0x0a,0x20,0x20,0x64,0x69,0x73,0x70,0x6c,0x61,0x79,
0x3a,0x66,0x6c,0x65,0x78,0x3b,0x0a,0x20,0x20,0x61,0x6c,0x69,0x67,0x6e,0x2d,0x69,
0x74,0x65,0x6d,0x73,0x3a,0x63,0x65,0x6e,0x74,0x65,0x72,0x3b,0x0a,0x20,0x20,0x70,
0x61,0x64,0x64,0x69,0x6e,0x67,0x3a,0x38,0x70,0x78,0x20,0x31,0x32,0x70,0x78,0x3b,
0x0a,0x20,0x20,0x62,0x6f,0x72,0x64,0x65,0x72,0x2d,0x74,0x6f,0x70,0x3a,0x31,0x70,
0x78,0x20,0x73,0x6f,0x6c,0x69,0x64,0x20,0x76,0x61,0x72,0x28,0x2d,0x2d,0x6c,0x69,
0x6e,0x65,0x29,0x3b,0x0a,0x20,0x20,0x6f,0x76,0x65,0x72,0x66,0x6c,0x6f,0x77,0x2d,
0x77,0x72,0x61,0x70,0x3a,0x61,0x6e,0x79,0x77,0x68,0x65,0x72,0x65,0x3b,0x0a,0x7d,
0x0a,0x2e,0x74,0x61,0x72,0x67,0x65,0x74,0x2d,0x69,0x6e,0x66,0x6f,0x20,0x73,0x70,
0x61,0x6e,0x3a,0x6e,0x74,0x68,0x2d,0x63,0x68,0x69,0x6c,0x64,0x28,0x2d,0x6e,0x2b,
0x32,0x29,0x7b,0x62,0x6f,0x72,0x64,0x65,0x72,0x2d,0x74,0x6f,0x70,0x3a,0x30,0x7d,
0x0a,0x2e,0x74,0x61,0x72,0x67,0x65,0x74,0x2d,0x6c,0x61,0x62,0x65,0x6c,0x7b,0x63,
0x6f,0x6c,0x6f,0x72,0x3a,0x76,0x61,0x72,0x28,0x2d,0x2d,0x6d,0x75,0x74,0x65,0x64,
0x29,0x3b,0x66,0x6f,0x6e,0x74,0x2d,0x73,0x69,0x7a,0x65,0x3a,0x31,0x32,0x70,0x78,
0x3b,0x66,0x6f,0x6e,0x74,0x2d,0x77,0x65,0x69,0x67,0x68,0x74,0x3a,0x37,0x32,0x30,
0x7d,0x0a,0x2e,0x74,0x61,0x72,0x67,0x65,0x74,0x2d,0x76,0x61,0x6c,0x75,0x65,0x7b,
0x63,0x6f,0x6c,0x6f,0x72,0x3a,0x23,0x33,0x34,0x34,0x31,0x35,0x31,0x3b,0x66,0x6f,
0x6e,0x74,0x2d,0x73,0x69,0x7a,0x65,0x3a,0x31,0x33,0x70,0x78,0x3b,0x66,0x6f,0x6e,
0x74,0x2d,0x77,0x65,0x69,0x67,0x68,0x74,0x3a,0x36,0x35,0x30,0x7d,0x0a,0x2e,0x6c,
0x61,0x79,0x6f,0x75,0x74,0x2d,0x62,0x6c,0x6f,0x63,0x6b,0x7b,0x77,0x69,0x64,0x74,
0x68,0x3a,0x6d,0x69,0x6e,0x28,0x34,0x32,0x30,0x70,0x78,0x2c,0x31,0x30,0x30,0x25,
0x29,0x3b,0x6d,0x61,0x72,0x67,0x69,0x6e,0x3a,0x31,0x36,0x70,0x78,0x20,0x61,0x75,
0x74,0x6f,0x20,0x30,0x7d,0x0a,0x2e,0x6c,0x61,0x79,0x6f,0x75,0x74,0x2d,0x6c,0x61,
0x62,0x65,0x6c,0x7b,0x64,0x69,0x73,0x70,0x6c,0x61,0x79,0x3a,0x62,0x6c,0x6f,0x63,
0x6b,0x3b,0x6d,0x61,0x72,0x67,0x69,0x6e,0x2d,0x62,0x6f,0x74,0x74,0x6f,0x6d,0x3a,
0x38,0x70,0x78,0x3b,0x63,0x6f,0x6c,0x6f,0x72,0x3a,0x23,0x34,0x36,0x35,0x33,0x36,
0x33,0x3b,0x66,0x6f,0x6e,0x74,0x2d,0x73,0x69,0x7a,0x65,0x3a,0x31,0x33,0x70,0x78,
0x3b,0x66,0x6f,0x6e,0x74,0x2d,0x77,0x65,0x69,0x67,0x68,0x74,0x3a,0x37,0x30,0x30,
0x7d,0x0a,0x2e,0x6c,0x61,0x79,0x6f,0x75,0x74,0x2d,0x73,0x65,0x6c,0x65,0x63,0x74,
0x7b,0x0a,0x20,0x20,0x77,0x69,0x64,0x74,0x68,0x3a,0x31,0x30,0x30,0x25,0x3b,0x0a,
0x20,0x20,0x6d,0x69,0x6e,0x2d,0x68,0x65,0x69,0x67,0x68,0x74,0x3a,0x34,0x34,0x70,
0x78,0x3b,0x0a,0x20,0x20,0x70,0x61,0x64,0x64,0x69,0x6e,0x67,0x3a,0x30,0x20,0x33,
0x38,0x70,0x78,0x20,0x30,0x20,0x31,0x32,0x70,0x78,0x3b,0x0a,0x20,0x20,0x62,0x6f,
0x72,0x64,0x65,0x72,0x3a,0x31,0x70,0x78,0x20,0x73,0x6f,0x6c,0x69,0x64,0x20,0x76,
0x61,0x72,0x28,0x2d,0x2d,0x6c,0x69,0x6e,0x65,0x2d,0x73,0x74,0x72,0x6f,0x6e,0x67,
0x29,0x3b,0x0a,0x20,0x20,0x62,0x6f,0x72,0x64,0x65,0x72,0x2d,0x72,0x61,0x64,0x69,
0x75,0x73,0x3a,0x37,0x70,0x78,0x3b,0x0a,0x20,0x20,0x63,0x6f,0x6c,0x6f,0x72,0x3a,
0x23,0x32,0x65,0x33,0x61,0x34,0x38,0x3b,0x0a,0x20,0x20,0x62,0x61,0x63,0x6b,0x67,
0x72,0x6f,0x75,0x6e,0x64,0x3a,0x23,0x66,0x66,0x66,0x66,0x66,0x66,0x3b,0x0a,0x7d,
0x0a,0x2e,0x6c,0x61,0x79,0x6f,0x75,0x74,0x2d,0x73,0x65,0x6c,0x65,0x63,0x74,0x3a,
0x66,0x6f,0x63,0x75,0x73,0x7b,0x6f,0x75,0x74,0x6c,0x69,0x6e,0x65,0x3a,0x32,0x70,
0x78,0x20,0x73,0x6f,0x6c,0x69,0x64,0x20,0x23,0x61,0x39,0x63,0x38,0x66,0x34,0x3b,
0x6f,0x75,0x74,0x6c,0x69,0x6e,0x65,0x2d,0x6f,0x66,0x66,0x73,0x65,0x74,0x3a,0x31,
0x70,0x78,0x7d,0x0a,0x2e,0x6c,0x61,0x79,0x6f,0x75,0x74,0x2d,0x73,0x65,0x6c,0x65,
0x63,0x74,0x3a,0x64,0x69,0x73,0x61,0x62,0x6c,0x65,0x64,0x7b,0x63,0x75,0x72,0x73,
0x6f,0x72,0x3a,0x64,0x65,0x66,0x61,0x75,0x6c,0x74,0x3b,0x6f,0x70,0x61,0x63,0x69,
0x74,0x79,0x3a,0x2e,0x35,0x35,0x3b,0x62,0x61,0x63,0x6b,0x67,0x72,0x6f,0x75,0x6e,
0x64,0x3a,0x76,0x61,0x72,0x28,0x2d,0x2d,0x73,0x6f,0x66,0x74,0x29,0x7d,0x0a,0x2e,
0x6c,0x61,0x79,0x6f,0x75,0x74,0x2d,0x68,0x65,0x6c,0x70,0x7b,0x6d,0x69,0x6e,0x2d,
0x68,0x65,0x69,0x67,0x68,0x74,0x3a,0x31,0x38,0x70,0x78,0x3b,0x6d,0x61,0x72,0x67,
0x69,0x6e,0x3a,0x37,0x70,0x78,0x20,0x30,0x20,0x30,0x3b,0x63,0x6f,0x6c,0x6f,0x72,
0x3a,0x76,0x61,0x72,0x28,0x2d,0x2d,0x6d,0x75,0x74,0x65,0x64,0x29,0x3b,0x66,0x6f,
0x6e,0x74,0x2d,0x73,0x69,0x7a,0x65,0x3a,0x31,0x32,0x70,0x78,0x3b,0x6c,0x69,0x6e,
0x65,0x2d,0x68,0x65,0x69,0x67,0x68,0x74,0x3a,0x31,0x2e,0x35,0x7d,0x0a,0x2e,0x6c,
0x61,0x79,0x6f,0x75,0x74,0x2d,0x68,0x65,0x6c,0x70,0x2e,0x77,0x61,0x72,0x6e,0x69,
0x6e,0x67,0x7b,0x63,0x6f,0x6c,0x6f,0x72,0x3a,0x76,0x61,0x72,0x28,0x2d,0x2d,0x72,
0x65,0x64,0x29,0x7d,0x0a,0x2e,0x66,0x69,0x6c,0x65,0x2d,0x62,0x6c,0x6f,0x63,0x6b,
0x7b,0x6d,0x61,0x72,0x67,0x69,0x6e,0x2d,0x74,0x6f,0x70,0x3a,0x32,0x32,0x70,0x78,
0x7d,0x0a,0x2e,0x66,0x69,0x6c,0x65,0x2d,0x6c,0x61,0x62,0x65,0x6c,0x7b,0x64,0x69,
0x73,0x70,0x6c,0x61,0x79,0x3a,0x62,0x6c,0x6f,0x63,0x6b,0x3b,0x6d,0x61,0x72,0x67,
0x69,0x6e,0x2d,0x62,0x6f,0x74,0x74,0x6f,0x6d,0x3a,0x39,0x70,0x78,0x3b,0x63,0x6f,
0x6c,0x6f,0x72,0x3a,0x23,0x34,0x36,0x35,0x33,0x36,0x33,0x3b,0x66,0x6f,0x6e,0x74,
0x2d,0x73,0x69,0x7a,0x65,0x3a,0x31,0x33,0x70,0x78,0x3b,0x66,0x6f,0x6e,0x74,0x2d,
0x77,0x65,0x69,0x67,0x68,0x74,0x3a,0x37,0x30,0x30,0x7d,0x0a,0x2e,0x66,0x69,0x6c,
0x65,0x2d,0x72,0x6f,0x77,0x7b,0x0a,0x20,0x20,0x6d,0x69,0x6e,0x2d,0x68,0x65,0x69,
0x67,0x68,0x74,0x3a,0x34,0x38,0x70,0x78,0x3b,0x0a,0x20,0x20,0x64,0x69,0x73,0x70,
0x6c,0x61,0x79,0x3a,0x67,0x72,0x69,0x64,0x3b,0x0a,0x20,0x20,0x67,0x72,0x69,0x64,
0x2d,0x74,0x65,0x6d,0x70,0x6c,0x61,0x74,0x65,0x2d,0x63,0x6f,0x6c,0x75,0x6d,0x6e,
0x73,0x3a,0x61,0x75,0x74,0x6f,0x20,0x6d,0x69,0x6e,0x6d,0x61,0x78,0x28,0x30,0x2c,
0x31,0x66,0x72,0x29,0x3b,0x0a,0x20,0x20,0x61,0x6c,0x69,0x67,0x6e,0x2d,0x69,0x74,
0x65,0x6d,0x73,0x3a,0x63,0x65,0x6e,0x74,0x65,0x72,0x3b,0x0a,0x20,0x20,0x6f,0x76,
0x65,0x72,0x66,0x6c,0x6f,0x77,0x3a,0x68,0x69,0x64,0x64,0x65,0x6e,0x3b,0x0a,0x20,
0x20,0x62,0x6f,0x72,0x64,0x65,0x72,0x3a,0x31,0x70,0x78,0x20,0x73,0x6f,0x6c,0x69,
0x64,0x20,0x76,0x61,0x72,0x28,0x2d,0x2d,0x6c,0x69,0x6e,0x65,0x2d,0x73,0x74,0x72,
0x6f,0x6e,0x67,0x29,0x3b,0x0a,0x20,0x20,0x62,0x6f,0x72,0x64,0x65,0x72,0x2d,0x72,
0x61,0x64,0x69,0x75,0x73,0x3a,0x37,0x70,0x78,0x3b,0x0a,0x20,0x20,0x62,0x61,0x63,
0x6b,0x67,0x72,0x6f,0x75,0x6e,0x64,0x3a,0x23,0x66,0x37,0x66,0x38,0x66,0x62,0x3b,
0x0a,0x7d,0x0a,0x23,0x66,0x69,0x6c,0x65,0x2d,0x69,0x6e,0x70,0x75,0x74,0x7b,0x64,
0x69,0x73,0x70,0x6c,0x61,0x79,0x3a,0x6e,0x6f,0x6e,0x65,0x7d,0x0a,0x2e,0x63,0x68,
0x6f,0x6f,0x73,0x65,0x2d,0x62,0x75,0x74,0x74,0x6f,0x6e,0x7b,0x0a,0x20,0x20,0x61,
0x6c,0x69,0x67,0x6e,0x2d,0x73,0x65,0x6c,0x66,0x3a,0x73,0x74,0x72,0x65,0x74,0x63,
0x68,0x3b,0x0a,0x20,0x20,0x70,0x61,0x64,0x64,0x69,0x6e,0x67,0x3a,0x30,0x20,0x31,
0x38,0x70,0x78,0x3b,0x0a,0x20,0x20,0x62,0x6f,0x72,0x64,0x65,0x72,0x3a,0x30,0x3b,
0x0a,0x20,0x20,0x62,0x6f,0x72,0x64,0x65,0x72,0x2d,0x72,0x69,0x67,0x68,0x74,0x3a,
0x31,0x70,0x78,0x20,0x73,0x6f,0x6c,0x69,0x64,0x20,0x76,0x61,0x72,0x28,0x2d,0x2d,
0x6c,0x69,0x6e,0x65,0x2d,0x73,0x74,0x72,0x6f,0x6e,0x67,0x29,0x3b,0x0a,0x20,0x20,
0x63,0x6f,0x6c,0x6f,0x72,0x3a,0x23,0x33,0x32,0x34,0x30,0x35,0x32,0x3b,0x0a,0x20,
0x20,0x62,0x61,0x63,0x6b,0x67,0x72,0x6f,0x75,0x6e,0x64,0x3a,0x23,0x66,0x66,0x66,
0x66,0x66,0x66,0x3b,0x0a,0x20,0x20,0x63,0x75,0x72,0x73,0x6f,0x72,0x3a,0x70,0x6f,
0x69,0x6e,0x74,0x65,0x72,0x3b,0x0a,0x20,0x20,0x66,0x6f,0x6e,0x74,0x2d,0x77,0x65,
0x69,0x67,0x68,0x74,0x3a,0x36,0x38,0x30,0x3b,0x0a,0x7d,0x0a,0x2e,0x63,0x68,0x6f,
0x6f,0x73,0x65,0x2d,0x62,0x75,0x74,0x74,0x6f,0x6e,0x3a,0x68,0x6f,0x76,0x65,0x72,
0x7b,0x63,0x6f,0x6c,0x6f,0x72,0x3a,0x76,0x61,0x72,0x28,0x2d,0x2d,0x62,0x6c,0x75,
0x65,0x29,0x3b,0x62,0x61,0x63,0x6b,0x67,0x72,0x6f,0x75,0x6e,0x64,0x3a,0x23,0x66,
0x39,0x66,0x62,0x66,0x66,0x7d,0x0a,0x2e,0x63,0x68,0x6f,0x6f,0x73,0x65,0x2d,0x62,
0x75,0x74,0x74,0x6f,0x6e,0x3a,0x64,0x69,0x73,0x61,0x62,0x6c,0x65,0x64,0x7b,0x63,
0x75,0x72,0x73,0x6f,0x72,0x3a,0x64,0x65,0x66,0x61,0x75,0x6c,0x74,0x3b,0x6f,0x70,
0x61,0x63,0x69,0x74,0x79,0x3a,0x2e,0x35,0x35,0x7d,0x0a,0x2e,0x66,0x69,0x6c,0x65,
0x2d,0x6e,0x61,0x6d,0x65,0x7b,0x0a,0x20,0x20,0x6d,0x69,0x6e,0x2d,0x77,0x69,0x64,
0x74,0x68,0x3a,0x30,0x3b,0x0a,0x20,0x20,0x70,0x61,0x64,0x64,0x69,0x6e,0x67,0x3a,
0x30,0x20,0x31,0x34,0x70,0x78,0x3b,0x0a,0x20,0x20,0x6f,0x76,0x65,0x72,0x66,0x6c,
0x6f,0x77,0x3a,0x68,0x69,0x64,0x64,0x65,0x6e,0x3b,0x0a,0x20,0x20,0x63,0x6f,0x6c,
0x6f,0x72,0x3a,0x76,0x61,0x72,0x28,0x2d,0x2d,0x6d,0x75,0x74,0x65,0x64,0x29,0x3b,
0x0a,0x20,0x20,0x74,0x65,0x78,0x74,0x2d,0x6f,0x76,0x65,0x72,0x66,0x6c,0x6f,0x77,
0x3a,0x65,0x6c,0x6c,0x69,0x70,0x73,0x69,0x73,0x3b,0x0a,0x20,0x20,0x77,0x68,0x69,
0x74,0x65,0x2d,0x73,0x70,0x61,0x63,0x65,0x3a,0x6e,0x6f,0x77,0x72,0x61,0x70,0x3b,
0x0a,0x7d,0x0a,0x2e,0x66,0x69,0x6c,0x65,0x2d,0x6e,0x61,0x6d,0x65,0x2e,0x73,0x65,
0x6c,0x65,0x63,0x74,0x65,0x64,0x7b,0x63,0x6f,0x6c,0x6f,0x72,0x3a,0x23,0x32,0x65,
0x33,0x61,0x34,0x38,0x3b,0x66,0x6f,0x6e,0x74,0x2d,0x77,0x65,0x69,0x67,0x68,0x74,
0x3a,0x36,0x32,0x30,0x7d,0x0a,0x2e,0x66,0x69,0x6c,0x65,0x2d,0x68,0x65,0x6c,0x70,
0x7b,0x0a,0x20,0x20,0x6d,0x69,0x6e,0x2d,0x68,0x65,0x69,0x67,0x68,0x74,0x3a,0x32,
0x30,0x70,0x78,0x3b,0x0a,0x20,0x20,0x6d,0x61,0x72,0x67,0x69,0x6e,0x3a,0x38,0x70,
0x78,0x20,0x30,0x20,0x30,0x3b,0x0a,0x20,0x20,0x63,0x6f,0x6c,0x6f,0x72,0x3a,0x76,
0x61,0x72,0x28,0x2d,0x2d,0x6d,0x75,0x74,0x65,0x64,0x29,0x3b,0x0a,0x20,0x20,0x66,
0x6f,0x6e,0x74,0x2d,0x73,0x69,0x7a,0x65,0x3a,0x31,0x32,0x70,0x78,0x3b,0x0a,0x7d,
0x0a,0x2e,0x66,0x69,0x6c,0x65,0x2d,0x68,0x65,0x6c,0x70,0x2e,0x6f,0x6b,0x7b,0x63,
0x6f,0x6c,0x6f,0x72,0x3a,0x76,0x61,0x72,0x28,0x2d,0x2d,0x67,0x72,0x65,0x65,0x6e,
0x29,0x7d,0x0a,0x2e,0x66,0x69,0x6c,0x65,0x2d,0x68,0x65,0x6c,0x70,0x2e,0x65,0x72,
0x72,0x6f,0x72,0x7b,0x63,0x6f,0x6c,0x6f,0x72,0x3a,0x76,0x61,0x72,0x28,0x2d,0x2d,
0x72,0x65,0x64,0x29,0x7d,0x0a,0x2e,0x75,0x70,0x6c,0x6f,0x61,0x64,0x2d,0x77,0x72,
0x61,0x70,0x7b,0x64,0x69,0x73,0x70,0x6c,0x61,0x79,0x3a,0x66,0x6c,0x65,0x78,0x3b,
0x6a,0x75,0x73,0x74,0x69,0x66,0x79,0x2d,0x63,0x6f,0x6e,0x74,0x65,0x6e,0x74,0x3a,
0x63,0x65,0x6e,0x74,0x65,0x72,0x3b,0x6d,0x61,0x72,0x67,0x69,0x6e,0x2d,0x74,0x6f,
0x70,0x3a,0x32,0x30,0x70,0x78,0x7d,0x0a,0x2e,0x75,0x70,0x6c,0x6f,0x61,0x64,0x2d,
0x62,0x75,0x74,0x74,0x6f,0x6e,0x7b,0x0a,0x20,0x20,0x6d,0x69,0x6e,0x2d,0x77,0x69,
0x64,0x74,0x68,0x3a,0x31,0x36,0x30,0x70,0x78,0x3b,0x0a,0x20,0x20,0x6d,0x69,0x6e,
0x2d,0x68,0x65,0x69,0x67,0x68,0x74,0x3a,0x34,0x36,0x70,0x78,0x3b,0x0a,0x20,0x20,
0x70,0x61,0x64,0x64,0x69,0x6e,0x67,0x3a,0x30,0x20,0x32,0x32,0x70,0x78,0x3b,0x0a,
0x20,0x20,0x62,0x6f,0x72,0x64,0x65,0x72,0x3a,0x31,0x70,0x78,0x20,0x73,0x6f,0x6c,
0x69,0x64,0x20,0x76,0x61,0x72,0x28,0x2d,0x2d,0x62,0x6c,0x75,0x65,0x2d,0x64,0x61,
0x72,0x6b,0x29,0x3b,0x0a,0x20,0x20,0x62,0x6f,0x72,0x64,0x65,0x72,0x2d,0x72,0x61,
0x64,0x69,0x75,0x73,0x3a,0x37,0x70,0x78,0x3b,0x0a,0x20,0x20,0x63,0x6f,0x6c,0x6f,
0x72,0x3a,0x23,0x66,0x66,0x66,0x66,0x66,0x66,0x3b,0x0a,0x20,0x20,0x62,0x61,0x63,
0x6b,0x67,0x72,0x6f,0x75,0x6e,0x64,0x3a,0x76,0x61,0x72,0x28,0x2d,0x2d,0x62,0x6c,
0x75,0x65,0x29,0x3b,0x0a,0x20,0x20,0x63,0x75,0x72,0x73,0x6f,0x72,0x3a,0x70,0x6f,
0x69,0x6e,0x74,0x65,0x72,0x3b,0x0a,0x20,0x20,0x66,0x6f,0x6e,0x74,0x2d,0x73,0x69,
0x7a,0x65,0x3a,0x31,0x36,0x70,0x78,0x3b,0x0a,0x20,0x20,0x66,0x6f,0x6e,0x74,0x2d,
0x77,0x65,0x69,0x67,0x68,0x74,0x3a,0x37,0x36,0x30,0x3b,0x0a,0x20,0x20,0x62,0x6f,
0x78,0x2d,0x73,0x68,0x61,0x64,0x6f,0x77,0x3a,0x30,0x20,0x37,0x70,0x78,0x20,0x31,
0x38,0x70,0x78,0x20,0x72,0x67,0x62,0x61,0x28,0x34,0x30,0x2c,0x31,0x32,0x30,0x2c,
0x32,0x32,0x37,0x2c,0x2e,0x32,0x30,0x29,0x3b,0x0a,0x20,0x20,0x74,0x72,0x61,0x6e,
0x73,0x69,0x74,0x69,0x6f,0x6e,0x3a,0x62,0x61,0x63,0x6b,0x67,0x72,0x6f,0x75,0x6e,
0x64,0x20,0x2e,0x31,0x36,0x73,0x20,0x65,0x61,0x73,0x65,0x2c,0x74,0x72,0x61,0x6e,
0x73,0x66,0x6f,0x72,0x6d,0x20,0x2e,0x31,0x36,0x73,0x20,0x65,0x61,0x73,0x65,0x2c,
0x62,0x6f,0x78,0x2d,0x73,0x68,0x61,0x64,0x6f,0x77,0x20,0x2e,0x31,0x36,0x73,0x20,
0x65,0x61,0x73,0x65,0x2c,0x6f,0x70,0x61,0x63,0x69,0x74,0x79,0x20,0x2e,0x31,0x36,
0x73,0x20,0x65,0x61,0x73,0x65,0x3b,0x0a,0x7d,0x0a,0x2e,0x75,0x70,0x6c,0x6f,0x61,
0x64,0x2d,0x62,0x75,0x74,0x74,0x6f,0x6e,0x3a,0x68,0x6f,0x76,0x65,0x72,0x3a,0x6e,
0x6f,0x74,0x28,0x3a,0x64,0x69,0x73,0x61,0x62,0x6c,0x65,0x64,0x29,0x7b,0x62,0x61,
0x63,0x6b,0x67,0x72,0x6f,0x75,0x6e,0x64,0x3a,0x76,0x61,0x72,0x28,0x2d,0x2d,0x62,
0x6c,0x75,0x65,0x2d,0x64,0x61,0x72,0x6b,0x29,0x3b,0x74,0x72,0x61,0x6e,0x73,0x66,
0x6f,0x72,0x6d,0x3a,0x74,0x72,0x61,0x6e,0x73,0x6c,0x61,0x74,0x65,0x59,0x28,0x2d,
0x31,0x70,0x78,0x29,0x3b,0x62,0x6f,0x78,0x2d,0x73,0x68,0x61,0x64,0x6f,0x77,0x3a,
0x30,0x20,0x39,0x70,0x78,0x20,0x32,0x32,0x70,0x78,0x20,0x72,0x67,0x62,0x61,0x28,
0x34,0x30,0x2c,0x31,0x32,0x30,0x2c,0x32,0x32,0x37,0x2c,0x2e,0x32,0x34,0x29,0x7d,
0x0a,0x2e,0x75,0x70,0x6c,0x6f,0x61,0x64,0x2d,0x62,0x75,0x74,0x74,0x6f,0x6e,0x3a,
0x64,0x69,0x73,0x61,0x62,0x6c,0x65,0x64,0x7b,0x63,0x75,0x72,0x73,0x6f,0x72,0x3a,
0x64,0x65,0x66,0x61,0x75,0x6c,0x74,0x3b,0x6f,0x70,0x61,0x63,0x69,0x74,0x79,0x3a,
0x2e,0x34,0x32,0x3b,0x62,0x6f,0x78,0x2d,0x73,0x68,0x61,0x64,0x6f,0x77,0x3a,0x6e,
0x6f,0x6e,0x65,0x7d,0x0a,0x2e,0x70,0x72,0x6f,0x67,0x72,0x65,0x73,0x73,0x2d,0x73,
0x65,0x63,0x74,0x69,0x6f,0x6e,0x7b,0x0a,0x20,0x20,0x6d,0x61,0x72,0x67,0x69,0x6e,
0x2d,0x74,0x6f,0x70,0x3a,0x32,0x34,0x70,0x78,0x3b,0x0a,0x20,0x20,0x70,0x61,0x64,
0x64,0x69,0x6e,0x67,0x2d,0x74,0x6f,0x70,0x3a,0x32,0x30,0x70,0x78,0x3b,0x0a,0x20,
0x20,0x62,0x6f,0x72,0x64,0x65,0x72,0x2d,0x74,0x6f,0x70,0x3a,0x31,0x70,0x78,0x20,
0x73,0x6f,0x6c,0x69,0x64,0x20,0x76,0x61,0x72,0x28,0x2d,0x2d,0x6c,0x69,0x6e,0x65,
0x29,0x3b,0x0a,0x7d,0x0a,0x2e,0x70,0x72,0x6f,0x67,0x72,0x65,0x73,0x73,0x2d,0x68,
0x65,0x61,0x64,0x7b,0x0a,0x20,0x20,0x64,0x69,0x73,0x70,0x6c,0x61,0x79,0x3a,0x66,
0x6c,0x65,0x78,0x3b,0x0a,0x20,0x20,0x61,0x6c,0x69,0x67,0x6e,0x2d,0x69,0x74,0x65,
0x6d,0x73,0x3a,0x63,0x65,0x6e,0x74,0x65,0x72,0x3b,0x0a,0x20,0x20,0x6a,0x75,0x73,
0x74,0x69,0x66,0x79,0x2d,0x63,0x6f,0x6e,0x74,0x65,0x6e,0x74,0x3a,0x73,0x70,0x61,
0x63,0x65,0x2d,0x62,0x65,0x74,0x77,0x65,0x65,0x6e,0x3b,0x0a,0x20,0x20,0x67,0x61,
0x70,0x3a,0x31,0x36,0x70,0x78,0x3b,0x0a,0x20,0x20,0x6d,0x61,0x72,0x67,0x69,0x6e,
0x2d,0x62,0x6f,0x74,0x74,0x6f,0x6d,0x3a,0x38,0x70,0x78,0x3b,0x0a,0x7d,0x0a,0x2e,
0x70,0x72,0x6f,0x67,0x72,0x65,0x73,0x73,0x2d,0x68,0x65,0x61,0x64,0x20,0x73,0x74,
0x72,0x6f,0x6e,0x67,0x7b,0x66,0x6f,0x6e,0x74,0x2d,0x73,0x69,0x7a,0x65,0x3a,0x31,
0x34,0x70,0x78,0x7d,0x0a,0x2e,0x73,0x74,0x61,0x74,0x65,0x7b,0x0a,0x20,0x20,0x70,
0x61,0x64,0x64,0x69,0x6e,0x67,0x3a,0x35,0x70,0x78,0x20,0x39,0x70,0x78,0x3b,0x0a,
0x20,0x20,0x62,0x6f,0x72,0x64,0x65,0x72,0x2d,0x72,0x61,0x64,0x69,0x75,0x73,0x3a,
0x35,0x70,0x78,0x3b,0x0a,0x20,0x20,0x63,0x6f,0x6c,0x6f,0x72,0x3a,0x23,0x36,0x61,
0x37,0x36,0x38,0x34,0x3b,0x0a,0x20,0x20,0x62,0x61,0x63,0x6b,0x67,0x72,0x6f,0x75,
0x6e,0x64,0x3a,0x23,0x65,0x65,0x66,0x31,0x66,0x34,0x3b,0x0a,0x20,0x20,0x66,0x6f,
0x6e,0x74,0x2d,0x73,0x69,0x7a,0x65,0x3a,0x31,0x31,0x70,0x78,0x3b,0x0a,0x20,0x20,
0x66,0x6f,0x6e,0x74,0x2d,0x77,0x65,0x69,0x67,0x68,0x74,0x3a,0x37,0x34,0x30,0x3b,
0x0a,0x7d,0x0a,0x2e,0x73,0x74,0x61,0x74,0x65,0x5b,0x64,0x61,0x74,0x61,0x2d,0x74,
0x6f,0x6e,0x65,0x3d,0x27,0x77,0x6f,0x72,0x6b,0x69,0x6e,0x67,0x27,0x5d,0x7b,0x63,
0x6f,0x6c,0x6f,0x72,0x3a,0x76,0x61,0x72,0x28,0x2d,0x2d,0x62,0x6c,0x75,0x65,0x2d,
0x64,0x61,0x72,0x6b,0x29,0x3b,0x62,0x61,0x63,0x6b,0x67,0x72,0x6f,0x75,0x6e,0x64,
0x3a,0x76,0x61,0x72,0x28,0x2d,0x2d,0x62,0x6c,0x75,0x65,0x2d,0x73,0x6f,0x66,0x74,
0x29,0x7d,0x0a,0x2e,0x73,0x74,0x61,0x74,0x65,0x5b,0x64,0x61,0x74,0x61,0x2d,0x74,
0x6f,0x6e,0x65,0x3d,0x27,0x73,0x75,0x63,0x63,0x65,0x73,0x73,0x27,0x5d,0x7b,0x63,
0x6f,0x6c,0x6f,0x72,0x3a,0x76,0x61,0x72,0x28,0x2d,0x2d,0x67,0x72,0x65,0x65,0x6e,
0x29,0x3b,0x62,0x61,0x63,0x6b,0x67,0x72,0x6f,0x75,0x6e,0x64,0x3a,0x76,0x61,0x72,
0x28,0x2d,0x2d,0x67,0x72,0x65,0x65,0x6e,0x2d,0x73,0x6f,0x66,0x74,0x29,0x7d,0x0a,
0x2e,0x73,0x74,0x61,0x74,0x65,0x5b,0x64,0x61,0x74,0x61,0x2d,0x74,0x6f,0x6e,0x65,
0x3d,0x27,0x65,0x72,0x72,0x6f,0x72,0x27,0x5d,0x7b,0x63,0x6f,0x6c,0x6f,0x72,0x3a,
0x76,0x61,0x72,0x28,0x2d,0x2d,0x72,0x65,0x64,0x29,0x3b,0x62,0x61,0x63,0x6b,0x67,
0x72,0x6f,0x75,0x6e,0x64,0x3a,0x76,0x61,0x72,0x28,0x2d,0x2d,0x72,0x65,0x64,0x2d,
0x73,0x6f,0x66,0x74,0x29,0x7d,0x0a,0x2e,0x73,0x74,0x61,0x74,0x75,0x73,0x2d,0x6d,
0x65,0x73,0x73,0x61,0x67,0x65,0x7b,0x6d,0x69,0x6e,0x2d,0x68,0x65,0x69,0x67,0x68,
0x74,0x3a,0x32,0x30,0x70,0x78,0x3b,0x6d,0x61,0x72,0x67,0x69,0x6e,0x3a,0x30,0x20,
0x30,0x20,0x31,0x30,0x70,0x78,0x3b,0x63,0x6f,0x6c,0x6f,0x72,0x3a,0x76,0x61,0x72,
0x28,0x2d,0x2d,0x6d,0x75,0x74,0x65,0x64,0x29,0x3b,0x66,0x6f,0x6e,0x74,0x2d,0x73,
0x69,0x7a,0x65,0x3a,0x31,0x32,0x70,0x78,0x7d,0x0a,0x2e,0x70,0x72,0x6f,0x67,0x72,
0x65,0x73,0x73,0x2d,0x72,0x6f,0x77,0x7b,0x0a,0x20,0x20,0x6d,0x69,0x6e,0x2d,0x68,
0x65,0x69,0x67,0x68,0x74,0x3a,0x34,0x38,0x70,0x78,0x3b,0x0a,0x20,0x20,0x64,0x69,
0x73,0x70,0x6c,0x61,0x79,0x3a,0x67,0x72,0x69,0x64,0x3b,0x0a,0x20,0x20,0x67,0x72,
0x69,0x64,0x2d,0x74,0x65,0x6d,0x70,0x6c,0x61,0x74,0x65,0x2d,0x63,0x6f,0x6c,0x75,
0x6d,0x6e,0x73,0x3a,0x35,0x38,0x70,0x78,0x20,0x6d,0x69,0x6e,0x6d,0x61,0x78,0x28,
0x30,0x2c,0x31,0x66,0x72,0x29,0x20,0x34,0x34,0x70,0x78,0x3b,0x0a,0x20,0x20,0x61,
0x6c,0x69,0x67,0x6e,0x2d,0x69,0x74,0x65,0x6d,0x73,0x3a,0x63,0x65,0x6e,0x74,0x65,
0x72,0x3b,0x0a,0x20,0x20,0x67,0x61,0x70,0x3a,0x31,0x32,0x70,0x78,0x3b,0x0a,0x20,
0x20,0x62,0x6f,0x72,0x64,0x65,0x72,0x2d,0x74,0x6f,0x70,0x3a,0x31,0x70,0x78,0x20,
0x73,0x6f,0x6c,0x69,0x64,0x20,0x76,0x61,0x72,0x28,0x2d,0x2d,0x6c,0x69,0x6e,0x65,
0x29,0x3b,0x0a,0x7d,0x0a,0x2e,0x70,0x72,0x6f,0x67,0x72,0x65,0x73,0x73,0x2d,0x6c,
0x61,0x62,0x65,0x6c,0x7b,0x63,0x6f,0x6c,0x6f,0x72,0x3a,0x23,0x34,0x33,0x35,0x30,
0x36,0x30,0x3b,0x66,0x6f,0x6e,0x74,0x2d,0x73,0x69,0x7a,0x65,0x3a,0x31,0x32,0x70,
0x78,0x3b,0x66,0x6f,0x6e,0x74,0x2d,0x77,0x65,0x69,0x67,0x68,0x74,0x3a,0x37,0x32,
0x30,0x7d,0x0a,0x2e,0x70,0x72,0x6f,0x67,0x72,0x65,0x73,0x73,0x2d,0x74,0x72,0x61,
0x63,0x6b,0x7b,0x68,0x65,0x69,0x67,0x68,0x74,0x3a,0x37,0x70,0x78,0x3b,0x6f,0x76,
0x65,0x72,0x66,0x6c,0x6f,0x77,0x3a,0x68,0x69,0x64,0x64,0x65,0x6e,0x3b,0x62,0x6f,
0x72,0x64,0x65,0x72,0x2d,0x72,0x61,0x64,0x69,0x75,0x73,0x3a,0x34,0x70,0x78,0x3b,
0x62,0x61,0x63,0x6b,0x67,0x72,0x6f,0x75,0x6e,0x64,0x3a,0x23,0x65,0x36,0x65,0x61,
0x66,0x30,0x7d,0x0a,0x2e,0x70,0x72,0x6f,0x67,0x72,0x65,0x73,0x73,0x2d,0x66,0x69,
0x6c,0x6c,0x7b,0x0a,0x20,0x20,0x77,0x69,0x64,0x74,0x68,0x3a,0x30,0x3b,0x0a,0x20,
0x20,0x68,0x65,0x69,0x67,0x68,0x74,0x3a,0x31,0x30,0x30,0x25,0x3b,0x0a,0x20,0x20,
0x62,0x6f,0x72,0x64,0x65,0x72,0x2d,0x72,0x61,0x64,0x69,0x75,0x73,0x3a,0x34,0x70,
0x78,0x3b,0x0a,0x20,0x20,0x62,0x61,0x63,0x6b,0x67,0x72,0x6f,0x75,0x6e,0x64,0x3a,
0x76,0x61,0x72,0x28,0x2d,0x2d,0x62,0x6c,0x75,0x65,0x29,0x3b,0x0a,0x20,0x20,0x74,
0x72,0x61,0x6e,0x73,0x69,0x74,0x69,0x6f,0x6e,0x3a,0x77,0x69,0x64,0x74,0x68,0x20,
0x2e,0x32,0x32,0x73,0x20,0x65,0x61,0x73,0x65,0x3b,0x0a,0x7d,0x0a,0x2e,0x70,0x72,
0x6f,0x67,0x72,0x65,0x73,0x73,0x2d,0x72,0x6f,0x77,0x2e,0x61,0x63,0x74,0x69,0x76,
0x65,0x20,0x2e,0x70,0x72,0x6f,0x67,0x72,0x65,0x73,0x73,0x2d,0x66,0x69,0x6c,0x6c,
0x7b,0x0a,0x20,0x20,0x62,0x61,0x63,0x6b,0x67,0x72,0x6f,0x75,0x6e,0x64,0x2d,0x69,
0x6d,0x61,0x67,0x65,0x3a,0x6c,0x69,0x6e,0x65,0x61,0x72,0x2d,0x67,0x72,0x61,0x64,
0x69,0x65,0x6e,0x74,0x28,0x39,0x30,0x64,0x65,0x67,0x2c,0x76,0x61,0x72,0x28,0x2d,
0x2d,0x62,0x6c,0x75,0x65,0x29,0x2c,0x23,0x37,0x38,0x61,0x65,0x66,0x31,0x2c,0x76,
0x61,0x72,0x28,0x2d,0x2d,0x62,0x6c,0x75,0x65,0x29,0x29,0x3b,0x0a,0x20,0x20,0x62,
0x61,0x63,0x6b,0x67,0x72,0x6f,0x75,0x6e,0x64,0x2d,0x73,0x69,0x7a,0x65,0x3a,0x31,
0x38,0x30,0x25,0x20,0x31,0x30,0x30,0x25,0x3b,0x0a,0x20,0x20,0x61,0x6e,0x69,0x6d,
0x61,0x74,0x69,0x6f,0x6e,0x3a,0x66,0x6c,0x6f,0x77,0x20,0x31,0x2e,0x33,0x73,0x20,
0x6c,0x69,0x6e,0x65,0x61,0x72,0x20,0x69,0x6e,0x66,0x69,0x6e,0x69,0x74,0x65,0x3b,
0x0a,0x7d,0x0a,0x2e,0x70,0x72,0x6f,0x67,0x72,0x65,0x73,0x73,0x2d,0x72,0x6f,0x77,
0x2e,0x63,0x6f,0x6d,0x70,0x6c,0x65,0x74,0x65,0x20,0x2e,0x70,0x72,0x6f,0x67,0x72,
0x65,0x73,0x73,0x2d,0x66,0x69,0x6c,0x6c,0x7b,0x62,0x61,0x63,0x6b,0x67,0x72,0x6f,
0x75,0x6e,0x64,0x3a,0x76,0x61,0x72,0x28,0x2d,0x2d,0x67,0x72,0x65,0x65,0x6e,0x29,
0x7d,0x0a,0x2e,0x70,0x72,0x6f,0x67,0x72,0x65,0x73,0x73,0x2d,0x70,0x65,0x72,0x63,
0x65,0x6e,0x74,0x7b,0x74,0x65,0x78,0x74,0x2d,0x61,0x6c,0x69,0x67,0x6e,0x3a,0x72,
0x69,0x67,0x68,0x74,0x3b,0x63,0x6f,0x6c,0x6f,0x72,0x3a,0x23,0x37,0x38,0x38,0x33,
0x39,0x31,0x3b,0x66,0x6f,0x6e,0x74,0x3a,0x31,0x31,0x70,0x78,0x20,0x75,0x69,0x2d,
0x6d,0x6f,0x6e,0x6f,0x73,0x70,0x61,0x63,0x65,0x2c,0x53,0x46,0x4d,0x6f,0x6e,0x6f,
0x2d,0x52,0x65,0x67,0x75,0x6c,0x61,0x72,0x2c,0x43,0x6f,0x6e,0x73,0x6f,0x6c,0x61,
0x73,0x2c,0x6d,0x6f,0x6e,0x6f,0x73,0x70,0x61,0x63,0x65,0x7d,0x0a,0x2e,0x6e,0x6f,
0x74,0x69,0x63,0x65,0x7b,0x0a,0x20,0x20,0x6d,0x61,0x72,0x67,0x69,0x6e,0x2d,0x74,
0x6f,0x70,0x3a,0x32,0x30,0x70,0x78,0x3b,0x0a,0x20,0x20,0x70,0x61,0x64,0x64,0x69,
0x6e,0x67,0x3a,0x31,0x36,0x70,0x78,0x20,0x31,0x38,0x70,0x78,0x3b,0x0a,0x20,0x20,
0x62,0x6f,0x72,0x64,0x65,0x72,0x3a,0x31,0x70,0x78,0x20,0x73,0x6f,0x6c,0x69,0x64,
0x20,0x76,0x61,0x72,0x28,0x2d,0x2d,0x69,0x6e,0x66,0x6f,0x2d,0x6c,0x69,0x6e,0x65,
0x29,0x3b,0x0a,0x20,0x20,0x62,0x6f,0x72,0x64,0x65,0x72,0x2d,0x72,0x61,0x64,0x69,
0x75,0x73,0x3a,0x37,0x70,0x78,0x3b,0x0a,0x20,0x20,0x62,0x61,0x63,0x6b,0x67,0x72,
0x6f,0x75,0x6e,0x64,0x3a,0x76,0x61,0x72,0x28,0x2d,0x2d,0x69,0x6e,0x66,0x6f,0x29,
0x3b,0x0a,0x7d,0x0a,0x2e,0x6e,0x6f,0x74,0x69,0x63,0x65,0x20,0x73,0x74,0x72,0x6f,
0x6e,0x67,0x7b,0x64,0x69,0x73,0x70,0x6c,0x61,0x79,0x3a,0x62,0x6c,0x6f,0x63,0x6b,
0x3b,0x6d,0x61,0x72,0x67,0x69,0x6e,0x2d,0x62,0x6f,0x74,0x74,0x6f,0x6d,0x3a,0x38,
0x70,0x78,0x3b,0x63,0x6f,0x6c,0x6f,0x72,0x3a,0x76,0x61,0x72,0x28,0x2d,0x2d,0x72,
0x65,0x64,0x29,0x3b,0x66,0x6f,0x6e,0x74,0x2d,0x73,0x69,0x7a,0x65,0x3a,0x31,0x34,
0x70,0x78,0x7d,0x0a,0x2e,0x6e,0x6f,0x74,0x69,0x63,0x65,0x20,0x75,0x6c,0x7b,0x6d,
0x61,0x72,0x67,0x69,0x6e,0x3a,0x30,0x3b,0x70,0x61,0x64,0x64,0x69,0x6e,0x67,0x2d,
0x6c,0x65,0x66,0x74,0x3a,0x31,0x38,0x70,0x78,0x3b,0x63,0x6f,0x6c,0x6f,0x72,0x3a,
0x23,0x34,0x66,0x35,0x62,0x36,0x62,0x3b,0x66,0x6f,0x6e,0x74,0x2d,0x73,0x69,0x7a,
0x65,0x3a,0x31,0x32,0x70,0x78,0x3b,0x6c,0x69,0x6e,0x65,0x2d,0x68,0x65,0x69,0x67,
0x68,0x74,0x3a,0x31,0x2e,0x38,0x7d,0x0a,0x2e,0x6e,0x6f,0x74,0x69,0x63,0x65,0x20,
0x6c,0x69,0x2e,0x63,0x72,0x69,0x74,0x69,0x63,0x61,0x6c,0x2d,0x77,0x61,0x72,0x6e,
0x69,0x6e,0x67,0x7b,0x0a,0x20,0x20,0x6d,0x61,0x72,0x67,0x69,0x6e,0x2d,0x62,0x6f,
0x74,0x74,0x6f,0x6d,0x3a,0x34,0x70,0x78,0x3b,0x0a,0x20,0x20,0x63,0x6f,0x6c,0x6f,
0x72,0x3a,0x76,0x61,0x72,0x28,0x2d,0x2d,0x72,0x65,0x64,0x29,0x3b,0x0a,0x20,0x20,
0x66,0x6f,0x6e,0x74,0x2d,0x73,0x69,0x7a,0x65,0x3a,0x31,0x34,0x70,0x78,0x3b,0x0a,
0x20,0x20,0x66,0x6f,0x6e,0x74,0x2d,0x77,0x65,0x69,0x67,0x68,0x74,0x3a,0x38,0x30,
0x30,0x3b,0x0a,0x20,0x20,0x6c,0x69,0x6e,0x65,0x2d,0x68,0x65,0x69,0x67,0x68,0x74,
0x3a,0x31,0x2e,0x35,0x35,0x3b,0x0a,0x7d,0x0a,0x2e,0x6e,0x6f,0x74,0x69,0x63,0x65,
0x20,0x6c,0x69,0x2e,0x63,0x72,0x69,0x74,0x69,0x63,0x61,0x6c,0x2d,0x77,0x61,0x72,
0x6e,0x69,0x6e,0x67,0x3a,0x3a,0x6d,0x61,0x72,0x6b,0x65,0x72,0x7b,0x63,0x6f,0x6c,
0x6f,0x72,0x3a,0x76,0x61,0x72,0x28,0x2d,0x2d,0x72,0x65,0x64,0x29,0x7d,0x0a,0x2e,
0x66,0x6f,0x6f,0x74,0x65,0x72,0x7b,0x0a,0x20,0x20,0x64,0x69,0x73,0x70,0x6c,0x61,
0x79,0x3a,0x6e,0x6f,0x6e,0x65,0x3b,0x0a,0x20,0x20,0x70,0x61,0x64,0x64,0x69,0x6e,
0x67,0x3a,0x31,0x38,0x70,0x78,0x20,0x38,0x70,0x78,0x20,0x30,0x3b,0x0a,0x20,0x20,
0x63,0x6f,0x6c,0x6f,0x72,0x3a,0x23,0x37,0x64,0x38,0x37,0x39,0x34,0x3b,0x0a,0x20,
0x20,0x74,0x65,0x78,0x74,0x2d,0x61,0x6c,0x69,0x67,0x6e,0x3a,0x63,0x65,0x6e,0x74,
0x65,0x72,0x3b,0x0a,0x20,0x20,0x66,0x6f,0x6e,0x74,0x2d,0x73,0x69,0x7a,0x65,0x3a,
0x31,0x31,0x70,0x78,0x3b,0x0a,0x7d,0x0a,0x40,0x6b,0x65,0x79,0x66,0x72,0x61,0x6d,
0x65,0x73,0x20,0x70,0x61,0x67,0x65,0x2d,0x69,0x6e,0x7b,0x66,0x72,0x6f,0x6d,0x7b,
0x6f,0x70,0x61,0x63,0x69,0x74,0x79,0x3a,0x30,0x3b,0x74,0x72,0x61,0x6e,0x73,0x66,
0x6f,0x72,0x6d,0x3a,0x74,0x72,0x61,0x6e,0x73,0x6c,0x61,0x74,0x65,0x59,0x28,0x38,
0x70,0x78,0x29,0x7d,0x74,0x6f,0x7b,0x6f,0x70,0x61,0x63,0x69,0x74,0x79,0x3a,0x31,
0x3b,0x74,0x72,0x61,0x6e,0x73,0x66,0x6f,0x72,0x6d,0x3a,0x6e,0x6f,0x6e,0x65,0x7d,
0x7d,0x0a,0x40,0x6b,0x65,0x79,0x66,0x72,0x61,0x6d,0x65,0x73,0x20,0x66,0x6c,0x6f,
0x77,0x7b,0x74,0x6f,0x7b,0x62,0x61,0x63,0x6b,0x67,0x72,0x6f,0x75,0x6e,0x64,0x2d,
0x70,0x6f,0x73,0x69,0x74,0x69,0x6f,0x6e,0x3a,0x2d,0x31,0x38,0x30,0x25,0x20,0x30,
0x7d,0x7d,0x0a,0x40,0x6d,0x65,0x64,0x69,0x61,0x28,0x6d,0x61,0x78,0x2d,0x77,0x69,
0x64,0x74,0x68,0x3a,0x37,0x36,0x30,0x70,0x78,0x29,0x7b,0x0a,0x20,0x20,0x2e,0x61,
0x70,0x70,0x7b,0x64,0x69,0x73,0x70,0x6c,0x61,0x79,0x3a,0x62,0x6c,0x6f,0x63,0x6b,
0x7d,0x0a,0x20,0x20,0x2e,0x73,0x69,0x64,0x65,0x62,0x61,0x72,0x7b,0x7a,0x2d,0x69,
0x6e,0x64,0x65,0x78,0x3a,0x31,0x30,0x3b,0x68,0x65,0x69,0x67,0x68,0x74,0x3a,0x61,
0x75,0x74,0x6f,0x3b,0x64,0x69,0x73,0x70,0x6c,0x61,0x79,0x3a,0x67,0x72,0x69,0x64,
0x3b,0x67,0x72,0x69,0x64,0x2d,0x74,0x65,0x6d,0x70,0x6c,0x61,0x74,0x65,0x2d,0x63,
0x6f,0x6c,0x75,0x6d,0x6e,0x73,0x3a,0x72,0x65,0x70,0x65,0x61,0x74,0x28,0x32,0x2c,
0x6d,0x69,0x6e,0x6d,0x61,0x78,0x28,0x30,0x2c,0x31,0x66,0x72,0x29,0x29,0x3b,0x67,
0x61,0x70,0x3a,0x31,0x30,0x70,0x78,0x20,0x38,0x70,0x78,0x3b,0x70,0x61,0x64,0x64,
0x69,0x6e,0x67,0x3a,0x31,0x32,0x70,0x78,0x3b,0x62,0x6f,0x72,0x64,0x65,0x72,0x2d,
0x72,0x69,0x67,0x68,0x74,0x3a,0x30,0x3b,0x62,0x6f,0x72,0x64,0x65,0x72,0x2d,0x62,
0x6f,0x74,0x74,0x6f,0x6d,0x3a,0x31,0x70,0x78,0x20,0x73,0x6f,0x6c,0x69,0x64,0x20,
0x76,0x61,0x72,0x28,0x2d,0x2d,0x6c,0x69,0x6e,0x65,0x29,0x3b,0x62,0x6f,0x78,0x2d,
0x73,0x68,0x61,0x64,0x6f,0x77,0x3a,0x30,0x20,0x34,0x70,0x78,0x20,0x31,0x32,0x70,
0x78,0x20,0x23,0x30,0x30,0x30,0x31,0x7d,0x0a,0x20,0x20,0x2e,0x62,0x72,0x61,0x6e,
0x64,0x7b,0x67,0x72,0x69,0x64,0x2d,0x63,0x6f,0x6c,0x75,0x6d,0x6e,0x3a,0x31,0x2f,
0x2d,0x31,0x3b,0x64,0x69,0x73,0x70,0x6c,0x61,0x79,0x3a,0x66,0x6c,0x65,0x78,0x3b,
0x61,0x6c,0x69,0x67,0x6e,0x2d,0x69,0x74,0x65,0x6d,0x73,0x3a,0x63,0x65,0x6e,0x74,
0x65,0x72,0x3b,0x6a,0x75,0x73,0x74,0x69,0x66,0x79,0x2d,0x63,0x6f,0x6e,0x74,0x65,
0x6e,0x74,0x3a,0x73,0x70,0x61,0x63,0x65,0x2d,0x62,0x65,0x74,0x77,0x65,0x65,0x6e,
0x3b,0x67,0x61,0x70,0x3a,0x31,0x32,0x70,0x78,0x3b,0x70,0x61,0x64,0x64,0x69,0x6e,
0x67,0x3a,0x30,0x20,0x32,0x70,0x78,0x20,0x38,0x70,0x78,0x3b,0x62,0x6f,0x72,0x64,
0x65,0x72,0x3a,0x30,0x7d,0x0a,0x20,0x20,0x2e,0x62,0x72,0x61,0x6e,0x64,0x20,0x73,
0x70,0x61,0x6e,0x7b,0x6d,0x61,0x72,0x67,0x69,0x6e,0x3a,0x30,0x3b,0x74,0x65,0x78,
0x74,0x2d,0x61,0x6c,0x69,0x67,0x6e,0x3a,0x72,0x69,0x67,0x68,0x74,0x7d,0x0a,0x20,
0x20,0x2e,0x6e,0x61,0x76,0x7b,0x67,0x72,0x69,0x64,0x2d,0x63,0x6f,0x6c,0x75,0x6d,
0x6e,0x3a,0x31,0x2f,0x2d,0x31,0x3b,0x6d,0x61,0x72,0x67,0x69,0x6e,0x3a,0x30,0x3b,
0x67,0x72,0x69,0x64,0x2d,0x74,0x65,0x6d,0x70,0x6c,0x61,0x74,0x65,0x2d,0x63,0x6f,
0x6c,0x75,0x6d,0x6e,0x73,0x3a,0x72,0x65,0x70,0x65,0x61,0x74,0x28,0x32,0x2c,0x6d,
0x69,0x6e,0x6d,0x61,0x78,0x28,0x30,0x2c,0x31,0x66,0x72,0x29,0x29,0x3b,0x67,0x61,
0x70,0x3a,0x38,0x70,0x78,0x7d,0x0a,0x20,0x20,0x2e,0x6e,0x61,0x76,0x2d,0x62,0x75,
0x74,0x74,0x6f,0x6e,0x2c,0x2e,0x72,0x65,0x62,0x6f,0x6f,0x74,0x2d,0x62,0x75,0x74,
0x74,0x6f,0x6e,0x7b,0x68,0x65,0x69,0x67,0x68,0x74,0x3a,0x35,0x30,0x70,0x78,0x3b,
0x6d,0x69,0x6e,0x2d,0x68,0x65,0x69,0x67,0x68,0x74,0x3a,0x35,0x30,0x70,0x78,0x3b,
0x70,0x61,0x64,0x64,0x69,0x6e,0x67,0x3a,0x34,0x70,0x78,0x3b,0x66,0x6f,0x6e,0x74,
0x2d,0x73,0x69,0x7a,0x65,0x3a,0x31,0x32,0x70,0x78,0x3b,0x6c,0x69,0x6e,0x65,0x2d,
0x68,0x65,0x69,0x67,0x68,0x74,0x3a,0x31,0x2e,0x32,0x35,0x3b,0x74,0x65,0x78,0x74,
0x2d,0x61,0x6c,0x69,0x67,0x6e,0x3a,0x63,0x65,0x6e,0x74,0x65,0x72,0x7d,0x0a,0x20,
0x20,0x2e,0x6e,0x61,0x76,0x2d,0x62,0x75,0x74,0x74,0x6f,0x6e,0x7b,0x6a,0x75,0x73,
0x74,0x69,0x66,0x79,0x2d,0x63,0x6f,0x6e,0x74,0x65,0x6e,0x74,0x3a,0x63,0x65,0x6e,
0x74,0x65,0x72,0x7d,0x0a,0x20,0x20,0x2e,0x6e,0x61,0x76,0x2d,0x64,0x6f,0x74,0x7b,
0x64,0x69,0x73,0x70,0x6c,0x61,0x79,0x3a,0x6e,0x6f,0x6e,0x65,0x7d,0x0a,0x20,0x20,
0x2e,0x73,0x69,0x64,0x65,0x2d,0x61,0x63,0x74,0x69,0x6f,0x6e,0x73,0x7b,0x67,0x72,
0x69,0x64,0x2d,0x63,0x6f,0x6c,0x75,0x6d,0x6e,0x3a,0x31,0x2f,0x2d,0x31,0x3b,0x6d,
0x61,0x72,0x67,0x69,0x6e,0x3a,0x30,0x3b,0x70,0x61,0x64,0x64,0x69,0x6e,0x67,0x3a,
0x30,0x3b,0x62,0x6f,0x72,0x64,0x65,0x72,0x3a,0x30,0x7d,0x0a,0x20,0x20,0x2e,0x72,
0x65,0x62,0x6f,0x6f,0x74,0x2d,0x62,0x75,0x74,0x74,0x6f,0x6e,0x7b,0x68,0x65,0x69,
0x67,0x68,0x74,0x3a,0x34,0x34,0x70,0x78,0x3b,0x6d,0x69,0x6e,0x2d,0x68,0x65,0x69,
0x67,0x68,0x74,0x3a,0x34,0x34,0x70,0x78,0x7d,0x0a,0x20,0x20,0x2e,0x73,0x69,0x64,
0x65,0x2d,0x6d,0x65,0x74,0x61,0x7b,0x64,0x69,0x73,0x70,0x6c,0x61,0x79,0x3a,0x6e,
0x6f,0x6e,0x65,0x7d,0x0a,0x20,0x20,0x2e,0x6d,0x61,0x69,0x6e,0x7b,0x70,0x61,0x64,
0x64,0x69,0x6e,0x67,0x3a,0x31,0x38,0x70,0x78,0x20,0x31,0x32,0x70,0x78,0x20,0x32,
0x34,0x70,0x78,0x7d,0x0a,0x20,0x20,0x2e,0x66,0x6f,0x6f,0x74,0x65,0x72,0x7b,0x64,
0x69,0x73,0x70,0x6c,0x61,0x79,0x3a,0x62,0x6c,0x6f,0x63,0x6b,0x7d,0x0a,0x7d,0x0a,
0x40,0x6d,0x65,0x64,0x69,0x61,0x28,0x6d,0x61,0x78,0x2d,0x77,0x69,0x64,0x74,0x68,
0x3a,0x35,0x32,0x30,0x70,0x78,0x29,0x7b,0x0a,0x20,0x20,0x2e,0x70,0x61,0x6e,0x65,
0x6c,0x2d,0x69,0x6e,0x6e,0x65,0x72,0x7b,0x70,0x61,0x64,0x64,0x69,0x6e,0x67,0x3a,
0x32,0x34,0x70,0x78,0x20,0x31,0x38,0x70,0x78,0x20,0x32,0x32,0x70,0x78,0x7d,0x0a,
0x20,0x20,0x2e,0x68,0x65,0x61,0x64,0x69,0x6e,0x67,0x7b,0x70,0x61,0x64,0x64,0x69,
0x6e,0x67,0x2d,0x62,0x6f,0x74,0x74,0x6f,0x6d,0x3a,0x31,0x38,0x70,0x78,0x7d,0x0a,
0x20,0x20,0x2e,0x68,0x65,0x61,0x64,0x69,0x6e,0x67,0x20,0x68,0x31,0x7b,0x66,0x6f,
0x6e,0x74,0x2d,0x73,0x69,0x7a,0x65,0x3a,0x32,0x36,0x70,0x78,0x7d,0x0a,0x20,0x20,
0x2e,0x68,0x65,0x61,0x64,0x69,0x6e,0x67,0x20,0x70,0x7b,0x6d,0x61,0x72,0x67,0x69,
0x6e,0x2d,0x74,0x6f,0x70,0x3a,0x31,0x30,0x70,0x78,0x3b,0x6c,0x69,0x6e,0x65,0x2d,
0x68,0x65,0x69,0x67,0x68,0x74,0x3a,0x31,0x2e,0x35,0x35,0x7d,0x0a,0x20,0x20,0x2e,
0x74,0x61,0x72,0x67,0x65,0x74,0x2d,0x69,0x6e,0x66,0x6f,0x7b,0x6d,0x61,0x72,0x67,
0x69,0x6e,0x2d,0x74,0x6f,0x70,0x3a,0x31,0x38,0x70,0x78,0x3b,0x67,0x72,0x69,0x64,
0x2d,0x74,0x65,0x6d,0x70,0x6c,0x61,0x74,0x65,0x2d,0x63,0x6f,0x6c,0x75,0x6d,0x6e,
0x73,0x3a,0x39,0x36,0x70,0x78,0x20,0x6d,0x69,0x6e,0x6d,0x61,0x78,0x28,0x30,0x2c,
0x31,0x66,0x72,0x29,0x7d,0x0a,0x20,0x20,0x2e,0x66,0x69,0x6c,0x65,0x2d,0x62,0x6c,
0x6f,0x63,0x6b,0x7b,0x6d,0x61,0x72,0x67,0x69,0x6e,0x2d,0x74,0x6f,0x70,0x3a,0x32,
0x30,0x70,0x78,0x7d,0x0a,0x20,0x20,0x2e,0x63,0x68,0x6f,0x6f,0x73,0x65,0x2d,0x62,
0x75,0x74,0x74,0x6f,0x6e,0x7b,0x70,0x61,0x64,0x64,0x69,0x6e,0x67,0x3a,0x30,0x20,
0x31,0x33,0x70,0x78,0x7d,0x0a,0x20,0x20,0x2e,0x70,0x72,0x6f,0x67,0x72,0x65,0x73,
0x73,0x2d,0x73,0x65,0x63,0x74,0x69,0x6f,0x6e,0x7b,0x6d,0x61,0x72,0x67,0x69,0x6e,
0x2d,0x74,0x6f,0x70,0x3a,0x32,0x34,0x70,0x78,0x7d,0x0a,0x20,0x20,0x2e,0x6e,0x6f,
0x74,0x69,0x63,0x65,0x7b,0x6d,0x61,0x72,0x67,0x69,0x6e,0x2d,0x74,0x6f,0x70,0x3a,
0x31,0x38,0x70,0x78,0x7d,0x0a,0x7d,0x0a,0x40,0x6d,0x65,0x64,0x69,0x61,0x28,0x70,
0x72,0x65,0x66,0x65,0x72,0x73,0x2d,0x72,0x65,0x64,0x75,0x63,0x65,0x64,0x2d,0x6d,
0x6f,0x74,0x69,0x6f,0x6e,0x3a,0x72,0x65,0x64,0x75,0x63,0x65,0x29,0x7b,0x0a,0x20,
0x20,0x2a,0x2c,0x2a,0x3a,0x62,0x65,0x66,0x6f,0x72,0x65,0x2c,0x2a,0x3a,0x61,0x66,
0x74,0x65,0x72,0x7b,0x61,0x6e,0x69,0x6d,0x61,0x74,0x69,0x6f,0x6e,0x3a,0x6e,0x6f,
0x6e,0x65,0x21,0x69,0x6d,0x70,0x6f,0x72,0x74,0x61,0x6e,0x74,0x3b,0x74,0x72,0x61,
0x6e,0x73,0x69,0x74,0x69,0x6f,0x6e,0x3a,0x6e,0x6f,0x6e,0x65,0x21,0x69,0x6d,0x70,
0x6f,0x72,0x74,0x61,0x6e,0x74,0x7d,0x0a,0x7d,0x0a,0x3c,0x2f,0x73,0x74,0x79,0x6c,
0x65,0x3e,0x0a,0x3c,0x2f,0x68,0x65,0x61,0x64,0x3e,0x0a,0x3c,0x62,0x6f,0x64,0x79,
0x3e,0x0a,0x3c,0x64,0x69,0x76,0x20,0x63,0x6c,0x61,0x73,0x73,0x3d,0x27,0x61,0x70,
0x70,0x27,0x3e,0x0a,0x20,0x20,0x3c,0x61,0x73,0x69,0x64,0x65,0x20,0x63,0x6c,0x61,
0x73,0x73,0x3d,0x27,0x73,0x69,0x64,0x65,0x62,0x61,0x72,0x27,0x3e,0x0a,0x20,0x20,
0x20,0x20,0x3c,0x64,0x69,0x76,0x20,0x63,0x6c,0x61,0x73,0x73,0x3d,0x27,0x62,0x72,
0x61,0x6e,0x64,0x27,0x3e,0x0a,0x20,0x20,0x20,0x20,0x20,0x20,0x3c,0x73,0x74,0x72,
0x6f,0x6e,0x67,0x20,0x64,0x61,0x74,0x61,0x2d,0x69,0x31,0x38,0x6e,0x3d,0x27,0x62,
0x72,0x61,0x6e,0x64,0x2e,0x74,0x69,0x74,0x6c,0x65,0x27,0x3e,0x58,0x52,0x31,0x37,
0x31,0x30,0x47,0x20,0x52,0x65,0x63,0x6f,0x76,0x65,0x72,0x79,0x20,0x4d,0x6f,0x64,
0x65,0x3c,0x2f,0x73,0x74,0x72,0x6f,0x6e,0x67,0x3e,0x3c,0x73,0x70,0x61,0x6e,0x20,
0x64,0x61,0x74,0x61,0x2d,0x69,0x31,0x38,0x6e,0x3d,0x27,0x62,0x72,0x61,0x6e,0x64,
0x2e,0x73,0x75,0x62,0x74,0x69,0x74,0x6c,0x65,0x27,0x3e,0x52,0x65,0x63,0x6f,0x76,
0x65,0x72,0x79,0x20,0x57,0x65,0x62,0x55,0x49,0x3c,0x2f,0x73,0x70,0x61,0x6e,0x3e,
0x0a,0x20,0x20,0x20,0x20,0x3c,0x2f,0x64,0x69,0x76,0x3e,0x0a,0x20,0x20,0x20,0x20,
0x3c,0x6e,0x61,0x76,0x20,0x63,0x6c,0x61,0x73,0x73,0x3d,0x27,0x6e,0x61,0x76,0x27,
0x20,0x61,0x72,0x69,0x61,0x2d,0x6c,0x61,0x62,0x65,0x6c,0x3d,0x27,0x52,0x65,0x63,
0x6f,0x76,0x65,0x72,0x79,0x20,0x74,0x61,0x72,0x67,0x65,0x74,0x27,0x3e,0x0a,0x20,
0x20,0x20,0x20,0x20,0x20,0x3c,0x62,0x75,0x74,0x74,0x6f,0x6e,0x20,0x63,0x6c,0x61,
0x73,0x73,0x3d,0x27,0x6e,0x61,0x76,0x2d,0x62,0x75,0x74,0x74,0x6f,0x6e,0x20,0x61,
0x63,0x74,0x69,0x76,0x65,0x27,0x20,0x74,0x79,0x70,0x65,0x3d,0x27,0x62,0x75,0x74,
0x74,0x6f,0x6e,0x27,0x20,0x64,0x61,0x74,0x61,0x2d,0x74,0x61,0x72,0x67,0x65,0x74,
0x3d,0x27,0x66,0x69,0x72,0x6d,0x77,0x61,0x72,0x65,0x27,0x20,0x61,0x72,0x69,0x61,
0x2d,0x63,0x75,0x72,0x72,0x65,0x6e,0x74,0x3d,0x27,0x70,0x61,0x67,0x65,0x27,0x3e,
0x3c,0x73,0x70,0x61,0x6e,0x20,0x63,0x6c,0x61,0x73,0x73,0x3d,0x27,0x6e,0x61,0x76,
0x2d,0x64,0x6f,0x74,0x27,0x3e,0x3c,0x2f,0x73,0x70,0x61,0x6e,0x3e,0x3c,0x73,0x70,
0x61,0x6e,0x20,0x64,0x61,0x74,0x61,0x2d,0x69,0x31,0x38,0x6e,0x3d,0x27,0x6e,0x61,
0x76,0x2e,0x66,0x69,0x72,0x6d,0x77,0x61,0x72,0x65,0x27,0x3e,0x46,0x69,0x72,0x6d,
0x77,0x61,0x72,0x65,0x20,0x52,0x65,0x63,0x6f,0x76,0x65,0x72,0x79,0x3c,0x2f,0x73,
0x70,0x61,0x6e,0x3e,0x3c,0x2f,0x62,0x75,0x74,0x74,0x6f,0x6e,0x3e,0x0a,0x20,0x20,
0x20,0x20,0x20,0x20,0x3c,0x62,0x75,0x74,0x74,0x6f,0x6e,0x20,0x63,0x6c,0x61,0x73,
0x73,0x3d,0x27,0x6e,0x61,0x76,0x2d,0x62,0x75,0x74,0x74,0x6f,0x6e,0x27,0x20,0x74,
0x79,0x70,0x65,0x3d,0x27,0x62,0x75,0x74,0x74,0x6f,0x6e,0x27,0x20,0x64,0x61,0x74,
0x61,0x2d,0x74,0x61,0x72,0x67,0x65,0x74,0x3d,0x27,0x75,0x62,0x6f,0x6f,0x74,0x27,
0x3e,0x3c,0x73,0x70,0x61,0x6e,0x20,0x63,0x6c,0x61,0x73,0x73,0x3d,0x27,0x6e,0x61,
0x76,0x2d,0x64,0x6f,0x74,0x27,0x3e,0x3c,0x2f,0x73,0x70,0x61,0x6e,0x3e,0x3c,0x73,
0x70,0x61,0x6e,0x20,0x64,0x61,0x74,0x61,0x2d,0x69,0x31,0x38,0x6e,0x3d,0x27,0x6e,
0x61,0x76,0x2e,0x75,0x62,0x6f,0x6f,0x74,0x27,0x3e,0x55,0x70,0x64,0x61,0x74,0x65,
0x20,0x55,0x2d,0x42,0x6f,0x6f,0x74,0x3c,0x2f,0x73,0x70,0x61,0x6e,0x3e,0x3c,0x2f,
0x62,0x75,0x74,0x74,0x6f,0x6e,0x3e,0x0a,0x20,0x20,0x20,0x20,0x3c,0x2f,0x6e,0x61,
0x76,0x3e,0x0a,0x20,0x20,0x20,0x20,0x3c,0x64,0x69,0x76,0x20,0x63,0x6c,0x61,0x73,
0x73,0x3d,0x27,0x73,0x69,0x64,0x65,0x2d,0x61,0x63,0x74,0x69,0x6f,0x6e,0x73,0x27,
0x3e,0x0a,0x20,0x20,0x20,0x20,0x20,0x20,0x3c,0x62,0x75,0x74,0x74,0x6f,0x6e,0x20,
0x63,0x6c,0x61,0x73,0x73,0x3d,0x27,0x72,0x65,0x62,0x6f,0x6f,0x74,0x2d,0x62,0x75,
0x74,0x74,0x6f,0x6e,0x27,0x20,0x69,0x64,0x3d,0x27,0x72,0x65,0x62,0x6f,0x6f,0x74,
0x2d,0x62,0x75,0x74,0x74,0x6f,0x6e,0x27,0x20,0x74,0x79,0x70,0x65,0x3d,0x27,0x62,
0x75,0x74,0x74,0x6f,0x6e,0x27,0x20,0x64,0x61,0x74,0x61,0x2d,0x69,0x31,0x38,0x6e,
0x3d,0x27,0x6e,0x61,0x76,0x2e,0x72,0x65,0x62,0x6f,0x6f,0x74,0x27,0x3e,0x52,0x65,
0x62,0x6f,0x6f,0x74,0x20,0x74,0x6f,0x20,0x53,0x79,0x73,0x74,0x65,0x6d,0x3c,0x2f,
0x62,0x75,0x74,0x74,0x6f,0x6e,0x3e,0x0a,0x20,0x20,0x20,0x20,0x3c,0x2f,0x64,0x69,
0x76,0x3e,0x0a,0x20,0x20,0x20,0x20,0x3c,0x64,0x69,0x76,0x20,0x63,0x6c,0x61,0x73,
0x73,0x3d,0x27,0x73,0x69,0x64,0x65,0x2d,0x6d,0x65,0x74,0x61,0x27,0x3e,0x0a,0x20,
0x20,0x20,0x20,0x20,0x20,0x3c,0x73,0x74,0x72,0x6f,0x6e,0x67,0x3e,0x31,0x39,0x32,
0x2e,0x31,0x36,0x38,0x2e,0x32,0x35,0x35,0x2e,0x31,0x3c,0x2f,0x73,0x74,0x72,0x6f,
0x6e,0x67,0x3e,0x0a,0x20,0x20,0x20,0x20,0x20,0x20,0x3c,0x61,0x20,0x63,0x6c,0x61,
0x73,0x73,0x3d,0x27,0x76,0x65,0x72,0x73,0x69,0x6f,0x6e,0x2d,0x6c,0x69,0x6e,0x6b,
0x27,0x20,0x68,0x72,0x65,0x66,0x3d,0x27,0x68,0x74,0x74,0x70,0x73,0x3a,0x2f,0x2f,
0x67,0x69,0x74,0x68,0x75,0x62,0x2e,0x63,0x6f,0x6d,0x2f,0x6e,0x61,0x6f,0x6b,0x69,
0x36,0x36,0x2f,0x58,0x52,0x31,0x37,0x31,0x30,0x47,0x2d,0x68,0x74,0x74,0x70,0x2d,
0x75,0x62,0x6f,0x6f,0x74,0x2f,0x72,0x65,0x6c,0x65,0x61,0x73,0x65,0x73,0x27,0x20,
0x74,0x61,0x72,0x67,0x65,0x74,0x3d,0x27,0x5f,0x62,0x6c,0x61,0x6e,0x6b,0x27,0x20,
0x72,0x65,0x6c,0x3d,0x27,0x6e,0x6f,0x6f,0x70,0x65,0x6e,0x65,0x72,0x27,0x3e,0x3c,
0x73,0x70,0x61,0x6e,0x20,0x69,0x64,0x3d,0x27,0x76,0x65,0x72,0x73,0x69,0x6f,0x6e,
0x27,0x3e,0x4c,0x6f,0x61,0x64,0x69,0x6e,0x67,0x20,0x55,0x2d,0x42,0x6f,0x6f,0x74,
0x20,0x76,0x65,0x72,0x73,0x69,0x6f,0x6e,0x2e,0x2e,0x2e,0x3c,0x2f,0x73,0x70,0x61,
0x6e,0x3e,0x3c,0x2f,0x61,0x3e,0x0a,0x20,0x20,0x20,0x20,0x3c,0x2f,0x64,0x69,0x76,
0x3e,0x0a,0x20,0x20,0x3c,0x2f,0x61,0x73,0x69,0x64,0x65,0x3e,0x0a,0x0a,0x20,0x20,
0x3c,0x6d,0x61,0x69,0x6e,0x20,0x63,0x6c,0x61,0x73,0x73,0x3d,0x27,0x6d,0x61,0x69,
0x6e,0x27,0x3e,0x0a,0x20,0x20,0x20,0x20,0x3c,0x64,0x69,0x76,0x20,0x63,0x6c,0x61,
0x73,0x73,0x3d,0x27,0x6c,0x61,0x6e,0x67,0x75,0x61,0x67,0x65,0x2d,0x73,0x77,0x69,
0x74,0x63,0x68,0x65,0x72,0x27,0x3e,0x3c,0x62,0x75,0x74,0x74,0x6f,0x6e,0x20,0x63,
0x6c,0x61,0x73,0x73,0x3d,0x27,0x6c,0x61,0x6e,0x67,0x75,0x61,0x67,0x65,0x2d,0x62,
0x75,0x74,0x74,0x6f,0x6e,0x27,0x20,0x69,0x64,0x3d,0x27,0x6c,0x61,0x6e,0x67,0x75,
0x61,0x67,0x65,0x2d,0x62,0x75,0x74,0x74,0x6f,0x6e,0x27,0x20,0x74,0x79,0x70,0x65,
0x3d,0x27,0x62,0x75,0x74,0x74,0x6f,0x6e,0x27,0x20,0x61,0x72,0x69,0x61,0x2d,0x6c,
0x61,0x62,0x65,0x6c,0x3d,0x27,0x53,0x77,0x69,0x74,0x63,0x68,0x20,0x6c,0x61,0x6e,
0x67,0x75,0x61,0x67,0x65,0x27,0x3e,0xe4,0xb8,0xad,0xe6,0x96,0x87,0x3c,0x2f,0x62,
0x75,0x74,0x74,0x6f,0x6e,0x3e,0x3c,0x2f,0x64,0x69,0x76,0x3e,0x0a,0x20,0x20,0x20,
0x20,0x3c,0x64,0x69,0x76,0x20,0x63,0x6c,0x61,0x73,0x73,0x3d,0x27,0x77,0x6f,0x72,
0x6b,0x73,0x70,0x61,0x63,0x65,0x27,0x3e,0x0a,0x20,0x20,0x20,0x20,0x20,0x20,0x3c,
0x73,0x65,0x63,0x74,0x69,0x6f,0x6e,0x20,0x63,0x6c,0x61,0x73,0x73,0x3d,0x27,0x70,
0x61,0x6e,0x65,0x6c,0x27,0x3e,0x0a,0x20,0x20,0x20,0x20,0x20,0x20,0x20,0x20,0x3c,
0x64,0x69,0x76,0x20,0x63,0x6c,0x61,0x73,0x73,0x3d,0x27,0x70,0x61,0x6e,0x65,0x6c,
0x2d,0x69,0x6e,0x6e,0x65,0x72,0x27,0x3e,0x0a,0x20,0x20,0x20,0x20,0x20,0x20,0x20,
0x20,0x20,0x20,0x3c,0x68,0x65,0x61,0x64,0x65,0x72,0x20,0x63,0x6c,0x61,0x73,0x73,
0x3d,0x27,0x68,0x65,0x61,0x64,0x69,0x6e,0x67,0x27,0x3e,0x0a,0x20,0x20,0x20,0x20,
0x20,0x20,0x20,0x20,0x20,0x20,0x20,0x20,0x3c,0x68,0x31,0x20,0x69,0x64,0x3d,0x27,
0x70,0x61,0x67,0x65,0x2d,0x74,0x69,0x74,0x6c,0x65,0x27,0x20,0x64,0x61,0x74,0x61,
0x2d,0x69,0x31,0x38,0x6e,0x3d,0x27,0x66,0x69,0x72,0x6d,0x77,0x61,0x72,0x65,0x2e,
0x74,0x69,0x74,0x6c,0x65,0x27,0x3e,0x46,0x69,0x72,0x6d,0x77,0x61,0x72,0x65,0x20,
0x52,0x65,0x63,0x6f,0x76,0x65,0x72,0x79,0x3c,0x2f,0x68,0x31,0x3e,0x0a,0x20,0x20,
0x20,0x20,0x20,0x20,0x20,0x20,0x20,0x20,0x20,0x20,0x3c,0x70,0x20,0x69,0x64,0x3d,
0x27,0x70,0x61,0x67,0x65,0x2d,0x63,0x6f,0x70,0x79,0x27,0x20,0x64,0x61,0x74,0x61,
0x2d,0x69,0x31,0x38,0x6e,0x3d,0x27,0x66,0x69,0x72,0x6d,0x77,0x61,0x72,0x65,0x2e,
0x63,0x6f,0x70,0x79,0x27,0x3e,0x55,0x70,0x6c,0x6f,0x61,0x64,0x20,0x61,0x6e,0x20,
0x4f,0x70,0x65,0x6e,0x57,0x72,0x74,0x20,0x46,0x49,0x54,0x20,0x69,0x6d,0x61,0x67,
0x65,0x20,0x61,0x6e,0x64,0x20,0x72,0x65,0x63,0x72,0x65,0x61,0x74,0x65,0x20,0x74,
0x68,0x65,0x20,0x73,0x65,0x6c,0x65,0x63,0x74,0x65,0x64,0x20,0x55,0x42,0x49,0x20,
0x6c,0x61,0x79,0x6f,0x75,0x74,0x2e,0x3c,0x2f,0x70,0x3e,0x0a,0x20,0x20,0x20,0x20,
0x20,0x20,0x20,0x20,0x20,0x20,0x3c,0x2f,0x68,0x65,0x61,0x64,0x65,0x72,0x3e,0x0a,
0x0a,0x20,0x20,0x20,0x20,0x20,0x20,0x20,0x20,0x20,0x20,0x3c,0x64,0x69,0x76,0x20,
0x63,0x6c,0x61,0x73,0x73,0x3d,0x27,0x74,0x61,0x72,0x67,0x65,0x74,0x2d,0x69,0x6e,
0x66,0x6f,0x27,0x3e,0x0a,0x20,0x20,0x20,0x20,0x20,0x20,0x20,0x20,0x20,0x20,0x20,
0x20,0x3c,0x73,0x70,0x61,0x6e,0x20,0x63,0x6c,0x61,0x73,0x73,0x3d,0x27,0x74,0x61,
0x72,0x67,0x65,0x74,0x2d,0x6c,0x61,0x62,0x65,0x6c,0x27,0x20,0x64,0x61,0x74,0x61,
0x2d,0x69,0x31,0x38,0x6e,0x3d,0x27,0x6c,0x61,0x62,0x65,0x6c,0x73,0x2e,0x74,0x61,
0x72,0x67,0x65,0x74,0x27,0x3e,0x54,0x61,0x72,0x67,0x65,0x74,0x3c,0x2f,0x73,0x70,
0x61,0x6e,0x3e,0x3c,0x73,0x70,0x61,0x6e,0x20,0x63,0x6c,0x61,0x73,0x73,0x3d,0x27,
0x74,0x61,0x72,0x67,0x65,0x74,0x2d,0x76,0x61,0x6c,0x75,0x65,0x27,0x20,0x69,0x64,
0x3d,0x27,0x74,0x61,0x72,0x67,0x65,0x74,0x2d,0x76,0x61,0x6c,0x75,0x65,0x27,0x3e,
0x75,0x62,0x69,0x3a,0x66,0x69,0x74,0x3c,0x2f,0x73,0x70,0x61,0x6e,0x3e,0x0a,0x20,
0x20,0x20,0x20,0x20,0x20,0x20,0x20,0x20,0x20,0x20,0x20,0x3c,0x73,0x70,0x61,0x6e,
0x20,0x63,0x6c,0x61,0x73,0x73,0x3d,0x27,0x74,0x61,0x72,0x67,0x65,0x74,0x2d,0x6c,
0x61,0x62,0x65,0x6c,0x27,0x20,0x64,0x61,0x74,0x61,0x2d,0x69,0x31,0x38,0x6e,0x3d,
0x27,0x6c,0x61,0x62,0x65,0x6c,0x73,0x2e,0x6f,0x70,0x65,0x72,0x61,0x74,0x69,0x6f,
0x6e,0x27,0x3e,0x4f,0x70,0x65,0x72,0x61,0x74,0x69,0x6f,0x6e,0x3c,0x2f,0x73,0x70,
0x61,0x6e,0x3e,0x3c,0x73,0x70,0x61,0x6e,0x20,0x63,0x6c,0x61,0x73,0x73,0x3d,0x27,
0x74,0x61,0x72,0x67,0x65,0x74,0x2d,0x76,0x61,0x6c,0x75,0x65,0x27,0x20,0x69,0x64,
0x3d,0x27,0x73,0x63,0x6f,0x70,0x65,0x2d,0x76,0x61,0x6c,0x75,0x65,0x27,0x3e,0x45,
0x72,0x61,0x73,0x65,0x20,0x61,0x6e,0x64,0x20,0x72,0x65,0x63,0x72,0x65,0x61,0x74,
0x65,0x20,0x74,0x68,0x65,0x20,0x63,0x6f,0x6d,0x70,0x6c,0x65,0x74,0x65,0x20,0x73,
0x65,0x6c,0x65,0x63,0x74,0x65,0x64,0x20,0x55,0x42,0x49,0x20,0x70,0x61,0x72,0x74,
0x69,0x74,0x69,0x6f,0x6e,0x3c,0x2f,0x73,0x70,0x61,0x6e,0x3e,0x0a,0x20,0x20,0x20,
0x20,0x20,0x20,0x20,0x20,0x20,0x20,0x20,0x20,0x3c,0x73,0x70,0x61,0x6e,0x20,0x63,
0x6c,0x61,0x73,0x73,0x3d,0x27,0x74,0x61,0x72,0x67,0x65,0x74,0x2d,0x6c,0x61,0x62,
0x65,0x6c,0x27,0x20,0x64,0x61,0x74,0x61,0x2d,0x69,0x31,0x38,0x6e,0x3d,0x27,0x6c,
0x61,0x62,0x65,0x6c,0x73,0x2e,0x72,0x65,0x63,0x6f,0x76,0x65,0x72,0x79,0x27,0x3e,
0x52,0x65,0x63,0x6f,0x76,0x65,0x72,0x79,0x3c,0x2f,0x73,0x70,0x61,0x6e,0x3e,0x3c,
0x73,0x70,0x61,0x6e,0x20,0x63,0x6c,0x61,0x73,0x73,0x3d,0x27,0x74,0x61,0x72,0x67,
0x65,0x74,0x2d,0x76,0x61,0x6c,0x75,0x65,0x27,0x20,0x69,0x64,0x3d,0x27,0x70,0x72,
0x65,0x73,0x65,0x72,0x76,0x65,0x2d,0x76,0x61,0x6c,0x75,0x65,0x27,0x3e,0x46,0x61,
0x63,0x74,0x6f,0x72,0x79,0x20,0x64,0x61,0x74,0x61,0x20,0x69,0x73,0x20,0x72,0x65,
0x73,0x74,0x6f,0x72,0x65,0x64,0x20,0x66,0x72,0x6f,0x6d,0x20,0x44,0x53,0x44,0x3b,
0x20,0x73,0x61,0x76,0x65,0x64,0x20,0x55,0x2d,0x42,0x6f,0x6f,0x74,0x20,0x65,0x6e,
0x76,0x69,0x72,0x6f,0x6e,0x6d,0x65,0x6e,0x74,0x20,0x69,0x73,0x20,0x72,0x65,0x73,
0x65,0x74,0x3c,0x2f,0x73,0x70,0x61,0x6e,0x3e,0x0a,0x20,0x20,0x20,0x20,0x20,0x20,
0x20,0x20,0x20,0x20,0x20,0x20,0x3c,0x73,0x70,0x61,0x6e,0x20,0x63,0x6c,0x61,0x73,
0x73,0x3d,0x27,0x74,0x61,0x72,0x67,0x65,0x74,0x2d,0x6c,0x61,0x62,0x65,0x6c,0x27,
0x20,0x64,0x61,0x74,0x61,0x2d,0x69,0x31,0x38,0x6e,0x3d,0x27,0x6c,0x61,0x62,0x65,
0x6c,0x73,0x2e,0x64,0x65,0x74,0x65,0x63,0x74,0x65,0x64,0x27,0x3e,0x44,0x65,0x74,
0x65,0x63,0x74,0x65,0x64,0x3c,0x2f,0x73,0x70,0x61,0x6e,0x3e,0x3c,0x73,0x70,0x61,
0x6e,0x20,0x63,0x6c,0x61,0x73,0x73,0x3d,0x27,0x74,0x61,0x72,0x67,0x65,0x74,0x2d,
0x76,0x61,0x6c,0x75,0x65,0x27,0x20,0x69,0x64,0x3d,0x27,0x64,0x65,0x74,0x65,0x63,
0x74,0x65,0x64,0x2d,0x6c,0x61,0x79,0x6f,0x75,0x74,0x27,0x3e,0x43,0x68,0x65,0x63,
0x6b,0x69,0x6e,0x67,0x20,0x63,0x75,0x72,0x72,0x65,0x6e,0x74,0x20,0x6c,0x61,0x79,
0x6f,0x75,0x74,0x2e,0x2e,0x2e,0x3c,0x2f,0x73,0x70,0x61,0x6e,0x3e,0x0a,0x20,0x20,
0x20,0x20,0x20,0x20,0x20,0x20,0x20,0x20,0x3c,0x2f,0x64,0x69,0x76,0x3e,0x0a,0x0a,
0x20,0x20,0x20,0x20,0x20,0x20,0x20,0x20,0x20,0x20,0x3c,0x64,0x69,0x76,0x20,0x63,
0x6c,0x61,0x73,0x73,0x3d,0x27,0x6c,0x61,0x79,0x6f,0x75,0x74,0x2d,0x62,0x6c,0x6f,
0x63,0x6b,0x27,0x20,0x69,0x64,0x3d,0x27,0x6c,0x61,0x79,0x6f,0x75,0x74,0x2d,0x62,
0x6c,0x6f,0x63,0x6b,0x27,0x3e,0x0a,0x20,0x20,0x20,0x20,0x20,0x20,0x20,0x20,0x20,
0x20,0x20,0x20,0x3c,0x6c,0x61,0x62,0x65,0x6c,0x20,0x63,0x6c,0x61,0x73,0x73,0x3d,
0x27,0x6c,0x61,0x79,0x6f,0x75,0x74,0x2d,0x6c,0x61,0x62,0x65,0x6c,0x27,0x20,0x66,
0x6f,0x72,0x3d,0x27,0x6c,0x61,0x79,0x6f,0x75,0x74,0x2d,0x73,0x65,0x6c,0x65,0x63,
0x74,0x27,0x20,0x64,0x61,0x74,0x61,0x2d,0x69,0x31,0x38,0x6e,0x3d,0x27,0x6c,0x61,
0x62,0x65,0x6c,0x73,0x2e,0x6c,0x61,0x79,0x6f,0x75,0x74,0x27,0x3e,0x49,0x6d,0x61,
0x67,0x65,0x20,0x55,0x42,0x49,0x20,0x6c,0x61,0x79,0x6f,0x75,0x74,0x3c,0x2f,0x6c,
0x61,0x62,0x65,0x6c,0x3e,0x0a,0x20,0x20,0x20,0x20,0x20,0x20,0x20,0x20,0x20,0x20,
0x20,0x20,0x3c,0x73,0x65,0x6c,0x65,0x63,0x74,0x20,0x63,0x6c,0x61,0x73,0x73,0x3d,
0x27,0x6c,0x61,0x79,0x6f,0x75,0x74,0x2d,0x73,0x65,0x6c,0x65,0x63,0x74,0x27,0x20,
0x69,0x64,0x3d,0x27,0x6c,0x61,0x79,0x6f,0x75,0x74,0x2d,0x73,0x65,0x6c,0x65,0x63,
0x74,0x27,0x3e,0x0a,0x20,0x20,0x20,0x20,0x20,0x20,0x20,0x20,0x20,0x20,0x20,0x20,
0x20,0x20,0x3c,0x6f,0x70,0x74,0x69,0x6f,0x6e,0x20,0x76,0x61,0x6c,0x75,0x65,0x3d,
0x27,0x32,0x2e,0x30,0x27,0x20,0x64,0x61,0x74,0x61,0x2d,0x69,0x31,0x38,0x6e,0x3d,
0x27,0x6c,0x61,0x79,0x6f,0x75,0x74,0x2e,0x32,0x2e,0x30,0x27,0x3e,0x55,0x42,0x49,
0x20,0x32,0x2e,0x30,0x20,0x2d,0x20,0x34,0x33,0x39,0x20,0x4d,0x69,0x42,0x20,0x28,
0x72,0x65,0x63,0x6f,0x6d,0x6d,0x65,0x6e,0x64,0x65,0x64,0x29,0x3c,0x2f,0x6f,0x70,
0x74,0x69,0x6f,0x6e,0x3e,0x0a,0x20,0x20,0x20,0x20,0x20,0x20,0x20,0x20,0x20,0x20,
0x20,0x20,0x20,0x20,0x3c,0x6f,0x70,0x74,0x69,0x6f,0x6e,0x20,0x76,0x61,0x6c,0x75,
0x65,0x3d,0x27,0x31,0x2e,0x35,0x27,0x20,0x64,0x61,0x74,0x61,0x2d,0x69,0x31,0x38,
0x6e,0x3d,0x27,0x6c,0x61,0x79,0x6f,0x75,0x74,0x2e,0x31,0x2e,0x35,0x27,0x3e,0x55,
0x42,0x49,0x20,0x31,0x2e,0x35,0x20,0x2d,0x20,0x34,0x37,0x33,0x2e,0x37,0x35,0x20,
0x4d,0x69,0x42,0x3c,0x2f,0x6f,0x70,0x74,0x69,0x6f,0x6e,0x3e,0x0a,0x20,0x20,0x20,
0x20,0x20,0x20,0x20,0x20,0x20,0x20,0x20,0x20,0x20,0x20,0x3c,0x6f,0x70,0x74,0x69,
0x6f,0x6e,0x20,0x76,0x61,0x6c,0x75,0x65,0x3d,0x27,0x31,0x2e,0x30,0x27,0x20,0x64,
0x61,0x74,0x61,0x2d,0x69,0x31,0x38,0x6e,0x3d,0x27,0x6c,0x61,0x79,0x6f,0x75,0x74,
0x2e,0x31,0x2e,0x30,0x27,0x3e,0x55,0x42,0x49,0x20,0x31,0x2e,0x30,0x20,0x2d,0x20,
0x35,0x30,0x33,0x20,0x4d,0x69,0x42,0x20,0x28,0x6c,0x65,0x67,0x61,0x63,0x79,0x29,
0x3c,0x2f,0x6f,0x70,0x74,0x69,0x6f,0x6e,0x3e,0x0a,0x20,0x20,0x20,0x20,0x20,0x20,
0x20,0x20,0x20,0x20,0x20,0x20,0x3c,0x2f,0x73,0x65,0x6c,0x65,0x63,0x74,0x3e,0x0a,
0x20,0x20,0x20,0x20,0x20,0x20,0x20,0x20,0x20,0x20,0x20,0x20,0x3c,0x70,0x20,0x63,
0x6c,0x61,0x73,0x73,0x3d,0x27,0x6c,0x61,0x79,0x6f,0x75,0x74,0x2d,0x68,0x65,0x6c,
0x70,0x27,0x20,0x69,0x64,0x3d,0x27,0x6c,0x61,0x79,0x6f,0x75,0x74,0x2d,0x68,0x65,
0x6c,0x70,0x27,0x3e,0x3c,0x2f,0x70,0x3e,0x0a,0x20,0x20,0x20,0x20,0x20,0x20,0x20,
0x20,0x20,0x20,0x3c,0x2f,0x64,0x69,0x76,0x3e,0x0a,0x0a,0x20,0x20,0x20,0x20,0x20,
0x20,0x20,0x20,0x20,0x20,0x3c,0x64,0x69,0x76,0x20,0x63,0x6c,0x61,0x73,0x73,0x3d,
0x27,0x66,0x69,0x6c,0x65,0x2d,0x62,0x6c,0x6f,0x63,0x6b,0x27,0x3e,0x0a,0x20,0x20,
0x20,0x20,0x20,0x20,0x20,0x20,0x20,0x20,0x20,0x20,0x3c,0x6c,0x61,0x62,0x65,0x6c,
0x20,0x63,0x6c,0x61,0x73,0x73,0x3d,0x27,0x66,0x69,0x6c,0x65,0x2d,0x6c,0x61,0x62,
0x65,0x6c,0x27,0x20,0x64,0x61,0x74,0x61,0x2d,0x69,0x31,0x38,0x6e,0x3d,0x27,0x6c,
0x61,0x62,0x65,0x6c,0x73,0x2e,0x73,0x65,0x6c,0x65,0x63,0x74,0x46,0x69,0x6c,0x65,
0x27,0x3e,0x53,0x65,0x6c,0x65,0x63,0x74,0x20,0x69,0x6d,0x61,0x67,0x65,0x20,0x66,
0x69,0x6c,0x65,0x3c,0x2f,0x6c,0x61,0x62,0x65,0x6c,0x3e,0x0a,0x20,0x20,0x20,0x20,
0x20,0x20,0x20,0x20,0x20,0x20,0x20,0x20,0x3c,0x69,0x6e,0x70,0x75,0x74,0x20,0x69,
0x64,0x3d,0x27,0x66,0x69,0x6c,0x65,0x2d,0x69,0x6e,0x70,0x75,0x74,0x27,0x20,0x74,
0x79,0x70,0x65,0x3d,0x27,0x66,0x69,0x6c,0x65,0x27,0x20,0x61,0x63,0x63,0x65,0x70,
0x74,0x3d,0x27,0x2e,0x62,0x69,0x6e,0x2c,0x2e,0x69,0x6d,0x67,0x2c,0x2e,0x69,0x74,
0x62,0x27,0x3e,0x0a,0x20,0x20,0x20,0x20,0x20,0x20,0x20,0x20,0x20,0x20,0x20,0x20,
0x3c,0x64,0x69,0x76,0x20,0x63,0x6c,0x61,0x73,0x73,0x3d,0x27,0x66,0x69,0x6c,0x65,
0x2d,0x72,0x6f,0x77,0x27,0x3e,0x0a,0x20,0x20,0x20,0x20,0x20,0x20,0x20,0x20,0x20,
0x20,0x20,0x20,0x20,0x20,0x3c,0x62,0x75,0x74,0x74,0x6f,0x6e,0x20,0x63,0x6c,0x61,
0x73,0x73,0x3d,0x27,0x63,0x68,0x6f,0x6f,0x73,0x65,0x2d,0x62,0x75,0x74,0x74,0x6f,
0x6e,0x27,0x20,0x69,0x64,0x3d,0x27,0x63,0x68,0x6f,0x6f,0x73,0x65,0x2d,0x62,0x75,
0x74,0x74,0x6f,0x6e,0x27,0x20,0x74,0x79,0x70,0x65,0x3d,0x27,0x62,0x75,0x74,0x74,
0x6f,0x6e,0x27,0x20,0x64,0x61,0x74,0x61,0x2d,0x69,0x31,0x38,0x6e,0x3d,0x27,0x62,
0x75,0x74,0x74,0x6f,0x6e,0x73,0x2e,0x63,0x68,0x6f,0x6f,0x73,0x65,0x27,0x3e,0x43,
0x68,0x6f,0x6f,0x73,0x65,0x20,0x46,0x69,0x6c,0x65,0x3c,0x2f,0x62,0x75,0x74,0x74,
0x6f,0x6e,0x3e,0x0a,0x20,0x20,0x20,0x20,0x20,0x20,0x20,0x20,0x20,0x20,0x20,0x20,
0x20,0x20,0x3c,0x73,0x70,0x61,0x6e,0x20,0x63,0x6c,0x61,0x73,0x73,0x3d,0x27,0x66,
0x69,0x6c,0x65,0x2d,0x6e,0x61,0x6d,0x65,0x27,0x20,0x69,0x64,0x3d,0x27,0x66,0x69,
0x6c,0x65,0x2d,0x6e,0x61,0x6d,0x65,0x27,0x20,0x64,0x61,0x74,0x61,0x2d,0x69,0x31,
0x38,0x6e,0x3d,0x27,0x66,0x69,0x6c,0x65,0x2e,0x6e,0x6f,0x6e,0x65,0x27,0x3e,0x4e,
0x6f,0x20,0x66,0x69,0x6c,0x65,0x20,0x73,0x65,0x6c,0x65,0x63,0x74,0x65,0x64,0x3c,
0x2f,0x73,0x70,0x61,0x6e,0x3e,0x0a,0x20,0x20,0x20,0x20,0x20,0x20,0x20,0x20,0x20,
0x20,0x20,0x20,0x3c,0x2f,0x64,0x69,0x76,0x3e,0x0a,0x20,0x20,0x20,0x20,0x20,0x20,
0x20,0x20,0x20,0x20,0x20,0x20,0x3c,0x70,0x20,0x63,0x6c,0x61,0x73,0x73,0x3d,0x27,
0x66,0x69,0x6c,0x65,0x2d,0x68,0x65,0x6c,0x70,0x27,0x20,0x69,0x64,0x3d,0x27,0x66,
0x69,0x6c,0x65,0x2d,0x68,0x65,0x6c,0x70,0x27,0x3e,0x46,0x69,0x72,0x6d,0x77,0x61,
0x72,0x65,0x20,0x69,0x6d,0x61,0x67,0x65,0x73,0x20,0x6d,0x75,0x73,0x74,0x20,0x62,
0x65,0x20,0x61,0x74,0x20,0x6c,0x65,0x61,0x73,0x74,0x20,0x31,0x20,0x4d,0x69,0x42,
0x3c,0x2f,0x70,0x3e,0x0a,0x20,0x20,0x20,0x20,0x20,0x20,0x20,0x20,0x20,0x20,0x3c,
0x2f,0x64,0x69,0x76,0x3e,0x0a,0x0a,0x20,0x20,0x20,0x20,0x20,0x20,0x20,0x20,0x20,
0x20,0x3c,0x64,0x69,0x76,0x20,0x63,0x6c,0x61,0x73,0x73,0x3d,0x27,0x75,0x70,0x6c,
0x6f,0x61,0x64,0x2d,0x77,0x72,0x61,0x70,0x27,0x3e,0x0a,0x20,0x20,0x20,0x20,0x20,
0x20,0x20,0x20,0x20,0x20,0x20,0x20,0x3c,0x62,0x75,0x74,0x74,0x6f,0x6e,0x20,0x63,
0x6c,0x61,0x73,0x73,0x3d,0x27,0x75,0x70,0x6c,0x6f,0x61,0x64,0x2d,0x62,0x75,0x74,
0x74,0x6f,0x6e,0x27,0x20,0x69,0x64,0x3d,0x27,0x75,0x70,0x6c,0x6f,0x61,0x64,0x2d,
0x62,0x75,0x74,0x74,0x6f,0x6e,0x27,0x20,0x74,0x79,0x70,0x65,0x3d,0x27,0x62,0x75,
0x74,0x74,0x6f,0x6e,0x27,0x20,0x64,0x69,0x73,0x61,0x62,0x6c,0x65,0x64,0x3e,0x55,
0x70,0x6c,0x6f,0x61,0x64,0x20,0x61,0x6e,0x64,0x20,0x52,0x65,0x63,0x6f,0x76,0x65,
0x72,0x3c,0x2f,0x62,0x75,0x74,0x74,0x6f,0x6e,0x3e,0x0a,0x20,0x20,0x20,0x20,0x20,
0x20,0x20,0x20,0x20,0x20,0x3c,0x2f,0x64,0x69,0x76,0x3e,0x0a,0x0a,0x20,0x20,0x20,
0x20,0x20,0x20,0x20,0x20,0x20,0x20,0x3c,0x73,0x65,0x63,0x74,0x69,0x6f,0x6e,0x20,
0x63,0x6c,0x61,0x73,0x73,0x3d,0x27,0x70,0x72,0x6f,0x67,0x72,0x65,0x73,0x73,0x2d,
0x73,0x65,0x63,0x74,0x69,0x6f,0x6e,0x27,0x20,0x61,0x72,0x69,0x61,0x2d,0x6c,0x61,
0x62,0x65,0x6c,0x3d,0x27,0x52,0x65,0x63,0x6f,0x76,0x65,0x72,0x79,0x20,0x70,0x72,
0x6f,0x67,0x72,0x65,0x73,0x73,0x27,0x3e,0x0a,0x20,0x20,0x20,0x20,0x20,0x20,0x20,
0x20,0x20,0x20,0x20,0x20,0x3c,0x64,0x69,0x76,0x20,0x63,0x6c,0x61,0x73,0x73,0x3d,
0x27,0x70,0x72,0x6f,0x67,0x72,0x65,0x73,0x73,0x2d,0x68,0x65,0x61,0x64,0x27,0x3e,
0x0a,0x20,0x20,0x20,0x20,0x20,0x20,0x20,0x20,0x20,0x20,0x20,0x20,0x20,0x20,0x3c,
0x73,0x74,0x72,0x6f,0x6e,0x67,0x20,0x64,0x61,0x74,0x61,0x2d,0x69,0x31,0x38,0x6e,
0x3d,0x27,0x6c,0x61,0x62,0x65,0x6c,0x73,0x2e,0x70,0x72,0x6f,0x67,0x72,0x65,0x73,
0x73,0x27,0x3e,0x52,0x65,0x63,0x6f,0x76,0x65,0x72,0x79,0x20,0x50,0x72,0x6f,0x67,
0x72,0x65,0x73,0x73,0x3c,0x2f,0x73,0x74,0x72,0x6f,0x6e,0x67,0x3e,0x0a,0x20,0x20,
0x20,0x20,0x20,0x20,0x20,0x20,0x20,0x20,0x20,0x20,0x20,0x20,0x3c,0x73,0x70,0x61,
0x6e,0x20,0x63,0x6c,0x61,0x73,0x73,0x3d,0x27,0x73,0x74,0x61,0x74,0x65,0x27,0x20,
0x69,0x64,0x3d,0x27,0x73,0x74,0x61,0x74,0x65,0x27,0x20,0x64,0x61,0x74,0x61,0x2d,
0x74,0x6f,0x6e,0x65,0x3d,0x27,0x69,0x64,0x6c,0x65,0x27,0x3e,0x49,0x64,0x6c,0x65,
0x3c,0x2f,0x73,0x70,0x61,0x6e,0x3e,0x0a,0x20,0x20,0x20,0x20,0x20,0x20,0x20,0x20,
0x20,0x20,0x20,0x20,0x3c,0x2f,0x64,0x69,0x76,0x3e,0x0a,0x20,0x20,0x20,0x20,0x20,
0x20,0x20,0x20,0x20,0x20,0x20,0x20,0x3c,0x70,0x20,0x63,0x6c,0x61,0x73,0x73,0x3d,
0x27,0x73,0x74,0x61,0x74,0x75,0x73,0x2d,0x6d,0x65,0x73,0x73,0x61,0x67,0x65,0x27,
0x20,0x69,0x64,0x3d,0x27,0x73,0x74,0x61,0x74,0x75,0x73,0x2d,0x6d,0x65,0x73,0x73,
0x61,0x67,0x65,0x27,0x3e,0x53,0x65,0x6c,0x65,0x63,0x74,0x20,0x61,0x6e,0x20,0x69,
0x6d,0x61,0x67,0x65,0x20,0x66,0x69,0x6c,0x65,0x2e,0x3c,0x2f,0x70,0x3e,0x0a,0x20,
0x20,0x20,0x20,0x20,0x20,0x20,0x20,0x20,0x20,0x20,0x20,0x3c,0x64,0x69,0x76,0x20,
0x63,0x6c,0x61,0x73,0x73,0x3d,0x27,0x70,0x72,0x6f,0x67,0x72,0x65,0x73,0x73,0x2d,
0x72,0x6f,0x77,0x27,0x20,0x69,0x64,0x3d,0x27,0x72,0x6f,0x77,0x2d,0x75,0x70,0x6c,
0x6f,0x61,0x64,0x27,0x3e,0x0a,0x20,0x20,0x20,0x20,0x20,0x20,0x20,0x20,0x20,0x20,
0x20,0x20,0x20,0x20,0x3c,0x73,0x70,0x61,0x6e,0x20,0x63,0x6c,0x61,0x73,0x73,0x3d,
0x27,0x70,0x72,0x6f,0x67,0x72,0x65,0x73,0x73,0x2d,0x6c,0x61,0x62,0x65,0x6c,0x27,
0x20,0x64,0x61,0x74,0x61,0x2d,0x69,0x31,0x38,0x6e,0x3d,0x27,0x6c,0x61,0x62,0x65,
0x6c,0x73,0x2e,0x75,0x70,0x6c,0x6f,0x61,0x64,0x27,0x3e,0x55,0x70,0x6c,0x6f,0x61,
0x64,0x3c,0x2f,0x73,0x70,0x61,0x6e,0x3e,0x0a,0x20,0x20,0x20,0x20,0x20,0x20,0x20,
0x20,0x20,0x20,0x20,0x20,0x20,0x20,0x3c,0x64,0x69,0x76,0x20,0x63,0x6c,0x61,0x73,
0x73,0x3d,0x27,0x70,0x72,0x6f,0x67,0x72,0x65,0x73,0x73,0x2d,0x74,0x72,0x61,0x63,
0x6b,0x27,0x3e,0x3c,0x64,0x69,0x76,0x20,0x63,0x6c,0x61,0x73,0x73,0x3d,0x27,0x70,
0x72,0x6f,0x67,0x72,0x65,0x73,0x73,0x2d,0x66,0x69,0x6c,0x6c,0x27,0x20,0x69,0x64,
0x3d,0x27,0x75,0x70,0x6c,0x6f,0x61,0x64,0x2d,0x66,0x69,0x6c,0x6c,0x27,0x3e,0x3c,
0x2f,0x64,0x69,0x76,0x3e,0x3c,0x2f,0x64,0x69,0x76,0x3e,0x0a,0x20,0x20,0x20,0x20,
0x20,0x20,0x20,0x20,0x20,0x20,0x20,0x20,0x20,0x20,0x3c,0x73,0x70,0x61,0x6e,0x20,
0x63,0x6c,0x61,0x73,0x73,0x3d,0x27,0x70,0x72,0x6f,0x67,0x72,0x65,0x73,0x73,0x2d,
0x70,0x65,0x72,0x63,0x65,0x6e,0x74,0x27,0x20,0x69,0x64,0x3d,0x27,0x75,0x70,0x6c,
0x6f,0x61,0x64,0x2d,0x70,0x65,0x72,0x63,0x65,0x6e,0x74,0x27,0x3e,0x30,0x25,0x3c,
0x2f,0x73,0x70,0x61,0x6e,0x3e,0x0a,0x20,0x20,0x20,0x20,0x20,0x20,0x20,0x20,0x20,
0x20,0x20,0x20,0x3c,0x2f,0x64,0x69,0x76,0x3e,0x0a,0x20,0x20,0x20,0x20,0x20,0x20,
0x20,0x20,0x20,0x20,0x20,0x20,0x3c,0x64,0x69,0x76,0x20,0x63,0x6c,0x61,0x73,0x73,
0x3d,0x27,0x70,0x72,0x6f,0x67,0x72,0x65,0x73,0x73,0x2d,0x72,0x6f,0x77,0x27,0x20,
0x69,0x64,0x3d,0x27,0x72,0x6f,0x77,0x2d,0x65,0x72,0x61,0x73,0x65,0x27,0x3e,0x0a,
0x20,0x20,0x20,0x20,0x20,0x20,0x20,0x20,0x20,0x20,0x20,0x20,0x20,0x20,0x3c,0x73,
0x70,0x61,0x6e,0x20,0x63,0x6c,0x61,0x73,0x73,0x3d,0x27,0x70,0x72,0x6f,0x67,0x72,
0x65,0x73,0x73,0x2d,0x6c,0x61,0x62,0x65,0x6c,0x27,0x20,0x64,0x61,0x74,0x61,0x2d,
0x69,0x31,0x38,0x6e,0x3d,0x27,0x6c,0x61,0x62,0x65,0x6c,0x73,0x2e,0x65,0x72,0x61,
0x73,0x65,0x27,0x3e,0x45,0x72,0x61,0x73,0x65,0x3c,0x2f,0x73,0x70,0x61,0x6e,0x3e,
0x0a,0x20,0x20,0x20,0x20,0x20,0x20,0x20,0x20,0x20,0x20,0x20,0x20,0x20,0x20,0x3c,
0x64,0x69,0x76,0x20,0x63,0x6c,0x61,0x73,0x73,0x3d,0x27,0x70,0x72,0x6f,0x67,0x72,
0x65,0x73,0x73,0x2d,0x74,0x72,0x61,0x63,0x6b,0x27,0x3e,0x3c,0x64,0x69,0x76,0x20,
0x63,0x6c,0x61,0x73,0x73,0x3d,0x27,0x70,0x72,0x6f,0x67,0x72,0x65,0x73,0x73,0x2d,
0x66,0x69,0x6c,0x6c,0x27,0x20,0x69,0x64,0x3d,0x27,0x65,0x72,0x61,0x73,0x65,0x2d,
0x66,0x69,0x6c,0x6c,0x27,0x3e,0x3c,0x2f,0x64,0x69,0x76,0x3e,0x3c,0x2f,0x64,0x69,
0x76,0x3e,0x0a,0x20,0x20,0x20,0x20,0x20,0x20,0x20,0x20,0x20,0x20,0x20,0x20,0x20,
0x20,0x3c,0x73,0x70,0x61,0x6e,0x20,0x63,0x6c,0x61,0x73,0x73,0x3d,0x27,0x70,0x72,
0x6f,0x67,0x72,0x65,0x73,0x73,0x2d,0x70,0x65,0x72,0x63,0x65,0x6e,0x74,0x27,0x20,
0x69,0x64,0x3d,0x27,0x65,0x72,0x61,0x73,0x65,0x2d,0x70,0x65,0x72,0x63,0x65,0x6e,
0x74,0x27,0x3e,0x30,0x25,0x3c,0x2f,0x73,0x70,0x61,0x6e,0x3e,0x0a,0x20,0x20,0x20,
0x20,0x20,0x20,0x20,0x20,0x20,0x20,0x20,0x20,0x3c,0x2f,0x64,0x69,0x76,0x3e,0x0a,
0x20,0x20,0x20,0x20,0x20,0x20,0x20,0x20,0x20,0x20,0x20,0x20,0x3c,0x64,0x69,0x76,
0x20,0x63,0x6c,0x61,0x73,0x73,0x3d,0x27,0x70,0x72,0x6f,0x67,0x72,0x65,0x73,0x73,
0x2d,0x72,0x6f,0x77,0x27,0x20,0x69,0x64,0x3d,0x27,0x72,0x6f,0x77,0x2d,0x77,0x72,
0x69,0x74,0x65,0x27,0x3e,0x0a,0x20,0x20,0x20,0x20,0x20,0x20,0x20,0x20,0x20,0x20,
0x20,0x20,0x20,0x20,0x3c,0x73,0x70,0x61,0x6e,0x20,0x63,0x6c,0x61,0x73,0x73,0x3d,
0x27,0x70,0x72,0x6f,0x67,0x72,0x65,0x73,0x73,0x2d,0x6c,0x61,0x62,0x65,0x6c,0x27,
0x20,0x64,0x61,0x74,0x61,0x2d,0x69,0x31,0x38,0x6e,0x3d,0x27,0x6c,0x61,0x62,0x65,
0x6c,0x73,0x2e,0x77,0x72,0x69,0x74,0x65,0x27,0x3e,0x57,0x72,0x69,0x74,0x65,0x3c,
0x2f,0x73,0x70,0x61,0x6e,0x3e,0x0a,0x20,0x20,0x20,0x20,0x20,0x20,0x20,0x20,0x20,
0x20,0x20,0x20,0x20,0x20,0x3c,0x64,0x69,0x76,0x20,0x63,0x6c,0x61,0x73,0x73,0x3d,
0x27,0x70,0x72,0x6f,0x67,0x72,0x65,0x73,0x73,0x2d,0x74,0x72,0x61,0x63,0x6b,0x27,
0x3e,0x3c,0x64,0x69,0x76,0x20,0x63,0x6c,0x61,0x73,0x73,0x3d,0x27,0x70,0x72,0x6f,
0x67,0x72,0x65,0x73,0x73,0x2d,0x66,0x69,0x6c,0x6c,0x27,0x20,0x69,0x64,0x3d,0x27,
0x77,0x72,0x69,0x74,0x65,0x2d,0x66,0x69,0x6c,0x6c,0x27,0x3e,0x3c,0x2f,0x64,0x69,
0x76,0x3e,0x3c,0x2f,0x64,0x69,0x76,0x3e,0x0a,0x20,0x20,0x20,0x20,0x20,0x20,0x20,
0x20,0x20,0x20,0x20,0x20,0x20,0x20,0x3c,0x73,0x70,0x61,0x6e,0x20,0x63,0x6c,0x61,
0x73,0x73,0x3d,0x27,0x70,0x72,0x6f,0x67,0x72,0x65,0x73,0x73,0x2d,0x70,0x65,0x72,
0x63,0x65,0x6e,0x74,0x27,0x20,0x69,0x64,0x3d,0x27,0x77,0x72,0x69,0x74,0x65,0x2d,
0x70,0x65,0x72,0x63,0x65,0x6e,0x74,0x27,0x3e,0x30,0x25,0x3c,0x2f,0x73,0x70,0x61,
0x6e,0x3e,0x0a,0x20,0x20,0x20,0x20,0x20,0x20,0x20,0x20,0x20,0x20,0x20,0x20,0x3c,
0x2f,0x64,0x69,0x76,0x3e,0x0a,0x20,0x20,0x20,0x20,0x20,0x20,0x20,0x20,0x20,0x20,
0x3c,0x2f,0x73,0x65,0x63,0x74,0x69,0x6f,0x6e,0x3e,0x0a,0x0a,0x20,0x20,0x20,0x20,
0x20,0x20,0x20,0x20,0x20,0x20,0x3c,0x61,0x73,0x69,0x64,0x65,0x20,0x63,0x6c,0x61,
0x73,0x73,0x3d,0x27,0x6e,0x6f,0x74,0x69,0x63,0x65,0x27,0x3e,0x0a,0x20,0x20,0x20,
0x20,0x20,0x20,0x20,0x20,0x20,0x20,0x20,0x20,0x3c,0x73,0x74,0x72,0x6f,0x6e,0x67,
0x20,0x64,0x61,0x74,0x61,0x2d,0x69,0x31,0x38,0x6e,0x3d,0x27,0x6c,0x61,0x62,0x65,
0x6c,0x73,0x2e,0x69,0x6d,0x70,0x6f,0x72,0x74,0x61,0x6e,0x74,0x27,0x3e,0x49,0x6d,
0x70,0x6f,0x72,0x74,0x61,0x6e,0x74,0x3c,0x2f,0x73,0x74,0x72,0x6f,0x6e,0x67,0x3e,
0x0a,0x20,0x20,0x20,0x20,0x20,0x20,0x20,0x20,0x20,0x20,0x20,0x20,0x3c,0x75,0x6c,
0x20,0x69,0x64,0x3d,0x27,0x6e,0x6f,0x74,0x69,0x63,0x65,0x2d,0x6c,0x69,0x73,0x74,
0x27,0x3e,0x0a,0x20,0x20,0x20,0x20,0x20,0x20,0x20,0x20,0x20,0x20,0x20,0x20,0x20,
0x20,0x3c,0x6c,0x69,0x20,0x63,0x6c,0x61,0x73,0x73,0x3d,0x27,0x63,0x72,0x69,0x74,
0x69,0x63,0x61,0x6c,0x2d,0x77,0x61,0x72,0x6e,0x69,0x6e,0x67,0x27,0x3e,0x44,0x6f,
0x20,0x6e,0x6f,0x74,0x20,0x70,0x6f,0x77,0x65,0x72,0x20,0x6f,0x66,0x66,0x20,0x6f,
0x72,0x20,0x72,0x65,0x62,0x6f,0x6f,0x74,0x20,0x74,0x68,0x65,0x20,0x64,0x65,0x76,
0x69,0x63,0x65,0x20,0x64,0x75,0x72,0x69,0x6e,0x67,0x20,0x72,0x65,0x63,0x6f,0x76,
0x65,0x72,0x79,0x21,0x3c,0x2f,0x6c,0x69,0x3e,0x0a,0x20,0x20,0x20,0x20,0x20,0x20,
0x20,0x20,0x20,0x20,0x20,0x20,0x20,0x20,0x3c,0x6c,0x69,0x3e,0x54,0x68,0x65,0x20,
0x73,0x65,0x6c,0x65,0x63,0x74,0x65,0x64,0x20,0x55,0x42,0x49,0x20,0x70,0x61,0x72,
0x74,0x69,0x74,0x69,0x6f,0x6e,0x20,0x69,0x73,0x20,0x66,0x75,0x6c,0x6c,0x79,0x20,
0x65,0x72,0x61,0x73,0x65,0x64,0x20,0x61,0x6e,0x64,0x20,0x72,0x65,0x62,0x75,0x69,
0x6c,0x74,0x2e,0x3c,0x2f,0x6c,0x69,0x3e,0x0a,0x20,0x20,0x20,0x20,0x20,0x20,0x20,
0x20,0x20,0x20,0x20,0x20,0x20,0x20,0x3c,0x6c,0x69,0x3e,0x54,0x68,0x65,0x20,0x73,
0x65,0x6c,0x65,0x63,0x74,0x69,0x6f,0x6e,0x20,0x6d,0x75,0x73,0x74,0x20,0x6d,0x61,
0x74,0x63,0x68,0x20,0x74,0x68,0x65,0x20,0x69,0x6d,0x61,0x67,0x65,0x27,0x73,0x20,
0x65,0x6d,0x62,0x65,0x64,0x64,0x65,0x64,0x20,0x64,0x65,0x76,0x69,0x63,0x65,0x20,
0x74,0x72,0x65,0x65,0x2e,0x3c,0x2f,0x6c,0x69,0x3e,0x0a,0x20,0x20,0x20,0x20,0x20,
0x20,0x20,0x20,0x20,0x20,0x20,0x20,0x20,0x20,0x3c,0x6c,0x69,0x3e,0x54,0x68,0x65,
0x20,0x64,0x65,0x76,0x69,0x63,0x65,0x20,0x72,0x65,0x73,0x74,0x61,0x72,0x74,0x73,
0x20,0x61,0x75,0x74,0x6f,0x6d,0x61,0x74,0x69,0x63,0x61,0x6c,0x6c,0x79,0x20,0x77,
0x68,0x65,0x6e,0x20,0x72,0x65,0x63,0x6f,0x76,0x65,0x72,0x79,0x20,0x63,0x6f,0x6d,
0x70,0x6c,0x65,0x74,0x65,0x73,0x2e,0x3c,0x2f,0x6c,0x69,0x3e,0x0a,0x20,0x20,0x20,
0x20,0x20,0x20,0x20,0x20,0x20,0x20,0x20,0x20,0x3c,0x2f,0x75,0x6c,0x3e,0x0a,0x20,
0x20,0x20,0x20,0x20,0x20,0x20,0x20,0x20,0x20,0x3c,0x2f,0x61,0x73,0x69,0x64,0x65,
0x3e,0x0a,0x20,0x20,0x20,0x20,0x20,0x20,0x20,0x20,0x3c,0x2f,0x64,0x69,0x76,0x3e,
0x0a,0x20,0x20,0x20,0x20,0x20,0x20,0x3c,0x2f,0x73,0x65,0x63,0x74,0x69,0x6f,0x6e,
0x3e,0x0a,0x20,0x20,0x20,0x20,0x20,0x20,0x3c,0x66,0x6f,0x6f,0x74,0x65,0x72,0x20,
0x63,0x6c,0x61,0x73,0x73,0x3d,0x27,0x66,0x6f,0x6f,0x74,0x65,0x72,0x27,0x3e,0x3c,
0x61,0x20,0x63,0x6c,0x61,0x73,0x73,0x3d,0x27,0x76,0x65,0x72,0x73,0x69,0x6f,0x6e,
0x2d,0x6c,0x69,0x6e,0x6b,0x27,0x20,0x68,0x72,0x65,0x66,0x3d,0x27,0x68,0x74,0x74,
0x70,0x73,0x3a,0x2f,0x2f,0x67,0x69,0x74,0x68,0x75,0x62,0x2e,0x63,0x6f,0x6d,0x2f,
0x6e,0x61,0x6f,0x6b,0x69,0x36,0x36,0x2f,0x58,0x52,0x31,0x37,0x31,0x30,0x47,0x2d,
0x68,0x74,0x74,0x70,0x2d,0x75,0x62,0x6f,0x6f,0x74,0x2f,0x72,0x65,0x6c,0x65,0x61,
0x73,0x65,0x73,0x27,0x20,0x74,0x61,0x72,0x67,0x65,0x74,0x3d,0x27,0x5f,0x62,0x6c,
0x61,0x6e,0x6b,0x27,0x20,0x72,0x65,0x6c,0x3d,0x27,0x6e,0x6f,0x6f,0x70,0x65,0x6e,
0x65,0x72,0x27,0x3e,0x3c,0x73,0x70,0x61,0x6e,0x20,0x69,0x64,0x3d,0x27,0x66,0x6f,
0x6f,0x74,0x65,0x72,0x2d,0x76,0x65,0x72,0x73,0x69,0x6f,0x6e,0x27,0x3e,0x58,0x52,
0x31,0x37,0x31,0x30,0x47,0x20,0x48,0x54,0x54,0x50,0x20,0x52,0x65,0x63,0x6f,0x76,
0x65,0x72,0x79,0x3c,0x2f,0x73,0x70,0x61,0x6e,0x3e,0x3c,0x2f,0x61,0x3e,0x3c,0x2f,
0x66,0x6f,0x6f,0x74,0x65,0x72,0x3e,0x0a,0x20,0x20,0x20,0x20,0x3c,0x2f,0x64,0x69,
0x76,0x3e,0x0a,0x20,0x20,0x3c,0x2f,0x6d,0x61,0x69,0x6e,0x3e,0x0a,0x3c,0x2f,0x64,
0x69,0x76,0x3e,0x0a,0x0a,0x3c,0x73,0x63,0x72,0x69,0x70,0x74,0x3e,0x0a,0x76,0x61,
0x72,0x20,0x61,0x63,0x74,0x69,0x76,0x65,0x54,0x61,0x72,0x67,0x65,0x74,0x3d,0x27,
0x66,0x69,0x72,0x6d,0x77,0x61,0x72,0x65,0x27,0x3b,0x0a,0x76,0x61,0x72,0x20,0x73,
0x65,0x6c,0x65,0x63,0x74,0x65,0x64,0x4c,0x61,0x79,0x6f,0x75,0x74,0x3d,0x27,0x32,
0x2e,0x30,0x27,0x3b,0x0a,0x76,0x61,0x72,0x20,0x73,0x65,0x6c,0x65,0x63,0x74,0x65,
0x64,0x46,0x69,0x6c,0x65,0x3d,0x6e,0x75,0x6c,0x6c,0x3b,0x0a,0x76,0x61,0x72,0x20,
0x62,0x75,0x73,0x79,0x3d,0x66,0x61,0x6c,0x73,0x65,0x3b,0x0a,0x76,0x61,0x72,0x20,
0x70,0x6f,0x6c,0x6c,0x54,0x69,0x6d,0x65,0x72,0x3d,0x6e,0x75,0x6c,0x6c,0x3b,0x0a,
0x76,0x61,0x72,0x20,0x70,0x6f,0x6c,0x6c,0x45,0x70,0x6f,0x63,0x68,0x3d,0x30,0x3b,
0x0a,0x76,0x61,0x72,0x20,0x70,0x6f,0x6c,0x6c,0x4f,0x75,0x74,0x63,0x6f,0x6d,0x65,
0x3d,0x30,0x3b,0x0a,0x76,0x61,0x72,0x20,0x6c,0x61,0x6e,0x67,0x75,0x61,0x67,0x65,
0x3d,0x28,0x6c,0x6f,0x63,0x61,0x6c,0x53,0x74,0x6f,0x72,0x61,0x67,0x65,0x2e,0x67,
0x65,0x74,0x49,0x74,0x65,0x6d,0x28,0x27,0x78,0x72,0x31,0x37,0x31,0x30,0x67,0x2d,
0x6c,0x61,0x6e,0x67,0x75,0x61,0x67,0x65,0x27,0x29,0x7c,0x7c,0x6e,0x61,0x76,0x69,
0x67,0x61,0x74,0x6f,0x72,0x2e,0x6c,0x61,0x6e,0x67,0x75,0x61,0x67,0x65,0x7c,0x7c,
0x27,0x65,0x6e,0x27,0x29,0x2e,0x74,0x6f,0x4c,0x6f,0x77,0x65,0x72,0x43,0x61,0x73,
0x65,0x28,0x29,0x2e,0x69,0x6e,0x64,0x65,0x78,0x4f,0x66,0x28,0x27,0x7a,0x68,0x27,
0x29,0x3d,0x3d,0x3d,0x30,0x3f,0x27,0x7a,0x68,0x27,0x3a,0x27,0x65,0x6e,0x27,0x3b,
0x0a,0x0a,0x76,0x61,0x72,0x20,0x74,0x72,0x61,0x6e,0x73,0x6c,0x61,0x74,0x69,0x6f,
0x6e,0x73,0x3d,0x7b,0x0a,0x20,0x20,0x65,0x6e,0x3a,0x7b,0x0a,0x20,0x20,0x20,0x20,
0x27,0x62,0x72,0x61,0x6e,0x64,0x2e,0x74,0x69,0x74,0x6c,0x65,0x27,0x3a,0x27,0x58,
0x52,0x31,0x37,0x31,0x30,0x47,0x20,0x52,0x65,0x63,0x6f,0x76,0x65,0x72,0x79,0x20,
0x4d,0x6f,0x64,0x65,0x27,0x2c,0x27,0x62,0x72,0x61,0x6e,0x64,0x2e,0x73,0x75,0x62,
0x74,0x69,0x74,0x6c,0x65,0x27,0x3a,0x27,0x52,0x65,0x63,0x6f,0x76,0x65,0x72,0x79,
0x20,0x57,0x65,0x62,0x55,0x49,0x27,0x2c,0x27,0x6e,0x61,0x76,0x2e,0x66,0x69,0x72,
0x6d,0x77,0x61,0x72,0x65,0x27,0x3a,0x27,0x46,0x69,0x72,0x6d,0x77,0x61,0x72,0x65,
0x20,0x52,0x65,0x63,0x6f,0x76,0x65,0x72,0x79,0x27,0x2c,0x27,0x6e,0x61,0x76,0x2e,
0x75,0x62,0x6f,0x6f,0x74,0x27,0x3a,0x27,0x55,0x70,0x64,0x61,0x74,0x65,0x20,0x55,
0x2d,0x42,0x6f,0x6f,0x74,0x27,0x2c,0x27,0x6e,0x61,0x76,0x2e,0x72,0x65,0x62,0x6f,
0x6f,0x74,0x27,0x3a,0x27,0x52,0x65,0x62,0x6f,0x6f,0x74,0x20,0x74,0x6f,0x20,0x53,
0x79,0x73,0x74,0x65,0x6d,0x27,0x2c,0x0a,0x20,0x20,0x20,0x20,0x27,0x6c,0x61,0x62,
0x65,0x6c,0x73,0x2e,0x74,0x61,0x72,0x67,0x65,0x74,0x27,0x3a,0x27,0x54,0x61,0x72,
0x67,0x65,0x74,0x27,0x2c,0x27,0x6c,0x61,0x62,0x65,0x6c,0x73,0x2e,0x6f,0x70,0x65,
0x72,0x61,0x74,0x69,0x6f,0x6e,0x27,0x3a,0x27,0x4f,0x70,0x65,0x72,0x61,0x74,0x69,
0x6f,0x6e,0x27,0x2c,0x27,0x6c,0x61,0x62,0x65,0x6c,0x73,0x2e,0x72,0x65,0x63,0x6f,
0x76,0x65,0x72,0x79,0x27,0x3a,0x27,0x52,0x65,0x63,0x6f,0x76,0x65,0x72,0x79,0x27,
0x2c,0x27,0x6c,0x61,0x62,0x65,0x6c,0x73,0x2e,0x64,0x65,0x74,0x65,0x63,0x74,0x65,
0x64,0x27,0x3a,0x27,0x44,0x65,0x74,0x65,0x63,0x74,0x65,0x64,0x27,0x2c,0x27,0x6c,
0x61,0x62,0x65,0x6c,0x73,0x2e,0x6c,0x61,0x79,0x6f,0x75,0x74,0x27,0x3a,0x27,0x49,
0x6d,0x61,0x67,0x65,0x20,0x55,0x42,0x49,0x20,0x6c,0x61,0x79,0x6f,0x75,0x74,0x27,
0x2c,0x27,0x6c,0x61,0x62,0x65,0x6c,0x73,0x2e,0x73,0x65,0x6c,0x65,0x63,0x74,0x46,
0x69,0x6c,0x65,0x27,0x3a,0x27,0x53,0x65,0x6c,0x65,0x63,0x74,0x20,0x69,0x6d,0x61,
0x67,0x65,0x20,0x66,0x69,0x6c,0x65,0x27,0x2c,0x27,0x6c,0x61,0x62,0x65,0x6c,0x73,
0x2e,0x70,0x72,0x6f,0x67,0x72,0x65,0x73,0x73,0x27,0x3a,0x27,0x52,0x65,0x63,0x6f,
0x76,0x65,0x72,0x79,0x20,0x50,0x72,0x6f,0x67,0x72,0x65,0x73,0x73,0x27,0x2c,0x27,
0x6c,0x61,0x62,0x65,0x6c,0x73,0x2e,0x75,0x70,0x6c,0x6f,0x61,0x64,0x27,0x3a,0x27,
0x55,0x70,0x6c,0x6f,0x61,0x64,0x27,0x2c,0x27,0x6c,0x61,0x62,0x65,0x6c,0x73,0x2e,
0x65,0x72,0x61,0x73,0x65,0x27,0x3a,0x27,0x45,0x72,0x61,0x73,0x65,0x27,0x2c,0x27,
0x6c,0x61,0x62,0x65,0x6c,0x73,0x2e,0x77,0x72,0x69,0x74,0x65,0x27,0x3a,0x27,0x57,
0x72,0x69,0x74,0x65,0x27,0x2c,0x27,0x6c,0x61,0x62,0x65,0x6c,0x73,0x2e,0x69,0x6d,
0x70,0x6f,0x72,0x74,0x61,0x6e,0x74,0x27,0x3a,0x27,0x49,0x6d,0x70,0x6f,0x72,0x74,
0x61,0x6e,0x74,0x27,0x2c,0x0a,0x20,0x20,0x20,0x20,0x27,0x62,0x75,0x74,0x74,0x6f,
0x6e,0x73,0x2e,0x63,0x68,0x6f,0x6f,0x73,0x65,0x27,0x3a,0x27,0x43,0x68,0x6f,0x6f,
0x73,0x65,0x20,0x46,0x69,0x6c,0x65,0x27,0x2c,0x27,0x66,0x69,0x6c,0x65,0x2e,0x6e,
0x6f,0x6e,0x65,0x27,0x3a,0x27,0x4e,0x6f,0x20,0x66,0x69,0x6c,0x65,0x20,0x73,0x65,
0x6c,0x65,0x63,0x74,0x65,0x64,0x27,0x2c,0x27,0x66,0x69,0x6c,0x65,0x2e,0x6d,0x69,
0x6e,0x27,0x3a,0x27,0x46,0x69,0x72,0x6d,0x77,0x61,0x72,0x65,0x20,0x69,0x6d,0x61,
0x67,0x65,0x73,0x20,0x6d,0x75,0x73,0x74,0x20,0x62,0x65,0x20,0x61,0x74,0x20,0x6c,
0x65,0x61,0x73,0x74,0x20,0x31,0x20,0x4d,0x69,0x42,0x27,0x2c,0x27,0x66,0x69,0x6c,
0x65,0x2e,0x72,0x65,0x61,0x64,0x79,0x27,0x3a,0x27,0x46,0x69,0x6c,0x65,0x20,0x72,
0x65,0x61,0x64,0x79,0x2e,0x27,0x2c,0x27,0x66,0x69,0x6c,0x65,0x2e,0x73,0x65,0x6c,
0x65,0x63,0x74,0x27,0x3a,0x27,0x53,0x65,0x6c,0x65,0x63,0x74,0x20,0x61,0x6e,0x20,
0x69,0x6d,0x61,0x67,0x65,0x20,0x66,0x69,0x6c,0x65,0x2e,0x27,0x2c,0x27,0x66,0x69,
0x6c,0x65,0x2e,0x69,0x6e,0x76,0x61,0x6c,0x69,0x64,0x27,0x3a,0x27,0x54,0x68,0x65,
0x20,0x73,0x65,0x6c,0x65,0x63,0x74,0x65,0x64,0x20,0x66,0x69,0x6c,0x65,0x20,0x64,
0x6f,0x65,0x73,0x20,0x6e,0x6f,0x74,0x20,0x6d,0x65,0x65,0x74,0x20,0x74,0x68,0x65,
0x20,0x74,0x61,0x72,0x67,0x65,0x74,0x20,0x72,0x65,0x71,0x75,0x69,0x72,0x65,0x6d,
0x65,0x6e,0x74,0x73,0x2e,0x27,0x2c,0x27,0x66,0x69,0x6c,0x65,0x2e,0x66,0x69,0x72,
0x6d,0x77,0x61,0x72,0x65,0x53,0x69,0x7a,0x65,0x27,0x3a,0x27,0x46,0x69,0x72,0x6d,
0x77,0x61,0x72,0x65,0x20,0x69,0x6d,0x61,0x67,0x65,0x73,0x20,0x6d,0x75,0x73,0x74,
0x20,0x62,0x65,0x20,0x61,0x74,0x20,0x6c,0x65,0x61,0x73,0x74,0x20,0x31,0x20,0x4d,
0x69,0x42,0x2e,0x27,0x2c,0x27,0x66,0x69,0x6c,0x65,0x2e,0x75,0x62,0x6f,0x6f,0x74,
0x53,0x69,0x7a,0x65,0x27,0x3a,0x27,0x55,0x2d,0x42,0x6f,0x6f,0x74,0x20,0x69,0x6d,
0x61,0x67,0x65,0x73,0x20,0x6d,0x75,0x73,0x74,0x20,0x6e,0x6f,0x74,0x20,0x65,0x78,
0x63,0x65,0x65,0x64,0x20,0x31,0x20,0x4d,0x69,0x42,0x2e,0x27,0x2c,0x0a,0x20,0x20,
0x20,0x20,0x27,0x73,0x74,0x61,0x74,0x65,0x2e,0x69,0x64,0x6c,0x65,0x27,0x3a,0x27,
0x49,0x64,0x6c,0x65,0x27,0x2c,0x27,0x73,0x74,0x61,0x74,0x65,0x2e,0x75,0x70,0x6c,
0x6f,0x61,0x64,0x69,0x6e,0x67,0x27,0x3a,0x27,0x55,0x70,0x6c,0x6f,0x61,0x64,0x69,
0x6e,0x67,0x27,0x2c,0x27,0x73,0x74,0x61,0x74,0x65,0x2e,0x70,0x72,0x6f,0x63,0x65,
0x73,0x73,0x69,0x6e,0x67,0x27,0x3a,0x27,0x50,0x72,0x6f,0x63,0x65,0x73,0x73,0x69,
0x6e,0x67,0x27,0x2c,0x27,0x73,0x74,0x61,0x74,0x65,0x2e,0x63,0x68,0x65,0x63,0x6b,
0x69,0x6e,0x67,0x27,0x3a,0x27,0x43,0x68,0x65,0x63,0x6b,0x69,0x6e,0x67,0x20,0x53,
0x74,0x61,0x74,0x75,0x73,0x27,0x2c,0x27,0x73,0x74,0x61,0x74,0x65,0x2e,0x65,0x72,
0x61,0x73,0x69,0x6e,0x67,0x27,0x3a,0x27,0x45,0x72,0x61,0x73,0x69,0x6e,0x67,0x27,
0x2c,0x27,0x73,0x74,0x61,0x74,0x65,0x2e,0x77,0x72,0x69,0x74,0x69,0x6e,0x67,0x27,
0x3a,0x27,0x57,0x72,0x69,0x74,0x69,0x6e,0x67,0x27,0x2c,0x27,0x73,0x74,0x61,0x74,
0x65,0x2e,0x63,0x6f,0x6d,0x70,0x6c,0x65,0x74,0x65,0x27,0x3a,0x27,0x43,0x6f,0x6d,
0x70,0x6c,0x65,0x74,0x65,0x27,0x2c,0x27,0x73,0x74,0x61,0x74,0x65,0x2e,0x66,0x61,
0x69,0x6c,0x65,0x64,0x27,0x3a,0x27,0x46,0x61,0x69,0x6c,0x65,0x64,0x27,0x2c,0x27,
0x73,0x74,0x61,0x74,0x65,0x2e,0x72,0x65,0x6a,0x65,0x63,0x74,0x65,0x64,0x27,0x3a,
0x27,0x52,0x65,0x6a,0x65,0x63,0x74,0x65,0x64,0x27,0x2c,0x27,0x73,0x74,0x61,0x74,
0x65,0x2e,0x6e,0x65,0x74,0x77,0x6f,0x72,0x6b,0x27,0x3a,0x27,0x4e,0x65,0x74,0x77,
0x6f,0x72,0x6b,0x20,0x45,0x72,0x72,0x6f,0x72,0x27,0x2c,0x27,0x73,0x74,0x61,0x74,
0x65,0x2e,0x72,0x65,0x62,0x6f,0x6f,0x74,0x69,0x6e,0x67,0x27,0x3a,0x27,0x52,0x65,
0x62,0x6f,0x6f,0x74,0x69,0x6e,0x67,0x27,0x2c,0x0a,0x20,0x20,0x20,0x20,0x27,0x6d,
0x73,0x67,0x2e,0x75,0x70,0x6c,0x6f,0x61,0x64,0x69,0x6e,0x67,0x27,0x3a,0x27,0x55,
0x70,0x6c,0x6f,0x61,0x64,0x69,0x6e,0x67,0x20,0x74,0x68,0x65,0x20,0x69,0x6d,0x61,
0x67,0x65,0x20,0x66,0x69,0x6c,0x65,0x2e,0x27,0x2c,0x27,0x6d,0x73,0x67,0x2e,0x70,
0x72,0x6f,0x63,0x65,0x73,0x73,0x69,0x6e,0x67,0x27,0x3a,0x27,0x55,0x70,0x6c,0x6f,
0x61,0x64,0x20,0x63,0x6f,0x6d,0x70,0x6c,0x65,0x74,0x65,0x2e,0x20,0x57,0x61,0x69,
0x74,0x69,0x6e,0x67,0x20,0x66,0x6f,0x72,0x20,0x65,0x72,0x61,0x73,0x65,0x20,0x61,
0x6e,0x64,0x20,0x77,0x72,0x69,0x74,0x65,0x20,0x6f,0x70,0x65,0x72,0x61,0x74,0x69,
0x6f,0x6e,0x73,0x2e,0x27,0x2c,0x27,0x6d,0x73,0x67,0x2e,0x63,0x68,0x65,0x63,0x6b,
0x69,0x6e,0x67,0x27,0x3a,0x27,0x55,0x70,0x6c,0x6f,0x61,0x64,0x20,0x77,0x61,0x73,
0x20,0x73,0x65,0x6e,0x74,0x2c,0x20,0x62,0x75,0x74,0x20,0x63,0x6f,0x6e,0x66,0x69,
0x72,0x6d,0x61,0x74,0x69,0x6f,0x6e,0x20,0x77,0x61,0x73,0x20,0x69,0x6e,0x74,0x65,
0x72,0x72,0x75,0x70,0x74,0x65,0x64,0x2e,0x20,0x44,0x6f,0x20,0x6e,0x6f,0x74,0x20,
0x70,0x6f,0x77,0x65,0x72,0x20,0x6f,0x66,0x66,0x20,0x6f,0x72,0x20,0x72,0x65,0x74,
0x72,0x79,0x2e,0x27,0x2c,0x27,0x6d,0x73,0x67,0x2e,0x65,0x72,0x61,0x73,0x69,0x6e,
0x67,0x27,0x3a,0x27,0x45,0x72,0x61,0x73,0x69,0x6e,0x67,0x20,0x74,0x68,0x65,0x20,
0x74,0x61,0x72,0x67,0x65,0x74,0x20,0x72,0x65,0x67,0x69,0x6f,0x6e,0x2e,0x20,0x44,
0x6f,0x20,0x6e,0x6f,0x74,0x20,0x70,0x6f,0x77,0x65,0x72,0x20,0x6f,0x66,0x66,0x20,
0x74,0x68,0x65,0x20,0x64,0x65,0x76,0x69,0x63,0x65,0x2e,0x27,0x2c,0x27,0x6d,0x73,
0x67,0x2e,0x77,0x72,0x69,0x74,0x69,0x6e,0x67,0x27,0x3a,0x27,0x57,0x72,0x69,0x74,
0x69,0x6e,0x67,0x20,0x74,0x68,0x65,0x20,0x69,0x6d,0x61,0x67,0x65,0x2e,0x20,0x44,
0x6f,0x20,0x6e,0x6f,0x74,0x20,0x70,0x6f,0x77,0x65,0x72,0x20,0x6f,0x66,0x66,0x20,
0x74,0x68,0x65,0x20,0x64,0x65,0x76,0x69,0x63,0x65,0x2e,0x27,0x2c,0x27,0x6d,0x73,
0x67,0x2e,0x73,0x65,0x6c,0x65,0x63,0x74,0x27,0x3a,0x27,0x53,0x65,0x6c,0x65,0x63,
0x74,0x20,0x61,0x6e,0x20,0x69,0x6d,0x61,0x67,0x65,0x20,0x66,0x69,0x6c,0x65,0x2e,
0x27,0x2c,0x27,0x6d,0x73,0x67,0x2e,0x72,0x65,0x61,0x64,0x79,0x27,0x3a,0x27,0x52,
0x65,0x61,0x64,0x79,0x20,0x74,0x6f,0x20,0x75,0x70,0x6c,0x6f,0x61,0x64,0x2e,0x27,
0x2c,0x27,0x6d,0x73,0x67,0x2e,0x63,0x6f,0x6d,0x70,0x6c,0x65,0x74,0x65,0x27,0x3a,
0x27,0x52,0x65,0x63,0x6f,0x76,0x65,0x72,0x79,0x20,0x63,0x6f,0x6d,0x70,0x6c,0x65,
0x74,0x65,0x2e,0x20,0x54,0x68,0x65,0x20,0x64,0x65,0x76,0x69,0x63,0x65,0x20,0x72,
0x65,0x73,0x74,0x61,0x72,0x74,0x73,0x20,0x69,0x6e,0x20,0x7b,0x30,0x7d,0x20,0x73,
0x65,0x63,0x6f,0x6e,0x64,0x73,0x2e,0x27,0x2c,0x27,0x6d,0x73,0x67,0x2e,0x66,0x61,
0x69,0x6c,0x65,0x64,0x27,0x3a,0x27,0x52,0x65,0x63,0x6f,0x76,0x65,0x72,0x79,0x20,
0x66,0x61,0x69,0x6c,0x65,0x64,0x2e,0x20,0x43,0x68,0x65,0x63,0x6b,0x20,0x74,0x68,
0x65,0x20,0x73,0x65,0x72,0x69,0x61,0x6c,0x20,0x63,0x6f,0x6e,0x73,0x6f,0x6c,0x65,
0x20,0x6c,0x6f,0x67,0x2e,0x27,0x2c,0x27,0x6d,0x73,0x67,0x2e,0x72,0x65,0x6a,0x65,
0x63,0x74,0x65,0x64,0x27,0x3a,0x27,0x54,0x68,0x65,0x20,0x73,0x65,0x72,0x76,0x65,
0x72,0x20,0x72,0x65,0x6a,0x65,0x63,0x74,0x65,0x64,0x20,0x74,0x68,0x69,0x73,0x20,
0x69,0x6d,0x61,0x67,0x65,0x2e,0x20,0x43,0x68,0x65,0x63,0x6b,0x20,0x74,0x68,0x65,
0x20,0x66,0x69,0x6c,0x65,0x20,0x61,0x6e,0x64,0x20,0x74,0x72,0x79,0x20,0x61,0x67,
0x61,0x69,0x6e,0x2e,0x27,0x2c,0x27,0x6d,0x73,0x67,0x2e,0x72,0x65,0x61,0x64,0x27,
0x3a,0x27,0x43,0x6f,0x75,0x6c,0x64,0x20,0x6e,0x6f,0x74,0x20,0x72,0x65,0x61,0x64,
0x20,0x74,0x68,0x65,0x20,0x73,0x65,0x6c,0x65,0x63,0x74,0x65,0x64,0x20,0x66,0x69,
0x6c,0x65,0x2e,0x27,0x2c,0x27,0x6d,0x73,0x67,0x2e,0x6e,0x65,0x74,0x77,0x6f,0x72,
0x6b,0x27,0x3a,0x27,0x54,0x68,0x65,0x20,0x75,0x70,0x6c,0x6f,0x61,0x64,0x20,0x63,
0x6f,0x6e,0x6e,0x65,0x63,0x74,0x69,0x6f,0x6e,0x20,0x66,0x61,0x69,0x6c,0x65,0x64,
0x20,0x62,0x65,0x66,0x6f,0x72,0x65,0x20,0x74,0x68,0x65,0x20,0x69,0x6d,0x61,0x67,
0x65,0x20,0x77,0x61,0x73,0x20,0x73,0x65,0x6e,0x74,0x2e,0x20,0x52,0x65,0x63,0x6f,
0x6e,0x6e,0x65,0x63,0x74,0x20,0x61,0x6e,0x64,0x20,0x74,0x72,0x79,0x20,0x61,0x67,
0x61,0x69,0x6e,0x2e,0x27,0x2c,0x27,0x6d,0x73,0x67,0x2e,0x72,0x65,0x62,0x6f,0x6f,
0x74,0x43,0x6f,0x6e,0x66,0x69,0x72,0x6d,0x27,0x3a,0x27,0x52,0x65,0x62,0x6f,0x6f,
0x74,0x20,0x74,0x68,0x65,0x20,0x64,0x65,0x76,0x69,0x63,0x65,0x20,0x61,0x6e,0x64,
0x20,0x63,0x6f,0x6e,0x74,0x69,0x6e,0x75,0x65,0x20,0x6e,0x6f,0x72,0x6d,0x61,0x6c,
0x20,0x73,0x74,0x61,0x72,0x74,0x75,0x70,0x3f,0x20,0x4d,0x61,0x6b,0x65,0x20,0x73,
0x75,0x72,0x65,0x20,0x74,0x68,0x65,0x20,0x72,0x65,0x63,0x6f,0x76,0x65,0x72,0x79,
0x20,0x62,0x75,0x74,0x74,0x6f,0x6e,0x20,0x69,0x73,0x20,0x72,0x65,0x6c,0x65,0x61,
0x73,0x65,0x64,0x2e,0x27,0x2c,0x27,0x6d,0x73,0x67,0x2e,0x72,0x65,0x62,0x6f,0x6f,
0x74,0x53,0x65,0x6e,0x64,0x27,0x3a,0x27,0x53,0x65,0x6e,0x64,0x69,0x6e,0x67,0x20,
0x74,0x68,0x65,0x20,0x72,0x65,0x62,0x6f,0x6f,0x74,0x20,0x72,0x65,0x71,0x75,0x65,
0x73,0x74,0x2e,0x27,0x2c,0x27,0x6d,0x73,0x67,0x2e,0x72,0x65,0x62,0x6f,0x6f,0x74,
0x52,0x65,0x6a,0x65,0x63,0x74,0x65,0x64,0x27,0x3a,0x27,0x54,0x68,0x65,0x20,0x72,
0x65,0x62,0x6f,0x6f,0x74,0x20,0x72,0x65,0x71,0x75,0x65,0x73,0x74,0x20,0x77,0x61,
0x73,0x20,0x6e,0x6f,0x74,0x20,0x61,0x63,0x63,0x65,0x70,0x74,0x65,0x64,0x2e,0x20,
0x54,0x72,0x79,0x20,0x61,0x67,0x61,0x69,0x6e,0x2e,0x27,0x2c,0x27,0x6d,0x73,0x67,
0x2e,0x72,0x65,0x62,0x6f,0x6f,0x74,0x69,0x6e,0x67,0x27,0x3a,0x27,0x52,0x65,0x73,
0x74,0x61,0x72,0x74,0x69,0x6e,0x67,0x20,0x69,0x6e,0x74,0x6f,0x20,0x74,0x68,0x65,
0x20,0x73,0x79,0x73,0x74,0x65,0x6d,0x20,0x69,0x6e,0x20,0x7b,0x30,0x7d,0x20,0x73,
0x65,0x63,0x6f,0x6e,0x64,0x73,0x2e,0x27,0x2c,0x27,0x6d,0x73,0x67,0x2e,0x72,0x65,
0x62,0x6f,0x6f,0x74,0x44,0x6f,0x6e,0x65,0x27,0x3a,0x27,0x54,0x68,0x65,0x20,0x64,
0x65,0x76,0x69,0x63,0x65,0x20,0x69,0x73,0x20,0x72,0x65,0x73,0x74,0x61,0x72,0x74,
0x69,0x6e,0x67,0x2e,0x20,0x52,0x65,0x63,0x6f,0x6e,0x6e,0x65,0x63,0x74,0x20,0x61,
0x66,0x74,0x65,0x72,0x20,0x74,0x68,0x65,0x20,0x73,0x79,0x73,0x74,0x65,0x6d,0x20,
0x66,0x69,0x6e,0x69,0x73,0x68,0x65,0x73,0x20,0x62,0x6f,0x6f,0x74,0x69,0x6e,0x67,
0x2e,0x27,0x2c,0x27,0x6d,0x73,0x67,0x2e,0x64,0x65,0x74,0x65,0x63,0x74,0x69,0x6e,
0x67,0x27,0x3a,0x27,0x43,0x68,0x65,0x63,0x6b,0x69,0x6e,0x67,0x20,0x63,0x75,0x72,
0x72,0x65,0x6e,0x74,0x20,0x6c,0x61,0x79,0x6f,0x75,0x74,0x2e,0x2e,0x2e,0x27,0x2c,
0x27,0x6d,0x73,0x67,0x2e,0x64,0x65,0x74,0x65,0x63,0x74,0x65,0x64,0x27,0x3a,0x27,
0x55,0x42,0x49,0x20,0x7b,0x30,0x7d,0x27,0x2c,0x0a,0x20,0x20,0x20,0x20,0x27,0x66,
0x69,0x72,0x6d,0x77,0x61,0x72,0x65,0x2e,0x74,0x69,0x74,0x6c,0x65,0x27,0x3a,0x27,
0x46,0x69,0x72,0x6d,0x77,0x61,0x72,0x65,0x20,0x52,0x65,0x63,0x6f,0x76,0x65,0x72,
0x79,0x27,0x2c,0x27,0x66,0x69,0x72,0x6d,0x77,0x61,0x72,0x65,0x2e,0x63,0x6f,0x70,
0x79,0x27,0x3a,0x27,0x55,0x70,0x6c,0x6f,0x61,0x64,0x20,0x61,0x6e,0x20,0x4f,0x70,
0x65,0x6e,0x57,0x72,0x74,0x20,0x46,0x49,0x54,0x20,0x69,0x6d,0x61,0x67,0x65,0x20,
0x61,0x6e,0x64,0x20,0x72,0x65,0x63,0x72,0x65,0x61,0x74,0x65,0x20,0x74,0x68,0x65,
0x20,0x73,0x65,0x6c,0x65,0x63,0x74,0x65,0x64,0x20,0x55,0x42,0x49,0x20,0x6c,0x61,
0x79,0x6f,0x75,0x74,0x2e,0x27,0x2c,0x27,0x66,0x69,0x72,0x6d,0x77,0x61,0x72,0x65,
0x2e,0x74,0x61,0x72,0x67,0x65,0x74,0x27,0x3a,0x27,0x75,0x62,0x69,0x3a,0x66,0x69,
0x74,0x27,0x2c,0x27,0x66,0x69,0x72,0x6d,0x77,0x61,0x72,0x65,0x2e,0x73,0x63,0x6f,
0x70,0x65,0x27,0x3a,0x27,0x45,0x72,0x61,0x73,0x65,0x20,0x61,0x6e,0x64,0x20,0x72,
0x65,0x63,0x72,0x65,0x61,0x74,0x65,0x20,0x74,0x68,0x65,0x20,0x63,0x6f,0x6d,0x70,
0x6c,0x65,0x74,0x65,0x20,0x73,0x65,0x6c,0x65,0x63,0x74,0x65,0x64,0x20,0x55,0x42,
0x49,0x20,0x70,0x61,0x72,0x74,0x69,0x74,0x69,0x6f,0x6e,0x27,0x2c,0x27,0x66,0x69,
0x72,0x6d,0x77,0x61,0x72,0x65,0x2e,0x70,0x72,0x65,0x73,0x65,0x72,0x76,0x65,0x27,
0x3a,0x27,0x46,0x61,0x63,0x74,0x6f,0x72,0x79,0x20,0x64,0x61,0x74,0x61,0x20,0x69,
0x73,0x20,0x72,0x65,0x73,0x74,0x6f,0x72,0x65,0x64,0x20,0x66,0x72,0x6f,0x6d,0x20,
0x44,0x53,0x44,0x3b,0x20,0x73,0x61,0x76,0x65,0x64,0x20,0x55,0x2d,0x42,0x6f,0x6f,
0x74,0x20,0x65,0x6e,0x76,0x69,0x72,0x6f,0x6e,0x6d,0x65,0x6e,0x74,0x20,0x69,0x73,
0x20,0x72,0x65,0x73,0x65,0x74,0x27,0x2c,0x27,0x66,0x69,0x72,0x6d,0x77,0x61,0x72,
0x65,0x2e,0x68,0x65,0x6c,0x70,0x27,0x3a,0x27,0x46,0x69,0x72,0x6d,0x77,0x61,0x72,
0x65,0x20,0x69,0x6d,0x61,0x67,0x65,0x73,0x20,0x6d,0x75,0x73,0x74,0x20,0x62,0x65,
0x20,0x61,0x74,0x20,0x6c,0x65,0x61,0x73,0x74,0x20,0x31,0x20,0x4d,0x69,0x42,0x27,
0x2c,0x27,0x66,0x69,0x72,0x6d,0x77,0x61,0x72,0x65,0x2e,0x61,0x63,0x74,0x69,0x6f,
0x6e,0x27,0x3a,0x27,0x55,0x70,0x6c,0x6f,0x61,0x64,0x20,0x61,0x6e,0x64,0x20,0x52,
0x65,0x63,0x6f,0x76,0x65,0x72,0x27,0x2c,0x0a,0x20,0x20,0x20,0x20,0x27,0x75,0x62,
0x6f,0x6f,0x74,0x2e,0x74,0x69,0x74,0x6c,0x65,0x27,0x3a,0x27,0x55,0x70,0x64,0x61,
0x74,0x65,0x20,0x55,0x2d,0x42,0x6f,0x6f,0x74,0x27,0x2c,0x27,0x75,0x62,0x6f,0x6f,
0x74,0x2e,0x63,0x6f,0x70,0x79,0x27,0x3a,0x27,0x55,0x70,0x6c,0x6f,0x61,0x64,0x20,
0x61,0x6e,0x20,0x58,0x52,0x31,0x37,0x31,0x30,0x47,0x20,0x63,0x68,0x61,0x69,0x6e,
0x6c,0x6f,0x61,0x64,0x65,0x72,0x20,0x73,0x6c,0x6f,0x74,0x20,0x69,0x6d,0x61,0x67,
0x65,0x2e,0x20,0x4f,0x6e,0x6c,0x79,0x20,0x74,0x68,0x65,0x20,0x72,0x61,0x77,0x20,
0x55,0x2d,0x42,0x6f,0x6f,0x74,0x20,0x73,0x6c,0x6f,0x74,0x20,0x77,0x69,0x6c,0x6c,
0x20,0x62,0x65,0x20,0x77,0x72,0x69,0x74,0x74,0x65,0x6e,0x2e,0x27,0x2c,0x27,0x75,
0x62,0x6f,0x6f,0x74,0x2e,0x74,0x61,0x72,0x67,0x65,0x74,0x27,0x3a,0x27,0x53,0x50,
0x49,0x2d,0x4e,0x41,0x4e,0x44,0x20,0x40,0x20,0x30,0x78,0x36,0x30,0x30,0x30,0x30,
0x30,0x27,0x2c,0x27,0x75,0x62,0x6f,0x6f,0x74,0x2e,0x73,0x63,0x6f,0x70,0x65,0x27,
0x3a,0x27,0x57,0x72,0x69,0x74,0x65,0x20,0x74,0x68,0x65,0x20,0x31,0x20,0x4d,0x69,
0x42,0x20,0x63,0x68,0x61,0x69,0x6e,0x6c,0x6f,0x61,0x64,0x65,0x72,0x20,0x73,0x6c,
0x6f,0x74,0x27,0x2c,0x27,0x75,0x62,0x6f,0x6f,0x74,0x2e,0x70,0x72,0x65,0x73,0x65,
0x72,0x76,0x65,0x27,0x3a,0x27,0x41,0x6c,0x6c,0x20,0x55,0x42,0x49,0x20,0x66,0x69,
0x72,0x6d,0x77,0x61,0x72,0x65,0x20,0x76,0x6f,0x6c,0x75,0x6d,0x65,0x73,0x20,0x61,
0x6e,0x64,0x20,0x63,0x6f,0x6e,0x66,0x69,0x67,0x75,0x72,0x61,0x74,0x69,0x6f,0x6e,
0x20,0x64,0x61,0x74,0x61,0x27,0x2c,0x27,0x75,0x62,0x6f,0x6f,0x74,0x2e,0x68,0x65,
0x6c,0x70,0x27,0x3a,0x27,0x55,0x73,0x65,0x20,0x78,0x72,0x31,0x37,0x31,0x30,0x67,
0x2d,0x63,0x68,0x61,0x69,0x6e,0x6c,0x6f,0x61,0x64,0x65,0x72,0x2d,0x73,0x6c,0x6f,
0x74,0x2e,0x62,0x69,0x6e,0x2c,0x20,0x6e,0x6f,0x74,0x20,0x75,0x2d,0x62,0x6f,0x6f,
0x74,0x2e,0x62,0x69,0x6e,0x27,0x2c,0x27,0x75,0x62,0x6f,0x6f,0x74,0x2e,0x61,0x63,
0x74,0x69,0x6f,0x6e,0x27,0x3a,0x27,0x55,0x70,0x6c,0x6f,0x61,0x64,0x20,0x61,0x6e,
0x64,0x20,0x55,0x70,0x64,0x61,0x74,0x65,0x27,0x2c,0x0a,0x20,0x20,0x20,0x20,0x27,
0x6c,0x61,0x79,0x6f,0x75,0x74,0x2e,0x32,0x2e,0x30,0x27,0x3a,0x27,0x55,0x42,0x49,
0x20,0x32,0x2e,0x30,0x20,0x2d,0x20,0x34,0x33,0x39,0x20,0x4d,0x69,0x42,0x20,0x28,
0x72,0x65,0x63,0x6f,0x6d,0x6d,0x65,0x6e,0x64,0x65,0x64,0x29,0x27,0x2c,0x27,0x6c,
0x61,0x79,0x6f,0x75,0x74,0x2e,0x31,0x2e,0x35,0x27,0x3a,0x27,0x55,0x42,0x49,0x20,
0x31,0x2e,0x35,0x20,0x2d,0x20,0x34,0x37,0x33,0x2e,0x37,0x35,0x20,0x4d,0x69,0x42,
0x27,0x2c,0x27,0x6c,0x61,0x79,0x6f,0x75,0x74,0x2e,0x31,0x2e,0x30,0x27,0x3a,0x27,
0x55,0x42,0x49,0x20,0x31,0x2e,0x30,0x20,0x2d,0x20,0x35,0x30,0x33,0x20,0x4d,0x69,
0x42,0x20,0x28,0x6c,0x65,0x67,0x61,0x63,0x79,0x29,0x27,0x2c,0x0a,0x20,0x20,0x20,
0x20,0x27,0x6c,0x61,0x79,0x6f,0x75,0x74,0x2e,0x32,0x2e,0x30,0x2e,0x68,0x65,0x6c,
0x70,0x27,0x3a,0x27,0x43,0x75,0x72,0x72,0x65,0x6e,0x74,0x20,0x73,0x61,0x66,0x65,
0x20,0x6c,0x61,0x79,0x6f,0x75,0x74,0x20,0x77,0x69,0x74,0x68,0x20,0x36,0x36,0x20,
0x4d,0x69,0x42,0x20,0x72,0x65,0x73,0x65,0x72,0x76,0x65,0x64,0x20,0x66,0x6f,0x72,
0x20,0x76,0x65,0x6e,0x64,0x6f,0x72,0x20,0x42,0x4d,0x54,0x2f,0x42,0x42,0x54,0x2e,
0x27,0x2c,0x27,0x6c,0x61,0x79,0x6f,0x75,0x74,0x2e,0x31,0x2e,0x35,0x2e,0x68,0x65,
0x6c,0x70,0x27,0x3a,0x27,0x49,0x6e,0x74,0x65,0x72,0x6d,0x65,0x64,0x69,0x61,0x74,
0x65,0x20,0x6c,0x61,0x79,0x6f,0x75,0x74,0x20,0x77,0x69,0x74,0x68,0x20,0x33,0x31,
0x2e,0x32,0x35,0x20,0x4d,0x69,0x42,0x20,0x72,0x65,0x73,0x65,0x72,0x76,0x65,0x64,
0x20,0x66,0x6f,0x72,0x20,0x76,0x65,0x6e,0x64,0x6f,0x72,0x20,0x42,0x4d,0x54,0x2f,
0x42,0x42,0x54,0x2e,0x27,0x2c,0x27,0x6c,0x61,0x79,0x6f,0x75,0x74,0x2e,0x31,0x2e,
0x30,0x2e,0x68,0x65,0x6c,0x70,0x27,0x3a,0x27,0x4c,0x65,0x67,0x61,0x63,0x79,0x20,
0x6c,0x61,0x79,0x6f,0x75,0x74,0x2e,0x20,0x53,0x65,0x6c,0x65,0x63,0x74,0x20,0x6f,
0x6e,0x6c,0x79,0x20,0x66,0x6f,0x72,0x20,0x61,0x6e,0x20,0x69,0x6d,0x61,0x67,0x65,
0x20,0x61,0x6e,0x64,0x20,0x63,0x68,0x61,0x69,0x6e,0x6c,0x6f,0x61,0x64,0x65,0x72,
0x20,0x62,0x75,0x69,0x6c,0x74,0x20,0x66,0x6f,0x72,0x20,0x55,0x42,0x49,0x20,0x31,
0x2e,0x30,0x2e,0x27,0x2c,0x0a,0x20,0x20,0x20,0x20,0x27,0x6e,0x6f,0x74,0x69,0x63,
0x65,0x2e,0x66,0x69,0x72,0x6d,0x77,0x61,0x72,0x65,0x2e,0x30,0x27,0x3a,0x27,0x44,
0x6f,0x20,0x6e,0x6f,0x74,0x20,0x70,0x6f,0x77,0x65,0x72,0x20,0x6f,0x66,0x66,0x20,
0x6f,0x72,0x20,0x72,0x65,0x62,0x6f,0x6f,0x74,0x20,0x74,0x68,0x65,0x20,0x64,0x65,
0x76,0x69,0x63,0x65,0x20,0x64,0x75,0x72,0x69,0x6e,0x67,0x20,0x72,0x65,0x63,0x6f,
0x76,0x65,0x72,0x79,0x21,0x27,0x2c,0x27,0x6e,0x6f,0x74,0x69,0x63,0x65,0x2e,0x66,
0x69,0x72,0x6d,0x77,0x61,0x72,0x65,0x2e,0x31,0x27,0x3a,0x27,0x54,0x68,0x65,0x20,
0x73,0x65,0x6c,0x65,0x63,0x74,0x65,0x64,0x20,0x55,0x42,0x49,0x20,0x70,0x61,0x72,
0x74,0x69,0x74,0x69,0x6f,0x6e,0x20,0x69,0x73,0x20,0x66,0x75,0x6c,0x6c,0x79,0x20,
0x65,0x72,0x61,0x73,0x65,0x64,0x20,0x61,0x6e,0x64,0x20,0x72,0x65,0x62,0x75,0x69,
0x6c,0x74,0x2e,0x27,0x2c,0x27,0x6e,0x6f,0x74,0x69,0x63,0x65,0x2e,0x66,0x69,0x72,
0x6d,0x77,0x61,0x72,0x65,0x2e,0x32,0x27,0x3a,0x22,0x54,0x68,0x65,0x20,0x73,0x65,
0x6c,0x65,0x63,0x74,0x69,0x6f,0x6e,0x20,0x6d,0x75,0x73,0x74,0x20,0x6d,0x61,0x74,
0x63,0x68,0x20,0x74,0x68,0x65,0x20,0x69,0x6d,0x61,0x67,0x65,0x27,0x73,0x20,0x65,
0x6d,0x62,0x65,0x64,0x64,0x65,0x64,0x20,0x64,0x65,0x76,0x69,0x63,0x65,0x20,0x74,
0x72,0x65,0x65,0x2e,0x22,0x2c,0x27,0x6e,0x6f,0x74,0x69,0x63,0x65,0x2e,0x66,0x69,
0x72,0x6d,0x77,0x61,0x72,0x65,0x2e,0x33,0x27,0x3a,0x27,0x54,0x68,0x65,0x20,0x64,
0x65,0x76,0x69,0x63,0x65,0x20,0x72,0x65,0x73,0x74,0x61,0x72,0x74,0x73,0x20,0x61,
0x75,0x74,0x6f,0x6d,0x61,0x74,0x69,0x63,0x61,0x6c,0x6c,0x79,0x20,0x77,0x68,0x65,
0x6e,0x20,0x72,0x65,0x63,0x6f,0x76,0x65,0x72,0x79,0x20,0x63,0x6f,0x6d,0x70,0x6c,
0x65,0x74,0x65,0x73,0x2e,0x27,0x2c,0x27,0x6e,0x6f,0x74,0x69,0x63,0x65,0x2e,0x75,
0x62,0x6f,0x6f,0x74,0x2e,0x30,0x27,0x3a,0x27,0x44,0x6f,0x20,0x6e,0x6f,0x74,0x20,
0x70,0x6f,0x77,0x65,0x72,0x20,0x6f,0x66,0x66,0x20,0x6f,0x72,0x20,0x72,0x65,0x62,
0x6f,0x6f,0x74,0x20,0x74,0x68,0x65,0x20,0x64,0x65,0x76,0x69,0x63,0x65,0x20,0x64,
0x75,0x72,0x69,0x6e,0x67,0x20,0x74,0x68,0x65,0x20,0x55,0x2d,0x42,0x6f,0x6f,0x74,
0x20,0x75,0x70,0x64,0x61,0x74,0x65,0x21,0x27,0x2c,0x27,0x6e,0x6f,0x74,0x69,0x63,
0x65,0x2e,0x75,0x62,0x6f,0x6f,0x74,0x2e,0x31,0x27,0x3a,0x27,0x54,0x68,0x65,0x20,
0x69,0x6d,0x61,0x67,0x65,0x20,0x66,0x6f,0x72,0x6d,0x61,0x74,0x20,0x69,0x73,0x20,
0x76,0x61,0x6c,0x69,0x64,0x61,0x74,0x65,0x64,0x20,0x62,0x65,0x66,0x6f,0x72,0x65,
0x20,0x77,0x72,0x69,0x74,0x69,0x6e,0x67,0x2e,0x27,0x2c,0x27,0x6e,0x6f,0x74,0x69,
0x63,0x65,0x2e,0x75,0x62,0x6f,0x6f,0x74,0x2e,0x32,0x27,0x3a,0x27,0x55,0x42,0x49,
0x20,0x66,0x69,0x72,0x6d,0x77,0x61,0x72,0x65,0x20,0x76,0x6f,0x6c,0x75,0x6d,0x65,
0x73,0x20,0x61,0x72,0x65,0x20,0x6e,0x6f,0x74,0x20,0x6d,0x6f,0x64,0x69,0x66,0x69,
0x65,0x64,0x2e,0x27,0x0a,0x20,0x20,0x7d,0x2c,0x0a,0x20,0x20,0x7a,0x68,0x3a,0x7b,
0x0a,0x20,0x20,0x20,0x20,0x27,0x62,0x72,0x61,0x6e,0x64,0x2e,0x74,0x69,0x74,0x6c,
0x65,0x27,0x3a,0x27,0x58,0x52,0x31,0x37,0x31,0x30,0x47,0x20,0xe6,0x81,0xa2,0xe5,
0xa4,0x8d,0xe6,0xa8,0xa1,0xe5,0xbc,0x8f,0x27,0x2c,0x27,0x62,0x72,0x61,0x6e,0x64,
0x2e,0x73,0x75,0x62,0x74,0x69,0x74,0x6c,0x65,0x27,0x3a,0x27,0xe6,0x81,0xa2,0xe5,
0xa4,0x8d,0xe7,0xbd,0x91,0xe9,0xa1,0xb5,0xe7,0x95,0x8c,0xe9,0x9d,0xa2,0x27,0x2c,
0x27,0x6e,0x61,0x76,0x2e,0x66,0x69,0x72,0x6d,0x77,0x61,0x72,0x65,0x27,0x3a,0x27,
0xe5,0x9b,0xba,0xe4,0xbb,0xb6,0xe6,0x81,0xa2,0xe5,0xa4,0x8d,0x27,0x2c,0x27,0x6e,
0x61,0x76,0x2e,0x75,0x62,0x6f,0x6f,0x74,0x27,0x3a,0x27,0xe6,0x9b,0xb4,0xe6,0x96,
0xb0,0x20,0x55,0x2d,0x42,0x6f,0x6f,0x74,0x27,0x2c,0x27,0x6e,0x61,0x76,0x2e,0x72,
0x65,0x62,0x6f,0x6f,0x74,0x27,0x3a,0x27,0xe9,0x87,0x8d,0xe5,0x90,0xaf,0xe8,0xbf,
0x9b,0xe5,0x85,0xa5,0xe7,0xb3,0xbb,0xe7,0xbb,0x9f,0x27,0x2c,0x0a,0x20,0x20,0x20,
0x20,0x27,0x6c,0x61,0x62,0x65,0x6c,0x73,0x2e,0x74,0x61,0x72,0x67,0x65,0x74,0x27,
0x3a,0x27,0xe7,0x9b,0xae,0xe6,0xa0,0x87,0x27,0x2c,0x27,0x6c,0x61,0x62,0x65,0x6c,
0x73,0x2e,0x6f,0x70,0x65,0x72,0x61,0x74,0x69,0x6f,0x6e,0x27,0x3a,0x27,0xe6,0x93,
0x8d,0xe4,0xbd,0x9c,0x27,0x2c,0x27,0x6c,0x61,0x62,0x65,0x6c,0x73,0x2e,0x72,0x65,
0x63,0x6f,0x76,0x65,0x72,0x79,0x27,0x3a,0x27,0xe6,0x81,0xa2,0xe5,0xa4,0x8d,0x27,
0x2c,0x27,0x6c,0x61,0x62,0x65,0x6c,0x73,0x2e,0x64,0x65,0x74,0x65,0x63,0x74,0x65,
0x64,0x27,0x3a,0x27,0xe6,0xa3,0x80,0xe6,0xb5,0x8b,0xe5,0x88,0xb0,0x27,0x2c,0x27,
0x6c,0x61,0x62,0x65,0x6c,0x73,0x2e,0x6c,0x61,0x79,0x6f,0x75,0x74,0x27,0x3a,0x27,
0xe9,0x95,0x9c,0xe5,0x83,0x8f,0x20,0x55,0x42,0x49,0x20,0xe5,0xb8,0x83,0xe5,0xb1,
0x80,0x27,0x2c,0x27,0x6c,0x61,0x62,0x65,0x6c,0x73,0x2e,0x73,0x65,0x6c,0x65,0x63,
0x74,0x46,0x69,0x6c,0x65,0x27,0x3a,0x27,0xe9,0x80,0x89,0xe6,0x8b,0xa9,0xe9,0x95,
0x9c,0xe5,0x83,0x8f,0xe6,0x96,0x87,0xe4,0xbb,0xb6,0x27,0x2c,0x27,0x6c,0x61,0x62,
0x65,0x6c,0x73,0x2e,0x70,0x72,0x6f,0x67,0x72,0x65,0x73,0x73,0x27,0x3a,0x27,0xe6,
0x81,0xa2,0xe5,0xa4,0x8d,0xe8,0xbf,0x9b,0xe5,0xba,0xa6,0x27,0x2c,0x27,0x6c,0x61,
0x62,0x65,0x6c,0x73,0x2e,0x75,0x70,0x6c,0x6f,0x61,0x64,0x27,0x3a,0x27,0xe4,0xb8,
0x8a,0xe4,0xbc,0xa0,0x27,0x2c,0x27,0x6c,0x61,0x62,0x65,0x6c,0x73,0x2e,0x65,0x72,
0x61,0x73,0x65,0x27,0x3a,0x27,0xe6,0x93,0xa6,0xe9,0x99,0xa4,0x27,0x2c,0x27,0x6c,
0x61,0x62,0x65,0x6c,0x73,0x2e,0x77,0x72,0x69,0x74,0x65,0x27,0x3a,0x27,0xe5,0x86,
0x99,0xe5,0x85,0xa5,0x27,0x2c,0x27,0x6c,0x61,0x62,0x65,0x6c,0x73,0x2e,0x69,0x6d,
0x70,0x6f,0x72,0x74,0x61,0x6e,0x74,0x27,0x3a,0x27,0xe9,0x87,0x8d,0xe8,0xa6,0x81,
0xe6,0x8f,0x90,0xe7,0xa4,0xba,0x27,0x2c,0x0a,0x20,0x20,0x20,0x20,0x27,0x62,0x75,
0x74,0x74,0x6f,0x6e,0x73,0x2e,0x63,0x68,0x6f,0x6f,0x73,0x65,0x27,0x3a,0x27,0xe9,
0x80,0x89,0xe6,0x8b,0xa9,0xe6,0x96,0x87,0xe4,0xbb,0xb6,0x27,0x2c,0x27,0x66,0x69,
0x6c,0x65,0x2e,0x6e,0x6f,0x6e,0x65,0x27,0x3a,0x27,0xe6,0x9c,0xaa,0xe9,0x80,0x89,
0xe6,0x8b,0xa9,0xe6,0x96,0x87,0xe4,0xbb,0xb6,0x27,0x2c,0x27,0x66,0x69,0x6c,0x65,
0x2e,0x6d,0x69,0x6e,0x27,0x3a,0x27,0xe5,0x9b,0xba,0xe4,0xbb,0xb6,0xe9,0x95,0x9c,
0xe5,0x83,0x8f,0xe8,0x87,0xb3,0xe5,0xb0,0x91,0xe9,0x9c,0x80,0xe8,0xa6,0x81,0x20,
0x31,0x20,0x4d,0x69,0x42,0x27,0x2c,0x27,0x66,0x69,0x6c,0x65,0x2e,0x72,0x65,0x61,
0x64,0x79,0x27,0x3a,0x27,0xe6,0x96,0x87,0xe4,0xbb,0xb6,0xe5,0xb7,0xb2,0xe5,0x87,
0x86,0xe5,0xa4,0x87,0xe5,0xb0,0xb1,0xe7,0xbb,0xaa,0xe3,0x80,0x82,0x27,0x2c,0x27,
0x66,0x69,0x6c,0x65,0x2e,0x73,0x65,0x6c,0x65,0x63,0x74,0x27,0x3a,0x27,0xe8,0xaf,
0xb7,0xe9,0x80,0x89,0xe6,0x8b,0xa9,0xe9,0x95,0x9c,0xe5,0x83,0x8f,0xe6,0x96,0x87,
0xe4,0xbb,0xb6,0xe3,0x80,0x82,0x27,0x2c,0x27,0x66,0x69,0x6c,0x65,0x2e,0x69,0x6e,
0x76,0x61,0x6c,0x69,0x64,0x27,0x3a,0x27,0xe6,0x89,0x80,0xe9,0x80,0x89,0xe6,0x96,
0x87,0xe4,0xbb,0xb6,0xe4,0xb8,0x8d,0xe7,0xac,0xa6,0xe5,0x90,0x88,0xe7,0x9b,0xae,
0xe6,0xa0,0x87,0xe8,0xa6,0x81,0xe6,0xb1,0x82,0xe3,0x80,0x82,0x27,0x2c,0x27,0x66,
0x69,0x6c,0x65,0x2e,0x66,0x69,0x72,0x6d,0x77,0x61,0x72,0x65,0x53,0x69,0x7a,0x65,
0x27,0x3a,0x27,0xe5,0x9b,0xba,0xe4,0xbb,0xb6,0xe9,0x95,0x9c,0xe5,0x83,0x8f,0xe8,
0x87,0xb3,0xe5,0xb0,0x91,0xe9,0x9c,0x80,0xe8,0xa6,0x81,0x20,0x31,0x20,0x4d,0x69,
0x42,0xe3,0x80,0x82,0x27,0x2c,0x27,0x66,0x69,0x6c,0x65,0x2e,0x75,0x62,0x6f,0x6f,
0x74,0x53,0x69,0x7a,0x65,0x27,0x3a,0x27,0x55,0x2d,0x42,0x6f,0x6f,0x74,0x20,0xe9,
0x95,0x9c,0xe5,0x83,0x8f,0xe4,0xb8,0x8d,0xe8,0x83,0xbd,0xe8,0xb6,0x85,0xe8,0xbf,
0x87,0x20,0x31,0x20,0x4d,0x69,0x42,0xe3,0x80,0x82,0x27,0x2c,0x0a,0x20,0x20,0x20,
0x20,0x27,0x73,0x74,0x61,0x74,0x65,0x2e,0x69,0x64,0x6c,0x65,0x27,0x3a,0x27,0xe7,
0xa9,0xba,0xe9,0x97,0xb2,0x27,0x2c,0x27,0x73,0x74,0x61,0x74,0x65,0x2e,0x75,0x70,
0x6c,0x6f,0x61,0x64,0x69,0x6e,0x67,0x27,0x3a,0x27,0xe4,0xb8,0x8a,0xe4,0xbc,0xa0,
0xe4,0xb8,0xad,0x27,0x2c,0x27,0x73,0x74,0x61,0x74,0x65,0x2e,0x70,0x72,0x6f,0x63,
0x65,0x73,0x73,0x69,0x6e,0x67,0x27,0x3a,0x27,0xe5,0xa4,0x84,0xe7,0x90,0x86,0xe4,
0xb8,0xad,0x27,0x2c,0x27,0x73,0x74,0x61,0x74,0x65,0x2e,0x63,0x68,0x65,0x63,0x6b,
0x69,0x6e,0x67,0x27,0x3a,0x27,0xe6,0xa3,0x80,0xe6,0x9f,0xa5,0xe7,0x8a,0xb6,0xe6,
0x80,0x81,0x27,0x2c,0x27,0x73,0x74,0x61,0x74,0x65,0x2e,0x65,0x72,0x61,0x73,0x69,
0x6e,0x67,0x27,0x3a,0x27,0xe6,0x93,0xa6,0xe9,0x99,0xa4,0xe4,0xb8,0xad,0x27,0x2c,
0x27,0x73,0x74,0x61,0x74,0x65,0x2e,0x77,0x72,0x69,0x74,0x69,0x6e,0x67,0x27,0x3a,
0x27,0xe5,0x86,0x99,0xe5,0x85,0xa5,0xe4,0xb8,0xad,0x27,0x2c,0x27,0x73,0x74,0x61,
0x74,0x65,0x2e,0x63,0x6f,0x6d,0x70,0x6c,0x65,0x74,0x65,0x27,0x3a,0x27,0xe5,0xae,
0x8c,0xe6,0x88,0x90,0x27,0x2c,0x27,0x73,0x74,0x61,0x74,0x65,0x2e,0x66,0x61,0x69,
0x6c,0x65,0x64,0x27,0x3a,0x27,0xe5,0xa4,0xb1,0xe8,0xb4,0xa5,0x27,0x2c,0x27,0x73,
0x74,0x61,0x74,0x65,0x2e,0x72,0x65,0x6a,0x65,0x63,0x74,0x65,0x64,0x27,0x3a,0x27,
0xe5,0xb7,0xb2,0xe6,0x8b,0x92,0xe7,0xbb,0x9d,0x27,0x2c,0x27,0x73,0x74,0x61,0x74,
0x65,0x2e,0x6e,0x65,0x74,0x77,0x6f,0x72,0x6b,0x27,0x3a,0x27,0xe7,0xbd,0x91,0xe7,
0xbb,0x9c,0xe9,0x94,0x99,0xe8,0xaf,0xaf,0x27,0x2c,0x27,0x73,0x74,0x61,0x74,0x65,
0x2e,0x72,0x65,0x62,0x6f,0x6f,0x74,0x69,0x6e,0x67,0x27,0x3a,0x27,0xe9,0x87,0x8d,
0xe5,0x90,0xaf,0xe4,0xb8,0xad,0x27,0x2c,0x0a,0x20,0x20,0x20,0x20,0x27,0x6d,0x73,
0x67,0x2e,0x75,0x70,0x6c,0x6f,0x61,0x64,0x69,0x6e,0x67,0x27,0x3a,0x27,0xe6,0xad,
0xa3,0xe5,0x9c,0xa8,0xe4,0xb8,0x8a,0xe4,0xbc,0xa0,0xe9,0x95,0x9c,0xe5,0x83,0x8f,
0xe6,0x96,0x87,0xe4,0xbb,0xb6,0xe3,0x80,0x82,0x27,0x2c,0x27,0x6d,0x73,0x67,0x2e,
0x70,0x72,0x6f,0x63,0x65,0x73,0x73,0x69,0x6e,0x67,0x27,0x3a,0x27,0xe4,0xb8,0x8a,
0xe4,0xbc,0xa0,0xe5,0xae,0x8c,0xe6,0x88,0x90,0xef,0xbc,0x8c,0xe7,0xad,0x89,0xe5,
0xbe,0x85,0xe6,0x93,0xa6,0xe9,0x99,0xa4,0xe5,0x92,0x8c,0xe5,0x86,0x99,0xe5,0x85,
0xa5,0xe6,0x93,0x8d,0xe4,0xbd,0x9c,0xe3,0x80,0x82,0x27,0x2c,0x27,0x6d,0x73,0x67,
0x2e,0x63,0x68,0x65,0x63,0x6b,0x69,0x6e,0x67,0x27,0x3a,0x27,0xe4,0xb8,0x8a,0xe4,
0xbc,0xa0,0xe5,0xb7,0xb2,0xe5,0x8f,0x91,0xe9,0x80,0x81,0xef,0xbc,0x8c,0xe4,0xbd,
0x86,0xe7,0xa1,0xae,0xe8,0xae,0xa4,0xe8,0xa2,0xab,0xe4,0xb8,0xad,0xe6,0x96,0xad,
0xe3,0x80,0x82,0xe8,0xaf,0xb7,0xe5,0x8b,0xbf,0xe6,0x96,0xad,0xe7,0x94,0xb5,0xe6,
0x88,0x96,0xe9,0x87,0x8d,0xe8,0xaf,0x95,0xe3,0x80,0x82,0x27,0x2c,0x27,0x6d,0x73,
0x67,0x2e,0x65,0x72,0x61,0x73,0x69,0x6e,0x67,0x27,0x3a,0x27,0xe6,0xad,0xa3,0xe5,
0x9c,0xa8,0xe6,0x93,0xa6,0xe9,0x99,0xa4,0xe7,0x9b,0xae,0xe6,0xa0,0x87,0xe5,0x8c,
0xba,0xe5,0x9f,0x9f,0xef,0xbc,0x8c,0xe8,0xaf,0xb7,0xe5,0x8b,0xbf,0xe6,0x96,0xad,
0xe7,0x94,0xb5,0xe3,0x80,0x82,0x27,0x2c,0x27,0x6d,0x73,0x67,0x2e,0x77,0x72,0x69,
0x74,0x69,0x6e,0x67,0x27,0x3a,0x27,0xe6,0xad,0xa3,0xe5,0x9c,0xa8,0xe5,0x86,0x99,
0xe5,0x85,0xa5,0xe9,0x95,0x9c,0xe5,0x83,0x8f,0xef,0xbc,0x8c,0xe8,0xaf,0xb7,0xe5,
0x8b,0xbf,0xe6,0x96,0xad,0xe7,0x94,0xb5,0xe3,0x80,0x82,0x27,0x2c,0x27,0x6d,0x73,
0x67,0x2e,0x73,0x65,0x6c,0x65,0x63,0x74,0x27,0x3a,0x27,0xe8,0xaf,0xb7,0xe9,0x80,
0x89,0xe6,0x8b,0xa9,0xe9,0x95,0x9c,0xe5,0x83,0x8f,0xe6,0x96,0x87,0xe4,0xbb,0xb6,
0xe3,0x80,0x82,0x27,0x2c,0x27,0x6d,0x73,0x67,0x2e,0x72,0x65,0x61,0x64,0x79,0x27,
0x3a,0x27,0xe5,0x8f,0xaf,0xe4,0xbb,0xa5,0xe4,0xb8,0x8a,0xe4,0xbc,0xa0,0xe3,0x80,
0x82,0x27,0x2c,0x27,0x6d,0x73,0x67,0x2e,0x63,0x6f,0x6d,0x70,0x6c,0x65,0x74,0x65,
0x27,0x3a,0x27,0xe6,0x81,0xa2,0xe5,0xa4,0x8d,0xe5,0xae,0x8c,0xe6,0x88,0x90,0xef,
0xbc,0x8c,0xe8,0xae,0xbe,0xe5,0xa4,0x87,0xe5,0xb0,0x86,0xe5,0x9c,0xa8,0x20,0x7b,
0x30,0x7d,0x20,0xe7,0xa7,0x92,0xe5,0x90,0x8e,0xe9,0x87,0x8d,0xe5,0x90,0xaf,0xe3,
0x80,0x82,0x27,0x2c,0x27,0x6d,0x73,0x67,0x2e,0x66,0x61,0x69,0x6c,0x65,0x64,0x27,
0x3a,0x27,0xe6,0x81,0xa2,0xe5,0xa4,0x8d,0xe5,0xa4,0xb1,0xe8,0xb4,0xa5,0xef,0xbc,
0x8c,0xe8,0xaf,0xb7,0xe6,0xa3,0x80,0xe6,0x9f,0xa5,0xe4,0xb8,0xb2,0xe5,0x8f,0xa3,
0xe6,0x97,0xa5,0xe5,0xbf,0x97,0xe3,0x80,0x82,0x27,0x2c,0x27,0x6d,0x73,0x67,0x2e,
0x72,0x65,0x6a,0x65,0x63,0x74,0x65,0x64,0x27,0x3a,0x27,0xe6,0x9c,0x8d,0xe5,0x8a,
0xa1,0xe5,0x99,0xa8,0xe6,0x8b,0x92,0xe7,0xbb,0x9d,0xe4,0xba,0x86,0xe6,0xad,0xa4,
0xe9,0x95,0x9c,0xe5,0x83,0x8f,0xef,0xbc,0x8c,0xe8,0xaf,0xb7,0xe6,0xa3,0x80,0xe6,
0x9f,0xa5,0xe6,0x96,0x87,0xe4,0xbb,0xb6,0xe5,0x90,0x8e,0xe9,0x87,0x8d,0xe8,0xaf,
0x95,0xe3,0x80,0x82,0x27,0x2c,0x27,0x6d,0x73,0x67,0x2e,0x72,0x65,0x61,0x64,0x27,
0x3a,0x27,0xe6,0x97,0xa0,0xe6,0xb3,0x95,0xe8,0xaf,0xbb,0xe5,0x8f,0x96,0xe6,0x89,
0x80,0xe9,0x80,0x89,0xe6,0x96,0x87,0xe4,0xbb,0xb6,0xe3,0x80,0x82,0x27,0x2c,0x27,
0x6d,0x73,0x67,0x2e,0x6e,0x65,0x74,0x77,0x6f,0x72,0x6b,0x27,0x3a,0x27,0xe9,0x95,
0x9c,0xe5,0x83,0x8f,0xe5,0xb0,0x9a,0xe6,0x9c,0xaa,0xe5,0x8f,0x91,0xe9,0x80,0x81,
0xef,0xbc,0x8c,0xe4,0xb8,0x8a,0xe4,0xbc,0xa0,0xe8,0xbf,0x9e,0xe6,0x8e,0xa5,0xe5,
0xb7,0xb2,0xe5,0xa4,0xb1,0xe8,0xb4,0xa5,0xe3,0x80,0x82,0xe8,0xaf,0xb7,0xe9,0x87,
0x8d,0xe6,0x96,0xb0,0xe8,0xbf,0x9e,0xe6,0x8e,0xa5,0xe5,0x90,0x8e,0xe9,0x87,0x8d,
0xe8,0xaf,0x95,0xe3,0x80,0x82,0x27,0x2c,0x27,0x6d,0x73,0x67,0x2e,0x72,0x65,0x62,
0x6f,0x6f,0x74,0x43,0x6f,0x6e,0x66,0x69,0x72,0x6d,0x27,0x3a,0x27,0xe9,0x87,0x8d,
0xe5,0x90,0xaf,0xe8,0xae,0xbe,0xe5,0xa4,0x87,0xe5,0xb9,0xb6,0xe7,0xbb,0xa7,0xe7,
0xbb,0xad,0xe6,0xad,0xa3,0xe5,0xb8,0xb8,0xe5,0x90,0xaf,0xe5,0x8a,0xa8,0xef,0xbc,
0x9f,0xe8,0xaf,0xb7,0xe7,0xa1,0xae,0xe8,0xae,0xa4,0xe5,0xb7,0xb2,0xe6,0x9d,0xbe,
0xe5,0xbc,0x80,0xe6,0x81,0xa2,0xe5,0xa4,0x8d,0xe6,0x8c,0x89,0xe9,0x92,0xae,0xe3,
0x80,0x82,0x27,0x2c,0x27,0x6d,0x73,0x67,0x2e,0x72,0x65,0x62,0x6f,0x6f,0x74,0x53,
0x65,0x6e,0x64,0x27,0x3a,0x27,0xe6,0xad,0xa3,0xe5,0x9c,0xa8,0xe5,0x8f,0x91,0xe9,
0x80,0x81,0xe9,0x87,0x8d,0xe5,0x90,0xaf,0xe8,0xaf,0xb7,0xe6,0xb1,0x82,0xe3,0x80,
0x82,0x27,0x2c,0x27,0x6d,0x73,0x67,0x2e,0x72,0x65,0x62,0x6f,0x6f,0x74,0x52,0x65,
0x6a,0x65,0x63,0x74,0x65,0x64,0x27,0x3a,0x27,0xe9,0x87,0x8d,0xe5,0x90,0xaf,0xe8,
0xaf,0xb7,0xe6,0xb1,0x82,0xe6,0x9c,0xaa,0xe8,0xa2,0xab,0xe6,0x8e,0xa5,0xe5,0x8f,
0x97,0xef,0xbc,0x8c,0xe8,0xaf,0xb7,0xe9,0x87,0x8d,0xe8,0xaf,0x95,0xe3,0x80,0x82,
0x27,0x2c,0x27,0x6d,0x73,0x67,0x2e,0x72,0x65,0x62,0x6f,0x6f,0x74,0x69,0x6e,0x67,
0x27,0x3a,0x27,0xe8,0xae,0xbe,0xe5,0xa4,0x87,0xe5,0xb0,0x86,0xe5,0x9c,0xa8,0x20,
0x7b,0x30,0x7d,0x20,0xe7,0xa7,0x92,0xe5,0x90,0x8e,0xe9,0x87,0x8d,0xe5,0x90,0xaf,
0xe8,0xbf,0x9b,0xe5,0x85,0xa5,0xe7,0xb3,0xbb,0xe7,0xbb,0x9f,0xe3,0x80,0x82,0x27,
0x2c,0x27,0x6d,0x73,0x67,0x2e,0x72,0x65,0x62,0x6f,0x6f,0x74,0x44,0x6f,0x6e,0x65,
0x27,0x3a,0x27,0xe8,0xae,0xbe,0xe5,0xa4,0x87,0xe6,0xad,0xa3,0xe5,0x9c,0xa8,0xe9,
0x87,0x8d,0xe5,0x90,0xaf,0xef,0xbc,0x8c,0xe7,0xb3,0xbb,0xe7,0xbb,0x9f,0xe5,0x90,
0xaf,0xe5,0x8a,0xa8,0xe5,0xae,0x8c,0xe6,0x88,0x90,0xe5,0x90,0x8e,0xe8,0xaf,0xb7,
0xe9,0x87,0x8d,0xe6,0x96,0xb0,0xe8,0xbf,0x9e,0xe6,0x8e,0xa5,0xe3,0x80,0x82,0x27,
0x2c,0x27,0x6d,0x73,0x67,0x2e,0x64,0x65,0x74,0x65,0x63,0x74,0x69,0x6e,0x67,0x27,
0x3a,0x27,0xe6,0xad,0xa3,0xe5,0x9c,0xa8,0xe6,0xa3,0x80,0xe6,0x9f,0xa5,0xe5,0xbd,
0x93,0xe5,0x89,0x8d,0xe5,0xb8,0x83,0xe5,0xb1,0x80,0x2e,0x2e,0x2e,0x27,0x2c,0x27,
0x6d,0x73,0x67,0x2e,0x64,0x65,0x74,0x65,0x63,0x74,0x65,0x64,0x27,0x3a,0x27,0x55,
0x42,0x49,0x20,0x7b,0x30,0x7d,0x27,0x2c,0x0a,0x20,0x20,0x20,0x20,0x27,0x66,0x69,
0x72,0x6d,0x77,0x61,0x72,0x65,0x2e,0x74,0x69,0x74,0x6c,0x65,0x27,0x3a,0x27,0xe5,
0x9b,0xba,0xe4,0xbb,0xb6,0xe6,0x81,0xa2,0xe5,0xa4,0x8d,0x27,0x2c,0x27,0x66,0x69,
0x72,0x6d,0x77,0x61,0x72,0x65,0x2e,0x63,0x6f,0x70,0x79,0x27,0x3a,0x27,0xe4,0xb8,
0x8a,0xe4,0xbc,0xa0,0x20,0x4f,0x70,0x65,0x6e,0x57,0x72,0x74,0x20,0x46,0x49,0x54,
0x20,0xe9,0x95,0x9c,0xe5,0x83,0x8f,0xe5,0xb9,0xb6,0xe9,0x87,0x8d,0xe5,0xbb,0xba,
0xe6,0x89,0x80,0xe9,0x80,0x89,0x20,0x55,0x42,0x49,0x20,0xe5,0xb8,0x83,0xe5,0xb1,
0x80,0xe3,0x80,0x82,0x27,0x2c,0x27,0x66,0x69,0x72,0x6d,0x77,0x61,0x72,0x65,0x2e,
0x74,0x61,0x72,0x67,0x65,0x74,0x27,0x3a,0x27,0x75,0x62,0x69,0x3a,0x66,0x69,0x74,
0x27,0x2c,0x27,0x66,0x69,0x72,0x6d,0x77,0x61,0x72,0x65,0x2e,0x73,0x63,0x6f,0x70,
0x65,0x27,0x3a,0x27,0xe6,0x93,0xa6,0xe9,0x99,0xa4,0xe5,0xb9,0xb6,0xe9,0x87,0x8d,
0xe5,0xbb,0xba,0xe5,0xae,0x8c,0xe6,0x95,0xb4,0xe7,0x9a,0x84,0x20,0x55,0x42,0x49,
0x20,0xe5,0x88,0x86,0xe5,0x8c,0xba,0x27,0x2c,0x27,0x66,0x69,0x72,0x6d,0x77,0x61,
0x72,0x65,0x2e,0x70,0x72,0x65,0x73,0x65,0x72,0x76,0x65,0x27,0x3a,0x27,0xe4,0xbb,
0x8e,0x20,0x44,0x53,0x44,0x20,0xe6,0x81,0xa2,0xe5,0xa4,0x8d,0xe5,0x87,0xba,0xe5,
0x8e,0x82,0xe6,0x95,0xb0,0xe6,0x8d,0xae,0xef,0xbc,0x8c,0xe5,0xb9,0xb6,0xe9,0x87,
0x8d,0xe7,0xbd,0xae,0xe5,0xb7,0xb2,0xe4,0xbf,0x9d,0xe5,0xad,0x98,0xe7,0x9a,0x84,
0x20,0x55,0x2d,0x42,0x6f,0x6f,0x74,0x20,0xe7,0x8e,0xaf,0xe5,0xa2,0x83,0x27,0x2c,
0x27,0x66,0x69,0x72,0x6d,0x77,0x61,0x72,0x65,0x2e,0x68,0x65,0x6c,0x70,0x27,0x3a,
0x27,0xe5,0x9b,0xba,0xe4,0xbb,0xb6,0xe9,0x95,0x9c,0xe5,0x83,0x8f,0xe8,0x87,0xb3,
0xe5,0xb0,0x91,0xe9,0x9c,0x80,0xe8,0xa6,0x81,0x20,0x31,0x20,0x4d,0x69,0x42,0x27,
0x2c,0x27,0x66,0x69,0x72,0x6d,0x77,0x61,0x72,0x65,0x2e,0x61,0x63,0x74,0x69,0x6f,
0x6e,0x27,0x3a,0x27,0xe4,0xb8,0x8a,0xe4,0xbc,0xa0,0xe5,0xb9,0xb6,0xe6,0x81,0xa2,
0xe5,0xa4,0x8d,0x27,0x2c,0x0a,0x20,0x20,0x20,0x20,0x27,0x75,0x62,0x6f,0x6f,0x74,
0x2e,0x74,0x69,0x74,0x6c,0x65,0x27,0x3a,0x27,0xe6,0x9b,0xb4,0xe6,0x96,0xb0,0x20,
0x55,0x2d,0x42,0x6f,0x6f,0x74,0x27,0x2c,0x27,0x75,0x62,0x6f,0x6f,0x74,0x2e,0x63,
0x6f,0x70,0x79,0x27,0x3a,0x27,0xe4,0xb8,0x8a,0xe4,0xbc,0xa0,0x20,0x58,0x52,0x31,
0x37,0x31,0x30,0x47,0x20,0x63,0x68,0x61,0x69,0x6e,0x6c,0x6f,0x61,0x64,0x65,0x72,
0x20,0xe6,0xa7,0xbd,0xe4,0xbd,0x8d,0xe9,0x95,0x9c,0xe5,0x83,0x8f,0xef,0xbc,0x8c,
0xe5,0x8f,0xaa,0xe5,0x86,0x99,0xe5,0x85,0xa5,0xe5,0x8e,0x9f,0xe5,0xa7,0x8b,0x20,
0x55,0x2d,0x42,0x6f,0x6f,0x74,0x20,0xe6,0xa7,0xbd,0xe4,0xbd,0x8d,0xe3,0x80,0x82,
0x27,0x2c,0x27,0x75,0x62,0x6f,0x6f,0x74,0x2e,0x74,0x61,0x72,0x67,0x65,0x74,0x27,
0x3a,0x27,0x53,0x50,0x49,0x2d,0x4e,0x41,0x4e,0x44,0x20,0x40,0x20,0x30,0x78,0x36,
0x30,0x30,0x30,0x30,0x30,0x27,0x2c,0x27,0x75,0x62,0x6f,0x6f,0x74,0x2e,0x73,0x63,
0x6f,0x70,0x65,0x27,0x3a,0x27,0xe5,0x86,0x99,0xe5,0x85,0xa5,0x20,0x31,0x20,0x4d,
0x69,0x42,0x20,0x63,0x68,0x61,0x69,0x6e,0x6c,0x6f,0x61,0x64,0x65,0x72,0x20,0xe6,
0xa7,0xbd,0xe4,0xbd,0x8d,0x27,0x2c,0x27,0x75,0x62,0x6f,0x6f,0x74,0x2e,0x70,0x72,
0x65,0x73,0x65,0x72,0x76,0x65,0x27,0x3a,0x27,0xe6,0x89,0x80,0xe6,0x9c,0x89,0x20,
0x55,0x42,0x49,0x20,0xe5,0x9b,0xba,0xe4,0xbb,0xb6,0xe5,0x8d,0xb7,0xe5,0x92,0x8c,
0xe9,0x85,0x8d,0xe7,0xbd,0xae,0xe6,0x95,0xb0,0xe6,0x8d,0xae,0x27,0x2c,0x27,0x75,
0x62,0x6f,0x6f,0x74,0x2e,0x68,0x65,0x6c,0x70,0x27,0x3a,0x27,0xe8,0xaf,0xb7,0xe4,
0xbd,0xbf,0xe7,0x94,0xa8,0x20,0x78,0x72,0x31,0x37,0x31,0x30,0x67,0x2d,0x63,0x68,
0x61,0x69,0x6e,0x6c,0x6f,0x61,0x64,0x65,0x72,0x2d,0x73,0x6c,0x6f,0x74,0x2e,0x62,
0x69,0x6e,0xef,0xbc,0x8c,0xe4,0xb8,0x8d,0xe8,0xa6,0x81,0xe4,0xbd,0xbf,0xe7,0x94,
0xa8,0x20,0x75,0x2d,0x62,0x6f,0x6f,0x74,0x2e,0x62,0x69,0x6e,0x27,0x2c,0x27,0x75,
0x62,0x6f,0x6f,0x74,0x2e,0x61,0x63,0x74,0x69,0x6f,0x6e,0x27,0x3a,0x27,0xe4,0xb8,
0x8a,0xe4,0xbc,0xa0,0xe5,0xb9,0xb6,0xe6,0x9b,0xb4,0xe6,0x96,0xb0,0x27,0x2c,0x0a,
0x20,0x20,0x20,0x20,0x27,0x6c,0x61,0x79,0x6f,0x75,0x74,0x2e,0x32,0x2e,0x30,0x27,
0x3a,0x27,0x55,0x42,0x49,0x20,0x32,0x2e,0x30,0x20,0x2d,0x20,0x34,0x33,0x39,0x20,
0x4d,0x69,0x42,0xef,0xbc,0x88,0xe6,0x8e,0xa8,0xe8,0x8d,0x90,0xef,0xbc,0x89,0x27,
0x2c,0x27,0x6c,0x61,0x79,0x6f,0x75,0x74,0x2e,0x31,0x2e,0x35,0x27,0x3a,0x27,0x55,
0x42,0x49,0x20,0x31,0x2e,0x35,0x20,0x2d,0x20,0x34,0x37,0x33,0x2e,0x37,0x35,0x20,
0x4d,0x69,0x42,0x27,0x2c,0x27,0x6c,0x61,0x79,0x6f,0x75,0x74,0x2e,0x31,0x2e,0x30,
0x27,0x3a,0x27,0x55,0x42,0x49,0x20,0x31,0x2e,0x30,0x20,0x2d,0x20,0x35,0x30,0x33,
0x20,0x4d,0x69,0x42,0xef,0xbc,0x88,0xe6,0x97,0xa7,0xe7,0x89,0x88,0xef,0xbc,0x89,
0x27,0x2c,0x0a,0x20,0x20,0x20,0x20,0x27,0x6c,0x61,0x79,0x6f,0x75,0x74,0x2e,0x32,
0x2e,0x30,0x2e,0x68,0x65,0x6c,0x70,0x27,0x3a,0x27,0xe5,0xbd,0x93,0xe5,0x89,0x8d,
0xe5,0xae,0x89,0xe5,0x85,0xa8,0xe5,0xb8,0x83,0xe5,0xb1,0x80,0xef,0xbc,0x8c,0xe4,
0xb8,0xba,0xe5,0x8e,0x82,0xe5,0x95,0x86,0x20,0x42,0x4d,0x54,0x2f,0x42,0x42,0x54,
0x20,0xe9,0xa2,0x84,0xe7,0x95,0x99,0x20,0x36,0x36,0x20,0x4d,0x69,0x42,0xe3,0x80,
0x82,0x27,0x2c,0x27,0x6c,0x61,0x79,0x6f,0x75,0x74,0x2e,0x31,0x2e,0x35,0x2e,0x68,
0x65,0x6c,0x70,0x27,0x3a,0x27,0xe4,0xb8,0xad,0xe9,0x97,0xb4,0xe5,0xb8,0x83,0xe5,
0xb1,0x80,0xef,0xbc,0x8c,0xe4,0xb8,0xba,0xe5,0x8e,0x82,0xe5,0x95,0x86,0x20,0x42,
0x4d,0x54,0x2f,0x42,0x42,0x54,0x20,0xe9,0xa2,0x84,0xe7,0x95,0x99,0x20,0x33,0x31,
0x2e,0x32,0x35,0x20,0x4d,0x69,0x42,0xe3,0x80,0x82,0x27,0x2c,0x27,0x6c,0x61,0x79,
0x6f,0x75,0x74,0x2e,0x31,0x2e,0x30,0x2e,0x68,0x65,0x6c,0x70,0x27,0x3a,0x27,0xe6,
0x97,0xa7,0xe7,0x89,0x88,0xe5,0xb8,0x83,0xe5,0xb1,0x80,0xef,0xbc,0x8c,0xe4,0xbb,
0x85,0xe7,0x94,0xa8,0xe4,0xba,0x8e,0x20,0x55,0x42,0x49,0x20,0x31,0x2e,0x30,0x20,
0xe6,0x9e,0x84,0xe5,0xbb,0xba,0xe7,0x9a,0x84,0xe9,0x95,0x9c,0xe5,0x83,0x8f,0xe5,
0x92,0x8c,0x20,0x63,0x68,0x61,0x69,0x6e,0x6c,0x6f,0x61,0x64,0x65,0x72,0xe3,0x80,
0x82,0x27,0x2c,0x27,0x6e,0x6f,0x74,0x69,0x63,0x65,0x2e,0x66,0x69,0x72,0x6d,0x77,
0x61,0x72,0x65,0x2e,0x30,0x27,0x3a,0x27,0xe6,0x81,0xa2,0xe5,0xa4,0x8d,0xe6,0x9c,
0x9f,0xe9,0x97,0xb4,0xe8,0xaf,0xb7,0xe5,0x8b,0xbf,0xe6,0x96,0xad,0xe7,0x94,0xb5,
0xe6,0x88,0x96,0xe9,0x87,0x8d,0xe5,0x90,0xaf,0xe8,0xae,0xbe,0xe5,0xa4,0x87,0xef,
0xbc,0x81,0x27,0x2c,0x27,0x6e,0x6f,0x74,0x69,0x63,0x65,0x2e,0x66,0x69,0x72,0x6d,
0x77,0x61,0x72,0x65,0x2e,0x31,0x27,0x3a,0x27,0xe6,0x89,0x80,0xe9,0x80,0x89,0x20,
0x55,0x42,0x49,0x20,0xe5,0x88,0x86,0xe5,0x8c,0xba,0xe5,0xb0,0x86,0xe8,0xa2,0xab,
0xe5,0xae,0x8c,0xe5,0x85,0xa8,0xe6,0x93,0xa6,0xe9,0x99,0xa4,0xe5,0xb9,0xb6,0xe9,
0x87,0x8d,0xe5,0xbb,0xba,0xe3,0x80,0x82,0x27,0x2c,0x27,0x6e,0x6f,0x74,0x69,0x63,
0x65,0x2e,0x66,0x69,0x72,0x6d,0x77,0x61,0x72,0x65,0x2e,0x32,0x27,0x3a,0x27,0xe6,
0x89,0x80,0xe9,0x80,0x89,0xe5,0xb8,0x83,0xe5,0xb1,0x80,0xe5,0xbf,0x85,0xe9,0xa1,
0xbb,0xe4,0xb8,0x8e,0xe9,0x95,0x9c,0xe5,0x83,0x8f,0xe5,0x86,0x85,0xe5,0xb5,0x8c,
0xe7,0x9a,0x84,0xe8,0xae,0xbe,0xe5,0xa4,0x87,0xe6,0xa0,0x91,0xe5,0x8c,0xb9,0xe9,
0x85,0x8d,0xe3,0x80,0x82,0x27,0x2c,0x27,0x6e,0x6f,0x74,0x69,0x63,0x65,0x2e,0x66,
0x69,0x72,0x6d,0x77,0x61,0x72,0x65,0x2e,0x33,0x27,0x3a,0x27,0xe6,0x81,0xa2,0xe5,
0xa4,0x8d,0xe5,0xae,0x8c,0xe6,0x88,0x90,0xe5,0x90,0x8e,0xe8,0xae,0xbe,0xe5,0xa4,
0x87,0xe4,0xbc,0x9a,0xe8,0x87,0xaa,0xe5,0x8a,0xa8,0xe9,0x87,0x8d,0xe5,0x90,0xaf,
0xe3,0x80,0x82,0x27,0x2c,0x27,0x6e,0x6f,0x74,0x69,0x63,0x65,0x2e,0x75,0x62,0x6f,
0x6f,0x74,0x2e,0x30,0x27,0x3a,0x27,0xe6,0x9b,0xb4,0xe6,0x96,0xb0,0x20,0x55,0x2d,
0x42,0x6f,0x6f,0x74,0x20,0xe6,0x9c,0x9f,0xe9,0x97,0xb4,0xe8,0xaf,0xb7,0xe5,0x8b,
0xbf,0xe6,0x96,0xad,0xe7,0x94,0xb5,0xe6,0x88,0x96,0xe9,0x87,0x8d,0xe5,0x90,0xaf,
0xe8,0xae,0xbe,0xe5,0xa4,0x87,0xef,0xbc,0x81,0x27,0x2c,0x27,0x6e,0x6f,0x74,0x69,
0x63,0x65,0x2e,0x75,0x62,0x6f,0x6f,0x74,0x2e,0x31,0x27,0x3a,0x27,0xe5,0x86,0x99,
0xe5,0x85,0xa5,0xe5,0x89,0x8d,0xe4,0xbc,0x9a,0xe9,0xaa,0x8c,0xe8,0xaf,0x81,0xe9,
0x95,0x9c,0xe5,0x83,0x8f,0xe6,0xa0,0xbc,0xe5,0xbc,0x8f,0xe3,0x80,0x82,0x27,0x2c,
0x27,0x6e,0x6f,0x74,0x69,0x63,0x65,0x2e,0x75,0x62,0x6f,0x6f,0x74,0x2e,0x32,0x27,
0x3a,0x27,0xe4,0xb8,0x8d,0xe4,0xbc,0x9a,0xe4,0xbf,0xae,0xe6,0x94,0xb9,0x20,0x55,
0x42,0x49,0x20,0xe5,0x9b,0xba,0xe4,0xbb,0xb6,0xe5,0x8d,0xb7,0xe3,0x80,0x82,0x27,
0x0a,0x20,0x20,0x7d,0x0a,0x7d,0x3b,0x0a,0x66,0x75,0x6e,0x63,0x74,0x69,0x6f,0x6e,
0x20,0x74,0x28,0x6b,0x65,0x79,0x29,0x7b,0x72,0x65,0x74,0x75,0x72,0x6e,0x20,0x28,
0x74,0x72,0x61,0x6e,0x73,0x6c,0x61,0x74,0x69,0x6f,0x6e,0x73,0x5b,0x6c,0x61,0x6e,
0x67,0x75,0x61,0x67,0x65,0x5d,0x26,0x26,0x74,0x72,0x61,0x6e,0x73,0x6c,0x61,0x74,
0x69,0x6f,0x6e,0x73,0x5b,0x6c,0x61,0x6e,0x67,0x75,0x61,0x67,0x65,0x5d,0x5b,0x6b,
0x65,0x79,0x5d,0x29,0x7c,0x7c,0x74,0x72,0x61,0x6e,0x73,0x6c,0x61,0x74,0x69,0x6f,
0x6e,0x73,0x2e,0x65,0x6e,0x5b,0x6b,0x65,0x79,0x5d,0x7c,0x7c,0x6b,0x65,0x79,0x7d,
0x0a,0x66,0x75,0x6e,0x63,0x74,0x69,0x6f,0x6e,0x20,0x74,0x6d,0x28,0x6b,0x65,0x79,
0x2c,0x61,0x72,0x67,0x29,0x7b,0x72,0x65,0x74,0x75,0x72,0x6e,0x20,0x74,0x28,0x6b,
0x65,0x79,0x29,0x2e,0x72,0x65,0x70,0x6c,0x61,0x63,0x65,0x28,0x27,0x7b,0x30,0x7d,
0x27,0x2c,0x61,0x72,0x67,0x29,0x7d,0x0a,0x66,0x75,0x6e,0x63,0x74,0x69,0x6f,0x6e,
0x20,0x61,0x70,0x70,0x6c,0x79,0x4c,0x61,0x6e,0x67,0x75,0x61,0x67,0x65,0x28,0x29,
0x7b,0x0a,0x20,0x20,0x64,0x6f,0x63,0x75,0x6d,0x65,0x6e,0x74,0x2e,0x64,0x6f,0x63,
0x75,0x6d,0x65,0x6e,0x74,0x45,0x6c,0x65,0x6d,0x65,0x6e,0x74,0x2e,0x6c,0x61,0x6e,
0x67,0x3d,0x6c,0x61,0x6e,0x67,0x75,0x61,0x67,0x65,0x3d,0x3d,0x3d,0x27,0x7a,0x68,
0x27,0x3f,0x27,0x7a,0x68,0x2d,0x43,0x4e,0x27,0x3a,0x27,0x65,0x6e,0x27,0x3b,0x0a,
0x20,0x20,0x64,0x6f,0x63,0x75,0x6d,0x65,0x6e,0x74,0x2e,0x71,0x75,0x65,0x72,0x79,
0x53,0x65,0x6c,0x65,0x63,0x74,0x6f,0x72,0x41,0x6c,0x6c,0x28,0x27,0x5b,0x64,0x61,
0x74,0x61,0x2d,0x69,0x31,0x38,0x6e,0x5d,0x27,0x29,0x2e,0x66,0x6f,0x72,0x45,0x61,
0x63,0x68,0x28,0x66,0x75,0x6e,0x63,0x74,0x69,0x6f,0x6e,0x28,0x65,0x6c,0x29,0x7b,
0x65,0x6c,0x2e,0x74,0x65,0x78,0x74,0x43,0x6f,0x6e,0x74,0x65,0x6e,0x74,0x3d,0x74,
0x28,0x65,0x6c,0x2e,0x67,0x65,0x74,0x41,0x74,0x74,0x72,0x69,0x62,0x75,0x74,0x65,
0x28,0x27,0x64,0x61,0x74,0x61,0x2d,0x69,0x31,0x38,0x6e,0x27,0x29,0x29,0x7d,0x29,
0x3b,0x0a,0x20,0x20,0x64,0x6f,0x63,0x75,0x6d,0x65,0x6e,0x74,0x2e,0x67,0x65,0x74,
0x45,0x6c,0x65,0x6d,0x65,0x6e,0x74,0x42,0x79,0x49,0x64,0x28,0x27,0x6c,0x61,0x6e,
0x67,0x75,0x61,0x67,0x65,0x2d,0x62,0x75,0x74,0x74,0x6f,0x6e,0x27,0x29,0x2e,0x74,
0x65,0x78,0x74,0x43,0x6f,0x6e,0x74,0x65,0x6e,0x74,0x3d,0x6c,0x61,0x6e,0x67,0x75,
0x61,0x67,0x65,0x3d,0x3d,0x3d,0x27,0x7a,0x68,0x27,0x3f,0x27,0x45,0x6e,0x67,0x6c,
0x69,0x73,0x68,0x27,0x3a,0x27,0xe4,0xb8,0xad,0xe6,0x96,0x87,0x27,0x3b,0x0a,0x20,
0x20,0x64,0x6f,0x63,0x75,0x6d,0x65,0x6e,0x74,0x2e,0x67,0x65,0x74,0x45,0x6c,0x65,
0x6d,0x65,0x6e,0x74,0x42,0x79,0x49,0x64,0x28,0x27,0x6c,0x61,0x6e,0x67,0x75,0x61,
0x67,0x65,0x2d,0x62,0x75,0x74,0x74,0x6f,0x6e,0x27,0x29,0x2e,0x73,0x65,0x74,0x41,
0x74,0x74,0x72,0x69,0x62,0x75,0x74,0x65,0x28,0x27,0x61,0x72,0x69,0x61,0x2d,0x6c,
0x61,0x62,0x65,0x6c,0x27,0x2c,0x6c,0x61,0x6e,0x67,0x75,0x61,0x67,0x65,0x3d,0x3d,
0x3d,0x27,0x7a,0x68,0x27,0x3f,0x27,0xe5,0x88,0x87,0xe6,0x8d,0xa2,0xe5,0x88,0xb0,
0xe8,0x8b,0xb1,0xe6,0x96,0x87,0x27,0x3a,0x27,0x53,0x77,0x69,0x74,0x63,0x68,0x20,
0x6c,0x61,0x6e,0x67,0x75,0x61,0x67,0x65,0x27,0x29,0x3b,0x0a,0x20,0x20,0x64,0x6f,
0x63,0x75,0x6d,0x65,0x6e,0x74,0x2e,0x74,0x69,0x74,0x6c,0x65,0x3d,0x6c,0x61,0x6e,
0x67,0x75,0x61,0x67,0x65,0x3d,0x3d,0x3d,0x27,0x7a,0x68,0x27,0x3f,0x27,0x58,0x52,
0x31,0x37,0x31,0x30,0x47,0x20,0xe6,0x81,0xa2,0xe5,0xa4,0x8d,0xe6,0xa8,0xa1,0xe5,
0xbc,0x8f,0x27,0x3a,0x27,0x58,0x52,0x31,0x37,0x31,0x30,0x47,0x20,0x52,0x65,0x63,
0x6f,0x76,0x65,0x72,0x79,0x20,0x4d,0x6f,0x64,0x65,0x27,0x3b,0x0a,0x7d,0x0a,0x0a,
0x76,0x61,0x72,0x20,0x70,0x72,0x6f,0x66,0x69,0x6c,0x65,0x73,0x3d,0x7b,0x0a,0x09,
0x20,0x20,0x66,0x69,0x72,0x6d,0x77,0x61,0x72,0x65,0x3a,0x7b,0x0a,0x09,0x20,0x20,
0x20,0x20,0x74,0x69,0x74,0x6c,0x65,0x3a,0x27,0x46,0x69,0x72,0x6d,0x77,0x61,0x72,
0x65,0x20,0x52,0x65,0x63,0x6f,0x76,0x65,0x72,0x79,0x27,0x2c,0x0a,0x09,0x20,0x20,
0x20,0x20,0x63,0x6f,0x70,0x79,0x3a,0x27,0x55,0x70,0x6c,0x6f,0x61,0x64,0x20,0x61,
0x6e,0x20,0x4f,0x70,0x65,0x6e,0x57,0x72,0x74,0x20,0x46,0x49,0x54,0x20,0x69,0x6d,
0x61,0x67,0x65,0x20,0x61,0x6e,0x64,0x20,0x72,0x65,0x63,0x72,0x65,0x61,0x74,0x65,
0x20,0x74,0x68,0x65,0x20,0x73,0x65,0x6c,0x65,0x63,0x74,0x65,0x64,0x20,0x55,0x42,
0x49,0x20,0x6c,0x61,0x79,0x6f,0x75,0x74,0x2e,0x27,0x2c,0x0a,0x09,0x20,0x20,0x20,
0x20,0x74,0x61,0x72,0x67,0x65,0x74,0x3a,0x27,0x75,0x62,0x69,0x3a,0x66,0x69,0x74,
0x27,0x2c,0x0a,0x09,0x20,0x20,0x20,0x20,0x73,0x63,0x6f,0x70,0x65,0x3a,0x27,0x45,
0x72,0x61,0x73,0x65,0x20,0x61,0x6e,0x64,0x20,0x72,0x65,0x63,0x72,0x65,0x61,0x74,
0x65,0x20,0x74,0x68,0x65,0x20,0x63,0x6f,0x6d,0x70,0x6c,0x65,0x74,0x65,0x20,0x73,
0x65,0x6c,0x65,0x63,0x74,0x65,0x64,0x20,0x55,0x42,0x49,0x20,0x70,0x61,0x72,0x74,
0x69,0x74,0x69,0x6f,0x6e,0x27,0x2c,0x0a,0x09,0x20,0x20,0x20,0x20,0x70,0x72,0x65,
0x73,0x65,0x72,0x76,0x65,0x3a,0x27,0x46,0x61,0x63,0x74,0x6f,0x72,0x79,0x20,0x64,
0x61,0x74,0x61,0x20,0x69,0x73,0x20,0x72,0x65,0x73,0x74,0x6f,0x72,0x65,0x64,0x20,
0x66,0x72,0x6f,0x6d,0x20,0x44,0x53,0x44,0x3b,0x20,0x73,0x61,0x76,0x65,0x64,0x20,
0x55,0x2d,0x42,0x6f,0x6f,0x74,0x20,0x65,0x6e,0x76,0x69,0x72,0x6f,0x6e,0x6d,0x65,
0x6e,0x74,0x20,0x69,0x73,0x20,0x72,0x65,0x73,0x65,0x74,0x27,0x2c,0x0a,0x09,0x20,
0x20,0x20,0x20,0x68,0x65,0x6c,0x70,0x3a,0x27,0x46,0x69,0x72,0x6d,0x77,0x61,0x72,
0x65,0x20,0x69,0x6d,0x61,0x67,0x65,0x73,0x20,0x6d,0x75,0x73,0x74,0x20,0x62,0x65,
0x20,0x61,0x74,0x20,0x6c,0x65,0x61,0x73,0x74,0x20,0x31,0x20,0x4d,0x69,0x42,0x27,
0x2c,0x0a,0x09,0x20,0x20,0x20,0x20,0x61,0x63,0x74,0x69,0x6f,0x6e,0x3a,0x27,0x55,
0x70,0x6c,0x6f,0x61,0x64,0x20,0x61,0x6e,0x64,0x20,0x52,0x65,0x63,0x6f,0x76,0x65,
0x72,0x27,0x2c,0x0a,0x09,0x20,0x20,0x20,0x20,0x6e,0x6f,0x74,0x69,0x63,0x65,0x73,
0x3a,0x5b,0x27,0x44,0x6f,0x20,0x6e,0x6f,0x74,0x20,0x70,0x6f,0x77,0x65,0x72,0x20,
0x6f,0x66,0x66,0x20,0x6f,0x72,0x20,0x72,0x65,0x62,0x6f,0x6f,0x74,0x20,0x74,0x68,
0x65,0x20,0x64,0x65,0x76,0x69,0x63,0x65,0x20,0x64,0x75,0x72,0x69,0x6e,0x67,0x20,
0x72,0x65,0x63,0x6f,0x76,0x65,0x72,0x79,0x21,0x27,0x2c,0x27,0x54,0x68,0x65,0x20,
0x73,0x65,0x6c,0x65,0x63,0x74,0x65,0x64,0x20,0x55,0x42,0x49,0x20,0x70,0x61,0x72,
0x74,0x69,0x74,0x69,0x6f,0x6e,0x20,0x69,0x73,0x20,0x66,0x75,0x6c,0x6c,0x79,0x20,
0x65,0x72,0x61,0x73,0x65,0x64,0x20,0x61,0x6e,0x64,0x20,0x72,0x65,0x62,0x75,0x69,
0x6c,0x74,0x2e,0x27,0x2c,0x27,0x54,0x68,0x65,0x20,0x73,0x65,0x6c,0x65,0x63,0x74,
0x69,0x6f,0x6e,0x20,0x6d,0x75,0x73,0x74,0x20,0x6d,0x61,0x74,0x63,0x68,0x20,0x74,
0x68,0x65,0x20,0x69,0x6d,0x61,0x67,0x65,0x5c,0x27,0x73,0x20,0x65,0x6d,0x62,0x65,
0x64,0x64,0x65,0x64,0x20,0x64,0x65,0x76,0x69,0x63,0x65,0x20,0x74,0x72,0x65,0x65,
0x2e,0x27,0x2c,0x27,0x54,0x68,0x65,0x20,0x64,0x65,0x76,0x69,0x63,0x65,0x20,0x72,
0x65,0x73,0x74,0x61,0x72,0x74,0x73,0x20,0x61,0x75,0x74,0x6f,0x6d,0x61,0x74,0x69,
0x63,0x61,0x6c,0x6c,0x79,0x20,0x77,0x68,0x65,0x6e,0x20,0x72,0x65,0x63,0x6f,0x76,
0x65,0x72,0x79,0x20,0x63,0x6f,0x6d,0x70,0x6c,0x65,0x74,0x65,0x73,0x2e,0x27,0x5d,
0x0a,0x20,0x20,0x7d,0x2c,0x0a,0x20,0x20,0x75,0x62,0x6f,0x6f,0x74,0x3a,0x7b,0x0a,
0x20,0x20,0x20,0x20,0x74,0x69,0x74,0x6c,0x65,0x3a,0x27,0x55,0x70,0x64,0x61,0x74,
0x65,0x20,0x55,0x2d,0x42,0x6f,0x6f,0x74,0x27,0x2c,0x0a,0x20,0x20,0x20,0x20,0x63,
0x6f,0x70,0x79,0x3a,0x27,0x55,0x70,0x6c,0x6f,0x61,0x64,0x20,0x61,0x6e,0x20,0x58,
0x52,0x31,0x37,0x31,0x30,0x47,0x20,0x63,0x68,0x61,0x69,0x6e,0x6c,0x6f,0x61,0x64,
0x65,0x72,0x20,0x73,0x6c,0x6f,0x74,0x20,0x69,0x6d,0x61,0x67,0x65,0x2e,0x20,0x4f,
0x6e,0x6c,0x79,0x20,0x74,0x68,0x65,0x20,0x72,0x61,0x77,0x20,0x55,0x2d,0x42,0x6f,
0x6f,0x74,0x20,0x73,0x6c,0x6f,0x74,0x20,0x77,0x69,0x6c,0x6c,0x20,0x62,0x65,0x20,
0x77,0x72,0x69,0x74,0x74,0x65,0x6e,0x2e,0x27,0x2c,0x0a,0x20,0x20,0x20,0x20,0x74,
0x61,0x72,0x67,0x65,0x74,0x3a,0x27,0x53,0x50,0x49,0x2d,0x4e,0x41,0x4e,0x44,0x20,
0x40,0x20,0x30,0x78,0x36,0x30,0x30,0x30,0x30,0x30,0x27,0x2c,0x0a,0x20,0x20,0x20,
0x20,0x73,0x63,0x6f,0x70,0x65,0x3a,0x27,0x57,0x72,0x69,0x74,0x65,0x20,0x74,0x68,
0x65,0x20,0x31,0x20,0x4d,0x69,0x42,0x20,0x63,0x68,0x61,0x69,0x6e,0x6c,0x6f,0x61,
0x64,0x65,0x72,0x20,0x73,0x6c,0x6f,0x74,0x27,0x2c,0x0a,0x20,0x20,0x20,0x20,0x70,
0x72,0x65,0x73,0x65,0x72,0x76,0x65,0x3a,0x27,0x41,0x6c,0x6c,0x20,0x55,0x42,0x49,
0x20,0x66,0x69,0x72,0x6d,0x77,0x61,0x72,0x65,0x20,0x76,0x6f,0x6c,0x75,0x6d,0x65,
0x73,0x20,0x61,0x6e,0x64,0x20,0x63,0x6f,0x6e,0x66,0x69,0x67,0x75,0x72,0x61,0x74,
0x69,0x6f,0x6e,0x20,0x64,0x61,0x74,0x61,0x27,0x2c,0x0a,0x20,0x20,0x20,0x20,0x68,
0x65,0x6c,0x70,0x3a,0x27,0x55,0x73,0x65,0x20,0x78,0x72,0x31,0x37,0x31,0x30,0x67,
0x2d,0x63,0x68,0x61,0x69,0x6e,0x6c,0x6f,0x61,0x64,0x65,0x72,0x2d,0x73,0x6c,0x6f,
0x74,0x2e,0x62,0x69,0x6e,0x2c,0x20,0x6e,0x6f,0x74,0x20,0x75,0x2d,0x62,0x6f,0x6f,
0x74,0x2e,0x62,0x69,0x6e,0x27,0x2c,0x0a,0x20,0x20,0x20,0x20,0x61,0x63,0x74,0x69,
0x6f,0x6e,0x3a,0x27,0x55,0x70,0x6c,0x6f,0x61,0x64,0x20,0x61,0x6e,0x64,0x20,0x55,
0x70,0x64,0x61,0x74,0x65,0x27,0x2c,0x0a,0x20,0x20,0x20,0x20,0x6e,0x6f,0x74,0x69,
0x63,0x65,0x73,0x3a,0x5b,0x27,0x44,0x6f,0x20,0x6e,0x6f,0x74,0x20,0x70,0x6f,0x77,
0x65,0x72,0x20,0x6f,0x66,0x66,0x20,0x6f,0x72,0x20,0x72,0x65,0x62,0x6f,0x6f,0x74,
0x20,0x74,0x68,0x65,0x20,0x64,0x65,0x76,0x69,0x63,0x65,0x20,0x64,0x75,0x72,0x69,
0x6e,0x67,0x20,0x74,0x68,0x65,0x20,0x55,0x2d,0x42,0x6f,0x6f,0x74,0x20,0x75,0x70,
0x64,0x61,0x74,0x65,0x21,0x27,0x2c,0x27,0x54,0x68,0x65,0x20,0x69,0x6d,0x61,0x67,
0x65,0x20,0x66,0x6f,0x72,0x6d,0x61,0x74,0x20,0x69,0x73,0x20,0x76,0x61,0x6c,0x69,
0x64,0x61,0x74,0x65,0x64,0x20,0x62,0x65,0x66,0x6f,0x72,0x65,0x20,0x77,0x72,0x69,
0x74,0x69,0x6e,0x67,0x2e,0x27,0x2c,0x27,0x55,0x42,0x49,0x20,0x66,0x69,0x72,0x6d,
0x77,0x61,0x72,0x65,0x20,0x76,0x6f,0x6c,0x75,0x6d,0x65,0x73,0x20,0x61,0x72,0x65,
0x20,0x6e,0x6f,0x74,0x20,0x6d,0x6f,0x64,0x69,0x66,0x69,0x65,0x64,0x2e,0x27,0x5d,
0x0a,0x20,0x20,0x7d,0x0a,0x7d,0x3b,0x0a,0x0a,0x76,0x61,0x72,0x20,0x6c,0x61,0x79,
0x6f,0x75,0x74,0x73,0x3d,0x7b,0x0a,0x20,0x20,0x27,0x32,0x2e,0x30,0x27,0x3a,0x7b,
0x70,0x61,0x72,0x74,0x3a,0x27,0x75,0x62,0x69,0x27,0x2c,0x73,0x69,0x7a,0x65,0x3a,
0x27,0x34,0x33,0x39,0x20,0x4d,0x69,0x42,0x27,0x2c,0x65,0x6e,0x64,0x3a,0x27,0x30,
0x78,0x31,0x62,0x65,0x30,0x30,0x30,0x30,0x30,0x27,0x2c,0x68,0x65,0x6c,0x70,0x3a,
0x27,0x43,0x75,0x72,0x72,0x65,0x6e,0x74,0x20,0x73,0x61,0x66,0x65,0x20,0x6c,0x61,
0x79,0x6f,0x75,0x74,0x20,0x77,0x69,0x74,0x68,0x20,0x36,0x36,0x20,0x4d,0x69,0x42,
0x20,0x72,0x65,0x73,0x65,0x72,0x76,0x65,0x64,0x20,0x66,0x6f,0x72,0x20,0x76,0x65,
0x6e,0x64,0x6f,0x72,0x20,0x42,0x4d,0x54,0x2f,0x42,0x42,0x54,0x2e,0x27,0x7d,0x2c,
0x0a,0x20,0x20,0x27,0x31,0x2e,0x35,0x27,0x3a,0x7b,0x70,0x61,0x72,0x74,0x3a,0x27,
0x75,0x62,0x69,0x31,0x2e,0x35,0x27,0x2c,0x73,0x69,0x7a,0x65,0x3a,0x27,0x34,0x37,
0x33,0x2e,0x37,0x35,0x20,0x4d,0x69,0x42,0x27,0x2c,0x65,0x6e,0x64,0x3a,0x27,0x30,
0x78,0x31,0x65,0x30,0x63,0x30,0x30,0x30,0x30,0x27,0x2c,0x68,0x65,0x6c,0x70,0x3a,
0x27,0x49,0x6e,0x74,0x65,0x72,0x6d,0x65,0x64,0x69,0x61,0x74,0x65,0x20,0x6c,0x61,
0x79,0x6f,0x75,0x74,0x20,0x77,0x69,0x74,0x68,0x20,0x33,0x31,0x2e,0x32,0x35,0x20,
0x4d,0x69,0x42,0x20,0x72,0x65,0x73,0x65,0x72,0x76,0x65,0x64,0x20,0x66,0x6f,0x72,
0x20,0x76,0x65,0x6e,0x64,0x6f,0x72,0x20,0x42,0x4d,0x54,0x2f,0x42,0x42,0x54,0x2e,
0x27,0x7d,0x2c,0x0a,0x20,0x20,0x27,0x31,0x2e,0x30,0x27,0x3a,0x7b,0x70,0x61,0x72,
0x74,0x3a,0x27,0x75,0x62,0x69,0x31,0x2e,0x30,0x27,0x2c,0x73,0x69,0x7a,0x65,0x3a,
0x27,0x35,0x30,0x33,0x20,0x4d,0x69,0x42,0x27,0x2c,0x65,0x6e,0x64,0x3a,0x27,0x30,
0x78,0x31,0x66,0x65,0x30,0x30,0x30,0x30,0x30,0x27,0x2c,0x68,0x65,0x6c,0x70,0x3a,
0x27,0x4c,0x65,0x67,0x61,0x63,0x79,0x20,0x6c,0x61,0x79,0x6f,0x75,0x74,0x2e,0x20,
0x53,0x65,0x6c,0x65,0x63,0x74,0x20,0x6f,0x6e,0x6c,0x79,0x20,0x66,0x6f,0x72,0x20,
0x61,0x6e,0x20,0x69,0x6d,0x61,0x67,0x65,0x20,0x61,0x6e,0x64,0x20,0x63,0x68,0x61,
0x69,0x6e,0x6c,0x6f,0x61,0x64,0x65,0x72,0x20,0x62,0x75,0x69,0x6c,0x74,0x20,0x66,
0x6f,0x72,0x20,0x55,0x42,0x49,0x20,0x31,0x2e,0x30,0x2e,0x27,0x2c,0x77,0x61,0x72,
0x6e,0x69,0x6e,0x67,0x3a,0x74,0x72,0x75,0x65,0x7d,0x0a,0x7d,0x3b,0x0a,0x0a,0x76,
0x61,0x72,0x20,0x66,0x69,0x6c,0x65,0x49,0x6e,0x70,0x75,0x74,0x3d,0x64,0x6f,0x63,
0x75,0x6d,0x65,0x6e,0x74,0x2e,0x67,0x65,0x74,0x45,0x6c,0x65,0x6d,0x65,0x6e,0x74,
0x42,0x79,0x49,0x64,0x28,0x27,0x66,0x69,0x6c,0x65,0x2d,0x69,0x6e,0x70,0x75,0x74,
0x27,0x29,0x3b,0x0a,0x76,0x61,0x72,0x20,0x63,0x68,0x6f,0x6f,0x73,0x65,0x42,0x75,
0x74,0x74,0x6f,0x6e,0x3d,0x64,0x6f,0x63,0x75,0x6d,0x65,0x6e,0x74,0x2e,0x67,0x65,
0x74,0x45,0x6c,0x65,0x6d,0x65,0x6e,0x74,0x42,0x79,0x49,0x64,0x28,0x27,0x63,0x68,
0x6f,0x6f,0x73,0x65,0x2d,0x62,0x75,0x74,0x74,0x6f,0x6e,0x27,0x29,0x3b,0x0a,0x76,
0x61,0x72,0x20,0x66,0x69,0x6c,0x65,0x4e,0x61,0x6d,0x65,0x3d,0x64,0x6f,0x63,0x75,
0x6d,0x65,0x6e,0x74,0x2e,0x67,0x65,0x74,0x45,0x6c,0x65,0x6d,0x65,0x6e,0x74,0x42,
0x79,0x49,0x64,0x28,0x27,0x66,0x69,0x6c,0x65,0x2d,0x6e,0x61,0x6d,0x65,0x27,0x29,
0x3b,0x0a,0x76,0x61,0x72,0x20,0x66,0x69,0x6c,0x65,0x48,0x65,0x6c,0x70,0x3d,0x64,
0x6f,0x63,0x75,0x6d,0x65,0x6e,0x74,0x2e,0x67,0x65,0x74,0x45,0x6c,0x65,0x6d,0x65,
0x6e,0x74,0x42,0x79,0x49,0x64,0x28,0x27,0x66,0x69,0x6c,0x65,0x2d,0x68,0x65,0x6c,
0x70,0x27,0x29,0x3b,0x0a,0x76,0x61,0x72,0x20,0x75,0x70,0x6c,0x6f,0x61,0x64,0x42,
0x75,0x74,0x74,0x6f,0x6e,0x3d,0x64,0x6f,0x63,0x75,0x6d,0x65,0x6e,0x74,0x2e,0x67,
0x65,0x74,0x45,0x6c,0x65,0x6d,0x65,0x6e,0x74,0x42,0x79,0x49,0x64,0x28,0x27,0x75,
0x70,0x6c,0x6f,0x61,0x64,0x2d,0x62,0x75,0x74,0x74,0x6f,0x6e,0x27,0x29,0x3b,0x0a,
0x76,0x61,0x72,0x20,0x72,0x65,0x62,0x6f,0x6f,0x74,0x42,0x75,0x74,0x74,0x6f,0x6e,
0x3d,0x64,0x6f,0x63,0x75,0x6d,0x65,0x6e,0x74,0x2e,0x67,0x65,0x74,0x45,0x6c,0x65,
0x6d,0x65,0x6e,0x74,0x42,0x79,0x49,0x64,0x28,0x27,0x72,0x65,0x62,0x6f,0x6f,0x74,
0x2d,0x62,0x75,0x74,0x74,0x6f,0x6e,0x27,0x29,0x3b,0x0a,0x76,0x61,0x72,0x20,0x6c,
0x61,0x79,0x6f,0x75,0x74,0x42,0x6c,0x6f,0x63,0x6b,0x3d,0x64,0x6f,0x63,0x75,0x6d,
0x65,0x6e,0x74,0x2e,0x67,0x65,0x74,0x45,0x6c,0x65,0x6d,0x65,0x6e,0x74,0x42,0x79,
0x49,0x64,0x28,0x27,0x6c,0x61,0x79,0x6f,0x75,0x74,0x2d,0x62,0x6c,0x6f,0x63,0x6b,
0x27,0x29,0x3b,0x0a,0x76,0x61,0x72,0x20,0x6c,0x61,0x79,0x6f,0x75,0x74,0x53,0x65,
0x6c,0x65,0x63,0x74,0x3d,0x64,0x6f,0x63,0x75,0x6d,0x65,0x6e,0x74,0x2e,0x67,0x65,
0x74,0x45,0x6c,0x65,0x6d,0x65,0x6e,0x74,0x42,0x79,0x49,0x64,0x28,0x27,0x6c,0x61,
0x79,0x6f,0x75,0x74,0x2d,0x73,0x65,0x6c,0x65,0x63,0x74,0x27,0x29,0x3b,0x0a,0x76,
0x61,0x72,0x20,0x6c,0x61,0x79,0x6f,0x75,0x74,0x48,0x65,0x6c,0x70,0x3d,0x64,0x6f,
0x63,0x75,0x6d,0x65,0x6e,0x74,0x2e,0x67,0x65,0x74,0x45,0x6c,0x65,0x6d,0x65,0x6e,
0x74,0x42,0x79,0x49,0x64,0x28,0x27,0x6c,0x61,0x79,0x6f,0x75,0x74,0x2d,0x68,0x65,
0x6c,0x70,0x27,0x29,0x3b,0x0a,0x76,0x61,0x72,0x20,0x73,0x74,0x61,0x74,0x65,0x3d,
0x64,0x6f,0x63,0x75,0x6d,0x65,0x6e,0x74,0x2e,0x67,0x65,0x74,0x45,0x6c,0x65,0x6d,
0x65,0x6e,0x74,0x42,0x79,0x49,0x64,0x28,0x27,0x73,0x74,0x61,0x74,0x65,0x27,0x29,
0x3b,0x0a,0x76,0x61,0x72,0x20,0x73,0x74,0x61,0x74,0x75,0x73,0x4d,0x65,0x73,0x73,
0x61,0x67,0x65,0x3d,0x64,0x6f,0x63,0x75,0x6d,0x65,0x6e,0x74,0x2e,0x67,0x65,0x74,
0x45,0x6c,0x65,0x6d,0x65,0x6e,0x74,0x42,0x79,0x49,0x64,0x28,0x27,0x73,0x74,0x61,
0x74,0x75,0x73,0x2d,0x6d,0x65,0x73,0x73,0x61,0x67,0x65,0x27,0x29,0x3b,0x0a,0x0a,
0x66,0x75,0x6e,0x63,0x74,0x69,0x6f,0x6e,0x20,0x70,0x72,0x6f,0x66,0x69,0x6c,0x65,
0x28,0x29,0x7b,0x72,0x65,0x74,0x75,0x72,0x6e,0x20,0x70,0x72,0x6f,0x66,0x69,0x6c,
0x65,0x73,0x5b,0x61,0x63,0x74,0x69,0x76,0x65,0x54,0x61,0x72,0x67,0x65,0x74,0x5d,
0x7d,0x0a,0x0a,0x66,0x75,0x6e,0x63,0x74,0x69,0x6f,0x6e,0x20,0x75,0x70,0x64,0x61,
0x74,0x65,0x4c,0x61,0x79,0x6f,0x75,0x74,0x28,0x29,0x7b,0x0a,0x20,0x20,0x76,0x61,
0x72,0x20,0x6c,0x61,0x79,0x6f,0x75,0x74,0x3d,0x6c,0x61,0x79,0x6f,0x75,0x74,0x73,
0x5b,0x73,0x65,0x6c,0x65,0x63,0x74,0x65,0x64,0x4c,0x61,0x79,0x6f,0x75,0x74,0x5d,
0x7c,0x7c,0x6c,0x61,0x79,0x6f,0x75,0x74,0x73,0x5b,0x27,0x32,0x2e,0x30,0x27,0x5d,
0x3b,0x0a,0x20,0x20,0x6c,0x61,0x79,0x6f,0x75,0x74,0x42,0x6c,0x6f,0x63,0x6b,0x2e,
0x68,0x69,0x64,0x64,0x65,0x6e,0x3d,0x61,0x63,0x74,0x69,0x76,0x65,0x54,0x61,0x72,
0x67,0x65,0x74,0x21,0x3d,0x3d,0x27,0x66,0x69,0x72,0x6d,0x77,0x61,0x72,0x65,0x27,
0x3b,0x0a,0x20,0x20,0x6c,0x61,0x79,0x6f,0x75,0x74,0x53,0x65,0x6c,0x65,0x63,0x74,
0x2e,0x76,0x61,0x6c,0x75,0x65,0x3d,0x73,0x65,0x6c,0x65,0x63,0x74,0x65,0x64,0x4c,
0x61,0x79,0x6f,0x75,0x74,0x3b,0x0a,0x20,0x20,0x6c,0x61,0x79,0x6f,0x75,0x74,0x48,
0x65,0x6c,0x70,0x2e,0x74,0x65,0x78,0x74,0x43,0x6f,0x6e,0x74,0x65,0x6e,0x74,0x3d,
0x74,0x28,0x27,0x6c,0x61,0x79,0x6f,0x75,0x74,0x2e,0x27,0x2b,0x73,0x65,0x6c,0x65,
0x63,0x74,0x65,0x64,0x4c,0x61,0x79,0x6f,0x75,0x74,0x2b,0x27,0x2e,0x68,0x65,0x6c,
0x70,0x27,0x29,0x3b,0x0a,0x20,0x20,0x6c,0x61,0x79,0x6f,0x75,0x74,0x48,0x65,0x6c,
0x70,0x2e,0x63,0x6c,0x61,0x73,0x73,0x4e,0x61,0x6d,0x65,0x3d,0x27,0x6c,0x61,0x79,
0x6f,0x75,0x74,0x2d,0x68,0x65,0x6c,0x70,0x27,0x2b,0x28,0x6c,0x61,0x79,0x6f,0x75,
0x74,0x2e,0x77,0x61,0x72,0x6e,0x69,0x6e,0x67,0x3f,0x27,0x20,0x77,0x61,0x72,0x6e,
0x69,0x6e,0x67,0x27,0x3a,0x27,0x27,0x29,0x3b,0x0a,0x20,0x20,0x69,0x66,0x28,0x61,
0x63,0x74,0x69,0x76,0x65,0x54,0x61,0x72,0x67,0x65,0x74,0x3d,0x3d,0x3d,0x27,0x66,
0x69,0x72,0x6d,0x77,0x61,0x72,0x65,0x27,0x29,0x7b,0x0a,0x20,0x20,0x20,0x20,0x64,
0x6f,0x63,0x75,0x6d,0x65,0x6e,0x74,0x2e,0x67,0x65,0x74,0x45,0x6c,0x65,0x6d,0x65,
0x6e,0x74,0x42,0x79,0x49,0x64,0x28,0x27,0x74,0x61,0x72,0x67,0x65,0x74,0x2d,0x76,
0x61,0x6c,0x75,0x65,0x27,0x29,0x2e,0x74,0x65,0x78,0x74,0x43,0x6f,0x6e,0x74,0x65,
0x6e,0x74,0x3d,0x6c,0x61,0x79,0x6f,0x75,0x74,0x2e,0x70,0x61,0x72,0x74,0x2b,0x27,
0x3a,0x66,0x69,0x74,0x20,0x28,0x27,0x2b,0x6c,0x61,0x79,0x6f,0x75,0x74,0x2e,0x73,
0x69,0x7a,0x65,0x2b,0x27,0x2c,0x20,0x65,0x6e,0x64,0x73,0x20,0x27,0x2b,0x6c,0x61,
0x79,0x6f,0x75,0x74,0x2e,0x65,0x6e,0x64,0x2b,0x27,0x29,0x27,0x3b,0x0a,0x20,0x20,
0x7d,0x0a,0x7d,0x0a,0x0a,0x66,0x75,0x6e,0x63,0x74,0x69,0x6f,0x6e,0x20,0x73,0x65,
0x74,0x54,0x61,0x72,0x67,0x65,0x74,0x28,0x74,0x61,0x72,0x67,0x65,0x74,0x29,0x7b,
0x0a,0x20,0x20,0x69,0x66,0x28,0x62,0x75,0x73,0x79,0x7c,0x7c,0x21,0x70,0x72,0x6f,
0x66,0x69,0x6c,0x65,0x73,0x5b,0x74,0x61,0x72,0x67,0x65,0x74,0x5d,0x29,0x72,0x65,
0x74,0x75,0x72,0x6e,0x3b,0x0a,0x20,0x20,0x61,0x63,0x74,0x69,0x76,0x65,0x54,0x61,
0x72,0x67,0x65,0x74,0x3d,0x74,0x61,0x72,0x67,0x65,0x74,0x3b,0x0a,0x20,0x20,0x76,
0x61,0x72,0x20,0x70,0x3d,0x70,0x72,0x6f,0x66,0x69,0x6c,0x65,0x28,0x29,0x3b,0x0a,
0x20,0x20,0x76,0x61,0x72,0x20,0x62,0x75,0x74,0x74,0x6f,0x6e,0x73,0x3d,0x64,0x6f,
0x63,0x75,0x6d,0x65,0x6e,0x74,0x2e,0x71,0x75,0x65,0x72,0x79,0x53,0x65,0x6c,0x65,
0x63,0x74,0x6f,0x72,0x41,0x6c,0x6c,0x28,0x27,0x2e,0x6e,0x61,0x76,0x2d,0x62,0x75,
0x74,0x74,0x6f,0x6e,0x27,0x29,0x3b,0x0a,0x20,0x20,0x66,0x6f,0x72,0x28,0x76,0x61,
0x72,0x20,0x69,0x3d,0x30,0x3b,0x69,0x3c,0x62,0x75,0x74,0x74,0x6f,0x6e,0x73,0x2e,
0x6c,0x65,0x6e,0x67,0x74,0x68,0x3b,0x69,0x2b,0x2b,0x29,0x7b,0x0a,0x20,0x20,0x20,
0x20,0x76,0x61,0x72,0x20,0x61,0x63,0x74,0x69,0x76,0x65,0x3d,0x62,0x75,0x74,0x74,
0x6f,0x6e,0x73,0x5b,0x69,0x5d,0x2e,0x67,0x65,0x74,0x41,0x74,0x74,0x72,0x69,0x62,
0x75,0x74,0x65,0x28,0x27,0x64,0x61,0x74,0x61,0x2d,0x74,0x61,0x72,0x67,0x65,0x74,
0x27,0x29,0x3d,0x3d,0x3d,0x74,0x61,0x72,0x67,0x65,0x74,0x3b,0x0a,0x20,0x20,0x20,
0x20,0x62,0x75,0x74,0x74,0x6f,0x6e,0x73,0x5b,0x69,0x5d,0x2e,0x63,0x6c,0x61,0x73,
0x73,0x4c,0x69,0x73,0x74,0x2e,0x74,0x6f,0x67,0x67,0x6c,0x65,0x28,0x27,0x61,0x63,
0x74,0x69,0x76,0x65,0x27,0x2c,0x61,0x63,0x74,0x69,0x76,0x65,0x29,0x3b,0x0a,0x20,
0x20,0x20,0x20,0x69,0x66,0x28,0x61,0x63,0x74,0x69,0x76,0x65,0x29,0x62,0x75,0x74,
0x74,0x6f,0x6e,0x73,0x5b,0x69,0x5d,0x2e,0x73,0x65,0x74,0x41,0x74,0x74,0x72,0x69,
0x62,0x75,0x74,0x65,0x28,0x27,0x61,0x72,0x69,0x61,0x2d,0x63,0x75,0x72,0x72,0x65,
0x6e,0x74,0x27,0x2c,0x27,0x70,0x61,0x67,0x65,0x27,0x29,0x3b,0x0a,0x20,0x20,0x20,
0x20,0x65,0x6c,0x73,0x65,0x20,0x62,0x75,0x74,0x74,0x6f,0x6e,0x73,0x5b,0x69,0x5d,
0x2e,0x72,0x65,0x6d,0x6f,0x76,0x65,0x41,0x74,0x74,0x72,0x69,0x62,0x75,0x74,0x65,
0x28,0x27,0x61,0x72,0x69,0x61,0x2d,0x63,0x75,0x72,0x72,0x65,0x6e,0x74,0x27,0x29,
0x3b,0x0a,0x20,0x20,0x7d,0x0a,0x20,0x20,0x64,0x6f,0x63,0x75,0x6d,0x65,0x6e,0x74,
0x2e,0x67,0x65,0x74,0x45,0x6c,0x65,0x6d,0x65,0x6e,0x74,0x42,0x79,0x49,0x64,0x28,
0x27,0x70,0x61,0x67,0x65,0x2d,0x74,0x69,0x74,0x6c,0x65,0x27,0x29,0x2e,0x74,0x65,
0x78,0x74,0x43,0x6f,0x6e,0x74,0x65,0x6e,0x74,0x3d,0x74,0x28,0x61,0x63,0x74,0x69,
0x76,0x65,0x54,0x61,0x72,0x67,0x65,0x74,0x2b,0x27,0x2e,0x74,0x69,0x74,0x6c,0x65,
0x27,0x29,0x3b,0x0a,0x20,0x20,0x64,0x6f,0x63,0x75,0x6d,0x65,0x6e,0x74,0x2e,0x67,
0x65,0x74,0x45,0x6c,0x65,0x6d,0x65,0x6e,0x74,0x42,0x79,0x49,0x64,0x28,0x27,0x70,
0x61,0x67,0x65,0x2d,0x63,0x6f,0x70,0x79,0x27,0x29,0x2e,0x74,0x65,0x78,0x74,0x43,
0x6f,0x6e,0x74,0x65,0x6e,0x74,0x3d,0x74,0x28,0x61,0x63,0x74,0x69,0x76,0x65,0x54,
0x61,0x72,0x67,0x65,0x74,0x2b,0x27,0x2e,0x63,0x6f,0x70,0x79,0x27,0x29,0x3b,0x0a,
0x09,0x20,0x20,0x64,0x6f,0x63,0x75,0x6d,0x65,0x6e,0x74,0x2e,0x67,0x65,0x74,0x45,
0x6c,0x65,0x6d,0x65,0x6e,0x74,0x42,0x79,0x49,0x64,0x28,0x27,0x74,0x61,0x72,0x67,
0x65,0x74,0x2d,0x76,0x61,0x6c,0x75,0x65,0x27,0x29,0x2e,0x74,0x65,0x78,0x74,0x43,
0x6f,0x6e,0x74,0x65,0x6e,0x74,0x3d,0x74,0x28,0x61,0x63,0x74,0x69,0x76,0x65,0x54,
0x61,0x72,0x67,0x65,0x74,0x2b,0x27,0x2e,0x74,0x61,0x72,0x67,0x65,0x74,0x27,0x29,
0x3b,0x0a,0x20,0x20,0x64,0x6f,0x63,0x75,0x6d,0x65,0x6e,0x74,0x2e,0x67,0x65,0x74,
0x45,0x6c,0x65,0x6d,0x65,0x6e,0x74,0x42,0x79,0x49,0x64,0x28,0x27,0x73,0x63,0x6f,
0x70,0x65,0x2d,0x76,0x61,0x6c,0x75,0x65,0x27,0x29,0x2e,0x74,0x65,0x78,0x74,0x43,
0x6f,0x6e,0x74,0x65,0x6e,0x74,0x3d,0x74,0x28,0x61,0x63,0x74,0x69,0x76,0x65,0x54,
0x61,0x72,0x67,0x65,0x74,0x2b,0x27,0x2e,0x73,0x63,0x6f,0x70,0x65,0x27,0x29,0x3b,
0x0a,0x20,0x20,0x64,0x6f,0x63,0x75,0x6d,0x65,0x6e,0x74,0x2e,0x67,0x65,0x74,0x45,
0x6c,0x65,0x6d,0x65,0x6e,0x74,0x42,0x79,0x49,0x64,0x28,0x27,0x70,0x72,0x65,0x73,
0x65,0x72,0x76,0x65,0x2d,0x76,0x61,0x6c,0x75,0x65,0x27,0x29,0x2e,0x74,0x65,0x78,
0x74,0x43,0x6f,0x6e,0x74,0x65,0x6e,0x74,0x3d,0x74,0x28,0x61,0x63,0x74,0x69,0x76,
0x65,0x54,0x61,0x72,0x67,0x65,0x74,0x2b,0x27,0x2e,0x70,0x72,0x65,0x73,0x65,0x72,
0x76,0x65,0x27,0x29,0x3b,0x0a,0x20,0x20,0x66,0x69,0x6c,0x65,0x48,0x65,0x6c,0x70,
0x2e,0x74,0x65,0x78,0x74,0x43,0x6f,0x6e,0x74,0x65,0x6e,0x74,0x3d,0x74,0x28,0x61,
0x63,0x74,0x69,0x76,0x65,0x54,0x61,0x72,0x67,0x65,0x74,0x2b,0x27,0x2e,0x68,0x65,
0x6c,0x70,0x27,0x29,0x3b,0x0a,0x20,0x20,0x75,0x70,0x6c,0x6f,0x61,0x64,0x42,0x75,
0x74,0x74,0x6f,0x6e,0x2e,0x74,0x65,0x78,0x74,0x43,0x6f,0x6e,0x74,0x65,0x6e,0x74,
0x3d,0x74,0x28,0x61,0x63,0x74,0x69,0x76,0x65,0x54,0x61,0x72,0x67,0x65,0x74,0x2b,
0x27,0x2e,0x61,0x63,0x74,0x69,0x6f,0x6e,0x27,0x29,0x3b,0x0a,0x20,0x20,0x76,0x61,
0x72,0x20,0x6c,0x69,0x73,0x74,0x3d,0x64,0x6f,0x63,0x75,0x6d,0x65,0x6e,0x74,0x2e,
0x67,0x65,0x74,0x45,0x6c,0x65,0x6d,0x65,0x6e,0x74,0x42,0x79,0x49,0x64,0x28,0x27,
0x6e,0x6f,0x74,0x69,0x63,0x65,0x2d,0x6c,0x69,0x73,0x74,0x27,0x29,0x3b,0x0a,0x20,
0x20,0x6c,0x69,0x73,0x74,0x2e,0x74,0x65,0x78,0x74,0x43,0x6f,0x6e,0x74,0x65,0x6e,
0x74,0x3d,0x27,0x27,0x3b,0x0a,0x09,0x20,0x20,0x66,0x6f,0x72,0x28,0x76,0x61,0x72,
0x20,0x6e,0x3d,0x30,0x3b,0x6e,0x3c,0x70,0x2e,0x6e,0x6f,0x74,0x69,0x63,0x65,0x73,
0x2e,0x6c,0x65,0x6e,0x67,0x74,0x68,0x3b,0x6e,0x2b,0x2b,0x29,0x7b,0x0a,0x20,0x20,
0x20,0x20,0x76,0x61,0x72,0x20,0x69,0x74,0x65,0x6d,0x3d,0x64,0x6f,0x63,0x75,0x6d,
0x65,0x6e,0x74,0x2e,0x63,0x72,0x65,0x61,0x74,0x65,0x45,0x6c,0x65,0x6d,0x65,0x6e,
0x74,0x28,0x27,0x6c,0x69,0x27,0x29,0x3b,0x0a,0x09,0x20,0x20,0x20,0x20,0x69,0x66,
0x28,0x6e,0x3d,0x3d,0x3d,0x30,0x29,0x69,0x74,0x65,0x6d,0x2e,0x63,0x6c,0x61,0x73,
0x73,0x4e,0x61,0x6d,0x65,0x3d,0x27,0x63,0x72,0x69,0x74,0x69,0x63,0x61,0x6c,0x2d,
0x77,0x61,0x72,0x6e,0x69,0x6e,0x67,0x27,0x3b,0x0a,0x20,0x20,0x20,0x20,0x69,0x74,
0x65,0x6d,0x2e,0x74,0x65,0x78,0x74,0x43,0x6f,0x6e,0x74,0x65,0x6e,0x74,0x3d,0x74,
0x28,0x27,0x6e,0x6f,0x74,0x69,0x63,0x65,0x2e,0x27,0x2b,0x61,0x63,0x74,0x69,0x76,
0x65,0x54,0x61,0x72,0x67,0x65,0x74,0x2b,0x27,0x2e,0x27,0x2b,0x6e,0x29,0x3b,0x0a,
0x20,0x20,0x20,0x20,0x6c,0x69,0x73,0x74,0x2e,0x61,0x70,0x70,0x65,0x6e,0x64,0x43,
0x68,0x69,0x6c,0x64,0x28,0x69,0x74,0x65,0x6d,0x29,0x3b,0x0a,0x09,0x20,0x20,0x7d,
0x0a,0x09,0x20,0x20,0x75,0x70,0x64,0x61,0x74,0x65,0x4c,0x61,0x79,0x6f,0x75,0x74,
0x28,0x29,0x3b,0x0a,0x20,0x20,0x72,0x65,0x73,0x65,0x74,0x50,0x72,0x6f,0x67,0x72,
0x65,0x73,0x73,0x28,0x29,0x3b,0x0a,0x20,0x20,0x76,0x61,0x6c,0x69,0x64,0x61,0x74,
0x65,0x46,0x69,0x6c,0x65,0x28,0x29,0x3b,0x0a,0x7d,0x0a,0x0a,0x66,0x75,0x6e,0x63,
0x74,0x69,0x6f,0x6e,0x20,0x66,0x6f,0x72,0x6d,0x61,0x74,0x42,0x79,0x74,0x65,0x73,
0x28,0x62,0x79,0x74,0x65,0x73,0x29,0x7b,0x0a,0x20,0x20,0x69,0x66,0x28,0x62,0x79,
0x74,0x65,0x73,0x3c,0x31,0x30,0x32,0x34,0x29,0x72,0x65,0x74,0x75,0x72,0x6e,0x20,
0x62,0x79,0x74,0x65,0x73,0x2b,0x27,0x20,0x42,0x27,0x3b,0x0a,0x20,0x20,0x69,0x66,
0x28,0x62,0x79,0x74,0x65,0x73,0x3c,0x31,0x30,0x32,0x34,0x2a,0x31,0x30,0x32,0x34,
0x29,0x72,0x65,0x74,0x75,0x72,0x6e,0x28,0x62,0x79,0x74,0x65,0x73,0x2f,0x31,0x30,
0x32,0x34,0x29,0x2e,0x74,0x6f,0x46,0x69,0x78,0x65,0x64,0x28,0x31,0x29,0x2b,0x27,
0x20,0x4b,0x69,0x42,0x27,0x3b,0x0a,0x20,0x20,0x72,0x65,0x74,0x75,0x72,0x6e,0x28,
0x62,0x79,0x74,0x65,0x73,0x2f,0x28,0x31,0x30,0x32,0x34,0x2a,0x31,0x30,0x32,0x34,
0x29,0x29,0x2e,0x74,0x6f,0x46,0x69,0x78,0x65,0x64,0x28,0x31,0x29,0x2b,0x27,0x20,
0x4d,0x69,0x42,0x27,0x3b,0x0a,0x7d,0x0a,0x0a,0x66,0x75,0x6e,0x63,0x74,0x69,0x6f,
0x6e,0x20,0x66,0x69,0x6c,0x65,0x45,0x72,0x72,0x6f,0x72,0x28,0x29,0x7b,0x0a,0x20,
0x20,0x69,0x66,0x28,0x21,0x73,0x65,0x6c,0x65,0x63,0x74,0x65,0x64,0x46,0x69,0x6c,
0x65,0x29,0x72,0x65,0x74,0x75,0x72,0x6e,0x27,0x27,0x3b,0x0a,0x20,0x20,0x69,0x66,
0x28,0x61,0x63,0x74,0x69,0x76,0x65,0x54,0x61,0x72,0x67,0x65,0x74,0x3d,0x3d,0x3d,
0x27,0x66,0x69,0x72,0x6d,0x77,0x61,0x72,0x65,0x27,0x26,0x26,0x73,0x65,0x6c,0x65,
0x63,0x74,0x65,0x64,0x46,0x69,0x6c,0x65,0x2e,0x73,0x69,0x7a,0x65,0x3c,0x31,0x30,
0x32,0x34,0x2a,0x31,0x30,0x32,0x34,0x29,0x72,0x65,0x74,0x75,0x72,0x6e,0x20,0x74,
0x28,0x27,0x66,0x69,0x6c,0x65,0x2e,0x66,0x69,0x72,0x6d,0x77,0x61,0x72,0x65,0x53,
0x69,0x7a,0x65,0x27,0x29,0x3b,0x0a,0x20,0x20,0x69,0x66,0x28,0x61,0x63,0x74,0x69,
0x76,0x65,0x54,0x61,0x72,0x67,0x65,0x74,0x3d,0x3d,0x3d,0x27,0x75,0x62,0x6f,0x6f,
0x74,0x27,0x26,0x26,0x73,0x65,0x6c,0x65,0x63,0x74,0x65,0x64,0x46,0x69,0x6c,0x65,
0x2e,0x73,0x69,0x7a,0x65,0x3e,0x31,0x30,0x32,0x34,0x2a,0x31,0x30,0x32,0x34,0x29,
0x72,0x65,0x74,0x75,0x72,0x6e,0x20,0x74,0x28,0x27,0x66,0x69,0x6c,0x65,0x2e,0x75,
0x62,0x6f,0x6f,0x74,0x53,0x69,0x7a,0x65,0x27,0x29,0x3b,0x0a,0x20,0x20,0x72,0x65,
0x74,0x75,0x72,0x6e,0x27,0x27,0x3b,0x0a,0x7d,0x0a,0x0a,0x66,0x75,0x6e,0x63,0x74,
0x69,0x6f,0x6e,0x20,0x76,0x61,0x6c,0x69,0x64,0x61,0x74,0x65,0x46,0x69,0x6c,0x65,
0x28,0x29,0x7b,0x0a,0x20,0x20,0x76,0x61,0x72,0x20,0x65,0x72,0x72,0x6f,0x72,0x3d,
0x66,0x69,0x6c,0x65,0x45,0x72,0x72,0x6f,0x72,0x28,0x29,0x3b,0x0a,0x20,0x20,0x66,
0x69,0x6c,0x65,0x48,0x65,0x6c,0x70,0x2e,0x63,0x6c,0x61,0x73,0x73,0x4e,0x61,0x6d,
0x65,0x3d,0x27,0x66,0x69,0x6c,0x65,0x2d,0x68,0x65,0x6c,0x70,0x27,0x3b,0x0a,0x20,
0x20,0x69,0x66,0x28,0x21,0x73,0x65,0x6c,0x65,0x63,0x74,0x65,0x64,0x46,0x69,0x6c,
0x65,0x29,0x7b,0x0a,0x20,0x20,0x20,0x20,0x66,0x69,0x6c,0x65,0x4e,0x61,0x6d,0x65,
0x2e,0x74,0x65,0x78,0x74,0x43,0x6f,0x6e,0x74,0x65,0x6e,0x74,0x3d,0x74,0x28,0x27,
0x66,0x69,0x6c,0x65,0x2e,0x6e,0x6f,0x6e,0x65,0x27,0x29,0x3b,0x0a,0x20,0x20,0x20,
0x20,0x66,0x69,0x6c,0x65,0x4e,0x61,0x6d,0x65,0x2e,0x63,0x6c,0x61,0x73,0x73,0x4e,
0x61,0x6d,0x65,0x3d,0x27,0x66,0x69,0x6c,0x65,0x2d,0x6e,0x61,0x6d,0x65,0x27,0x3b,
0x0a,0x20,0x20,0x20,0x20,0x66,0x69,0x6c,0x65,0x48,0x65,0x6c,0x70,0x2e,0x74,0x65,
0x78,0x74,0x43,0x6f,0x6e,0x74,0x65,0x6e,0x74,0x3d,0x74,0x28,0x61,0x63,0x74,0x69,
0x76,0x65,0x54,0x61,0x72,0x67,0x65,0x74,0x2b,0x27,0x2e,0x68,0x65,0x6c,0x70,0x27,
0x29,0x3b,0x0a,0x20,0x20,0x20,0x20,0x73,0x74,0x61,0x74,0x75,0x73,0x4d,0x65,0x73,
0x73,0x61,0x67,0x65,0x2e,0x74,0x65,0x78,0x74,0x43,0x6f,0x6e,0x74,0x65,0x6e,0x74,
0x3d,0x74,0x28,0x27,0x6d,0x73,0x67,0x2e,0x73,0x65,0x6c,0x65,0x63,0x74,0x27,0x29,
0x3b,0x0a,0x20,0x20,0x7d,0x65,0x6c,0x73,0x65,0x7b,0x0a,0x20,0x20,0x20,0x20,0x66,
0x69,0x6c,0x65,0x4e,0x61,0x6d,0x65,0x2e,0x74,0x65,0x78,0x74,0x43,0x6f,0x6e,0x74,
0x65,0x6e,0x74,0x3d,0x73,0x65,0x6c,0x65,0x63,0x74,0x65,0x64,0x46,0x69,0x6c,0x65,
0x2e,0x6e,0x61,0x6d,0x65,0x2b,0x27,0x20,0x20,0x28,0x27,0x2b,0x66,0x6f,0x72,0x6d,
0x61,0x74,0x42,0x79,0x74,0x65,0x73,0x28,0x73,0x65,0x6c,0x65,0x63,0x74,0x65,0x64,
0x46,0x69,0x6c,0x65,0x2e,0x73,0x69,0x7a,0x65,0x29,0x2b,0x27,0x29,0x27,0x3b,0x0a,
0x20,0x20,0x20,0x20,0x66,0x69,0x6c,0x65,0x4e,0x61,0x6d,0x65,0x2e,0x63,0x6c,0x61,
0x73,0x73,0x4e,0x61,0x6d,0x65,0x3d,0x27,0x66,0x69,0x6c,0x65,0x2d,0x6e,0x61,0x6d,
0x65,0x20,0x73,0x65,0x6c,0x65,0x63,0x74,0x65,0x64,0x27,0x3b,0x0a,0x20,0x20,0x20,
0x20,0x69,0x66,0x28,0x65,0x72,0x72,0x6f,0x72,0x29,0x7b,0x0a,0x20,0x20,0x20,0x20,
0x20,0x20,0x66,0x69,0x6c,0x65,0x48,0x65,0x6c,0x70,0x2e,0x74,0x65,0x78,0x74,0x43,
0x6f,0x6e,0x74,0x65,0x6e,0x74,0x3d,0x65,0x72,0x72,0x6f,0x72,0x3b,0x0a,0x20,0x20,
0x20,0x20,0x20,0x20,0x66,0x69,0x6c,0x65,0x48,0x65,0x6c,0x70,0x2e,0x63,0x6c,0x61,
0x73,0x73,0x4c,0x69,0x73,0x74,0x2e,0x61,0x64,0x64,0x28,0x27,0x65,0x72,0x72,0x6f,
0x72,0x27,0x29,0x3b,0x0a,0x20,0x20,0x20,0x20,0x20,0x20,0x73,0x74,0x61,0x74,0x75,
0x73,0x4d,0x65,0x73,0x73,0x61,0x67,0x65,0x2e,0x74,0x65,0x78,0x74,0x43,0x6f,0x6e,
0x74,0x65,0x6e,0x74,0x3d,0x74,0x28,0x27,0x66,0x69,0x6c,0x65,0x2e,0x69,0x6e,0x76,
0x61,0x6c,0x69,0x64,0x27,0x29,0x3b,0x0a,0x20,0x20,0x20,0x20,0x7d,0x65,0x6c,0x73,
0x65,0x7b,0x0a,0x20,0x20,0x20,0x20,0x20,0x20,0x66,0x69,0x6c,0x65,0x48,0x65,0x6c,
0x70,0x2e,0x74,0x65,0x78,0x74,0x43,0x6f,0x6e,0x74,0x65,0x6e,0x74,0x3d,0x74,0x28,
0x27,0x66,0x69,0x6c,0x65,0x2e,0x72,0x65,0x61,0x64,0x79,0x27,0x29,0x3b,0x0a,0x20,
0x20,0x20,0x20,0x20,0x20,0x66,0x69,0x6c,0x65,0x48,0x65,0x6c,0x70,0x2e,0x63,0x6c,
0x61,0x73,0x73,0x4c,0x69,0x73,0x74,0x2e,0x61,0x64,0x64,0x28,0x27,0x6f,0x6b,0x27,
0x29,0x3b,0x0a,0x20,0x20,0x20,0x20,0x20,0x20,0x73,0x74,0x61,0x74,0x75,0x73,0x4d,
0x65,0x73,0x73,0x61,0x67,0x65,0x2e,0x74,0x65,0x78,0x74,0x43,0x6f,0x6e,0x74,0x65,
0x6e,0x74,0x3d,0x74,0x28,0x27,0x6d,0x73,0x67,0x2e,0x72,0x65,0x61,0x64,0x79,0x27,
0x29,0x3b,0x0a,0x20,0x20,0x20,0x20,0x7d,0x0a,0x20,0x20,0x7d,0x0a,0x20,0x20,0x75,
0x70,0x6c,0x6f,0x61,0x64,0x42,0x75,0x74,0x74,0x6f,0x6e,0x2e,0x64,0x69,0x73,0x61,
0x62,0x6c,0x65,0x64,0x3d,0x62,0x75,0x73,0x79,0x7c,0x7c,0x21,0x73,0x65,0x6c,0x65,
0x63,0x74,0x65,0x64,0x46,0x69,0x6c,0x65,0x7c,0x7c,0x21,0x21,0x65,0x72,0x72,0x6f,
0x72,0x3b,0x0a,0x7d,0x0a,0x0a,0x66,0x75,0x6e,0x63,0x74,0x69,0x6f,0x6e,0x20,0x73,
0x65,0x74,0x42,0x75,0x73,0x79,0x28,0x76,0x61,0x6c,0x75,0x65,0x29,0x7b,0x0a,0x20,
0x20,0x62,0x75,0x73,0x79,0x3d,0x76,0x61,0x6c,0x75,0x65,0x3b,0x0a,0x20,0x20,0x63,
0x68,0x6f,0x6f,0x73,0x65,0x42,0x75,0x74,0x74,0x6f,0x6e,0x2e,0x64,0x69,0x73,0x61,
0x62,0x6c,0x65,0x64,0x3d,0x76,0x61,0x6c,0x75,0x65,0x3b,0x0a,0x20,0x20,0x76,0x61,
0x72,0x20,0x62,0x75,0x74,0x74,0x6f,0x6e,0x73,0x3d,0x64,0x6f,0x63,0x75,0x6d,0x65,
0x6e,0x74,0x2e,0x71,0x75,0x65,0x72,0x79,0x53,0x65,0x6c,0x65,0x63,0x74,0x6f,0x72,
0x41,0x6c,0x6c,0x28,0x27,0x2e,0x6e,0x61,0x76,0x2d,0x62,0x75,0x74,0x74,0x6f,0x6e,
0x27,0x29,0x3b,0x0a,0x09,0x20,0x20,0x66,0x6f,0x72,0x28,0x76,0x61,0x72,0x20,0x69,
0x3d,0x30,0x3b,0x69,0x3c,0x62,0x75,0x74,0x74,0x6f,0x6e,0x73,0x2e,0x6c,0x65,0x6e,
0x67,0x74,0x68,0x3b,0x69,0x2b,0x2b,0x29,0x62,0x75,0x74,0x74,0x6f,0x6e,0x73,0x5b,
0x69,0x5d,0x2e,0x64,0x69,0x73,0x61,0x62,0x6c,0x65,0x64,0x3d,0x76,0x61,0x6c,0x75,
0x65,0x3b,0x0a,0x09,0x20,0x20,0x6c,0x61,0x79,0x6f,0x75,0x74,0x53,0x65,0x6c,0x65,
0x63,0x74,0x2e,0x64,0x69,0x73,0x61,0x62,0x6c,0x65,0x64,0x3d,0x76,0x61,0x6c,0x75,
0x65,0x3b,0x0a,0x09,0x20,0x20,0x72,0x65,0x62,0x6f,0x6f,0x74,0x42,0x75,0x74,0x74,
0x6f,0x6e,0x2e,0x64,0x69,0x73,0x61,0x62,0x6c,0x65,0x64,0x3d,0x76,0x61,0x6c,0x75,
0x65,0x3b,0x0a,0x20,0x20,0x76,0x61,0x6c,0x69,0x64,0x61,0x74,0x65,0x46,0x69,0x6c,
0x65,0x28,0x29,0x3b,0x0a,0x7d,0x0a,0x0a,0x66,0x75,0x6e,0x63,0x74,0x69,0x6f,0x6e,
0x20,0x73,0x65,0x74,0x53,0x74,0x61,0x74,0x65,0x28,0x6c,0x61,0x62,0x65,0x6c,0x2c,
0x74,0x6f,0x6e,0x65,0x2c,0x6d,0x65,0x73,0x73,0x61,0x67,0x65,0x29,0x7b,0x0a,0x20,
0x20,0x73,0x74,0x61,0x74,0x65,0x2e,0x74,0x65,0x78,0x74,0x43,0x6f,0x6e,0x74,0x65,
0x6e,0x74,0x3d,0x6c,0x61,0x62,0x65,0x6c,0x3b,0x0a,0x20,0x20,0x73,0x74,0x61,0x74,
0x65,0x2e,0x73,0x65,0x74,0x41,0x74,0x74,0x72,0x69,0x62,0x75,0x74,0x65,0x28,0x27,
0x64,0x61,0x74,0x61,0x2d,0x74,0x6f,0x6e,0x65,0x27,0x2c,0x74,0x6f,0x6e,0x65,0x7c,
0x7c,0x27,0x69,0x64,0x6c,0x65,0x27,0x29,0x3b,0x0a,0x20,0x20,0x69,0x66,0x28,0x6d,
0x65,0x73,0x73,0x61,0x67,0x65,0x29,0x73,0x74,0x61,0x74,0x75,0x73,0x4d,0x65,0x73,
0x73,0x61,0x67,0x65,0x2e,0x74,0x65,0x78,0x74,0x43,0x6f,0x6e,0x74,0x65,0x6e,0x74,
0x3d,0x6d,0x65,0x73,0x73,0x61,0x67,0x65,0x3b,0x0a,0x7d,0x0a,0x0a,0x66,0x75,0x6e,
0x63,0x74,0x69,0x6f,0x6e,0x20,0x73,0x65,0x74,0x50,0x72,0x6f,0x67,0x72,0x65,0x73,
0x73,0x28,0x6e,0x61,0x6d,0x65,0x2c,0x70,0x63,0x74,0x2c,0x72,0x6f,0x77,0x53,0x74,
0x61,0x74,0x65,0x29,0x7b,0x0a,0x20,0x20,0x76,0x61,0x72,0x20,0x76,0x61,0x6c,0x75,
0x65,0x3d,0x4d,0x61,0x74,0x68,0x2e,0x6d,0x61,0x78,0x28,0x30,0x2c,0x4d,0x61,0x74,
0x68,0x2e,0x6d,0x69,0x6e,0x28,0x31,0x30,0x30,0x2c,0x4d,0x61,0x74,0x68,0x2e,0x72,
0x6f,0x75,0x6e,0x64,0x28,0x70,0x63,0x74,0x7c,0x7c,0x30,0x29,0x29,0x29,0x3b,0x0a,
0x20,0x20,0x76,0x61,0x72,0x20,0x72,0x6f,0x77,0x3d,0x64,0x6f,0x63,0x75,0x6d,0x65,
0x6e,0x74,0x2e,0x67,0x65,0x74,0x45,0x6c,0x65,0x6d,0x65,0x6e,0x74,0x42,0x79,0x49,
0x64,0x28,0x27,0x72,0x6f,0x77,0x2d,0x27,0x2b,0x6e,0x61,0x6d,0x65,0x29,0x3b,0x0a,
0x20,0x20,0x72,0x6f,0x77,0x2e,0x63,0x6c,0x61,0x73,0x73,0x4e,0x61,0x6d,0x65,0x3d,
0x27,0x70,0x72,0x6f,0x67,0x72,0x65,0x73,0x73,0x2d,0x72,0x6f,0x77,0x27,0x2b,0x28,
0x72,0x6f,0x77,0x53,0x74,0x61,0x74,0x65,0x3f,0x27,0x20,0x27,0x2b,0x72,0x6f,0x77,
0x53,0x74,0x61,0x74,0x65,0x3a,0x27,0x27,0x29,0x3b,0x0a,0x20,0x20,0x64,0x6f,0x63,
0x75,0x6d,0x65,0x6e,0x74,0x2e,0x67,0x65,0x74,0x45,0x6c,0x65,0x6d,0x65,0x6e,0x74,
0x42,0x79,0x49,0x64,0x28,0x6e,0x61,0x6d,0x65,0x2b,0x27,0x2d,0x66,0x69,0x6c,0x6c,
0x27,0x29,0x2e,0x73,0x74,0x79,0x6c,0x65,0x2e,0x77,0x69,0x64,0x74,0x68,0x3d,0x76,
0x61,0x6c,0x75,0x65,0x2b,0x27,0x25,0x27,0x3b,0x0a,0x20,0x20,0x64,0x6f,0x63,0x75,
0x6d,0x65,0x6e,0x74,0x2e,0x67,0x65,0x74,0x45,0x6c,0x65,0x6d,0x65,0x6e,0x74,0x42,
0x79,0x49,0x64,0x28,0x6e,0x61,0x6d,0x65,0x2b,0x27,0x2d,0x70,0x65,0x72,0x63,0x65,
0x6e,0x74,0x27,0x29,0x2e,0x74,0x65,0x78,0x74,0x43,0x6f,0x6e,0x74,0x65,0x6e,0x74,
0x3d,0x76,0x61,0x6c,0x75,0x65,0x2b,0x27,0x25,0x27,0x3b,0x0a,0x7d,0x0a,0x0a,0x66,
0x75,0x6e,0x63,0x74,0x69,0x6f,0x6e,0x20,0x72,0x65,0x73,0x65,0x74,0x50,0x72,0x6f,
0x67,0x72,0x65,0x73,0x73,0x28,0x29,0x7b,0x0a,0x20,0x20,0x73,0x65,0x74,0x50,0x72,
0x6f,0x67,0x72,0x65,0x73,0x73,0x28,0x27,0x75,0x70,0x6c,0x6f,0x61,0x64,0x27,0x2c,
0x30,0x2c,0x27,0x27,0x29,0x3b,0x0a,0x20,0x20,0x73,0x65,0x74,0x50,0x72,0x6f,0x67,
0x72,0x65,0x73,0x73,0x28,0x27,0x65,0x72,0x61,0x73,0x65,0x27,0x2c,0x30,0x2c,0x27,
0x27,0x29,0x3b,0x0a,0x20,0x20,0x73,0x65,0x74,0x50,0x72,0x6f,0x67,0x72,0x65,0x73,
0x73,0x28,0x27,0x77,0x72,0x69,0x74,0x65,0x27,0x2c,0x30,0x2c,0x27,0x27,0x29,0x3b,
0x0a,0x20,0x20,0x73,0x65,0x74,0x53,0x74,0x61,0x74,0x65,0x28,0x74,0x28,0x27,0x73,
0x74,0x61,0x74,0x65,0x2e,0x69,0x64,0x6c,0x65,0x27,0x29,0x2c,0x27,0x69,0x64,0x6c,
0x65,0x27,0x2c,0x73,0x65,0x6c,0x65,0x63,0x74,0x65,0x64,0x46,0x69,0x6c,0x65,0x3f,
0x74,0x28,0x27,0x6d,0x73,0x67,0x2e,0x72,0x65,0x61,0x64,0x79,0x27,0x29,0x3a,0x74,
0x28,0x27,0x6d,0x73,0x67,0x2e,0x73,0x65,0x6c,0x65,0x63,0x74,0x27,0x29,0x29,0x3b,
0x0a,0x7d,0x0a,0x0a,0x66,0x75,0x6e,0x63,0x74,0x69,0x6f,0x6e,0x20,0x75,0x70,0x64,
0x61,0x74,0x65,0x46,0x6c,0x61,0x73,0x68,0x50,0x72,0x6f,0x67,0x72,0x65,0x73,0x73,
0x28,0x64,0x61,0x74,0x61,0x29,0x7b,0x0a,0x20,0x20,0x76,0x61,0x72,0x20,0x70,0x68,
0x61,0x73,0x65,0x3d,0x64,0x61,0x74,0x61,0x2e,0x70,0x68,0x61,0x73,0x65,0x7c,0x7c,
0x30,0x3b,0x0a,0x20,0x20,0x69,0x66,0x28,0x70,0x68,0x61,0x73,0x65,0x3d,0x3d,0x3d,
0x31,0x29,0x7b,0x0a,0x20,0x20,0x20,0x20,0x73,0x65,0x74,0x50,0x72,0x6f,0x67,0x72,
0x65,0x73,0x73,0x28,0x27,0x75,0x70,0x6c,0x6f,0x61,0x64,0x27,0x2c,0x31,0x30,0x30,
0x2c,0x27,0x63,0x6f,0x6d,0x70,0x6c,0x65,0x74,0x65,0x27,0x29,0x3b,0x0a,0x20,0x20,
0x20,0x20,0x73,0x65,0x74,0x50,0x72,0x6f,0x67,0x72,0x65,0x73,0x73,0x28,0x27,0x65,
0x72,0x61,0x73,0x65,0x27,0x2c,0x64,0x61,0x74,0x61,0x2e,0x65,0x72,0x61,0x73,0x65,
0x5f,0x74,0x6f,0x74,0x61,0x6c,0x3f,0x64,0x61,0x74,0x61,0x2e,0x65,0x72,0x61,0x73,
0x65,0x5f,0x64,0x6f,0x6e,0x65,0x2a,0x31,0x30,0x30,0x2f,0x64,0x61,0x74,0x61,0x2e,
0x65,0x72,0x61,0x73,0x65,0x5f,0x74,0x6f,0x74,0x61,0x6c,0x3a,0x30,0x2c,0x27,0x61,
0x63,0x74,0x69,0x76,0x65,0x27,0x29,0x3b,0x0a,0x20,0x20,0x20,0x20,0x73,0x65,0x74,
0x50,0x72,0x6f,0x67,0x72,0x65,0x73,0x73,0x28,0x27,0x77,0x72,0x69,0x74,0x65,0x27,
0x2c,0x30,0x2c,0x27,0x27,0x29,0x3b,0x0a,0x20,0x20,0x20,0x20,0x73,0x65,0x74,0x53,
0x74,0x61,0x74,0x65,0x28,0x74,0x28,0x27,0x73,0x74,0x61,0x74,0x65,0x2e,0x65,0x72,
0x61,0x73,0x69,0x6e,0x67,0x27,0x29,0x2c,0x27,0x77,0x6f,0x72,0x6b,0x69,0x6e,0x67,
0x27,0x2c,0x74,0x28,0x27,0x6d,0x73,0x67,0x2e,0x65,0x72,0x61,0x73,0x69,0x6e,0x67,
0x27,0x29,0x29,0x3b,0x0a,0x20,0x20,0x7d,0x65,0x6c,0x73,0x65,0x20,0x69,0x66,0x28,
0x70,0x68,0x61,0x73,0x65,0x3d,0x3d,0x3d,0x32,0x29,0x7b,0x0a,0x20,0x20,0x20,0x20,
0x73,0x65,0x74,0x50,0x72,0x6f,0x67,0x72,0x65,0x73,0x73,0x28,0x27,0x75,0x70,0x6c,
0x6f,0x61,0x64,0x27,0x2c,0x31,0x30,0x30,0x2c,0x27,0x63,0x6f,0x6d,0x70,0x6c,0x65,
0x74,0x65,0x27,0x29,0x3b,0x0a,0x20,0x20,0x20,0x20,0x73,0x65,0x74,0x50,0x72,0x6f,
0x67,0x72,0x65,0x73,0x73,0x28,0x27,0x65,0x72,0x61,0x73,0x65,0x27,0x2c,0x31,0x30,
0x30,0x2c,0x27,0x63,0x6f,0x6d,0x70,0x6c,0x65,0x74,0x65,0x27,0x29,0x3b,0x0a,0x20,
0x20,0x20,0x20,0x73,0x65,0x74,0x50,0x72,0x6f,0x67,0x72,0x65,0x73,0x73,0x28,0x27,
0x77,0x72,0x69,0x74,0x65,0x27,0x2c,0x64,0x61,0x74,0x61,0x2e,0x77,0x72,0x69,0x74,
0x65,0x5f,0x74,0x6f,0x74,0x61,0x6c,0x3f,0x64,0x61,0x74,0x61,0x2e,0x77,0x72,0x69,
0x74,0x65,0x5f,0x64,0x6f,0x6e,0x65,0x2a,0x31,0x30,0x30,0x2f,0x64,0x61,0x74,0x61,
0x2e,0x77,0x72,0x69,0x74,0x65,0x5f,0x74,0x6f,0x74,0x61,0x6c,0x3a,0x30,0x2c,0x27,
0x61,0x63,0x74,0x69,0x76,0x65,0x27,0x29,0x3b,0x0a,0x20,0x20,0x20,0x20,0x73,0x65,
0x74,0x53,0x74,0x61,0x74,0x65,0x28,0x74,0x28,0x27,0x73,0x74,0x61,0x74,0x65,0x2e,
0x77,0x72,0x69,0x74,0x69,0x6e,0x67,0x27,0x29,0x2c,0x27,0x77,0x6f,0x72,0x6b,0x69,
0x6e,0x67,0x27,0x2c,0x74,0x28,0x27,0x6d,0x73,0x67,0x2e,0x77,0x72,0x69,0x74,0x69,
0x6e,0x67,0x27,0x29,0x29,0x3b,0x0a,0x20,0x20,0x7d,0x0a,0x7d,0x0a,0x0a,0x66,0x75,
0x6e,0x63,0x74,0x69,0x6f,0x6e,0x20,0x73,0x74,0x61,0x72,0x74,0x43,0x6f,0x75,0x6e,
0x74,0x64,0x6f,0x77,0x6e,0x28,0x73,0x65,0x63,0x6f,0x6e,0x64,0x73,0x29,0x7b,0x0a,
0x20,0x20,0x66,0x75,0x6e,0x63,0x74,0x69,0x6f,0x6e,0x20,0x74,0x69,0x63,0x6b,0x28,
0x6c,0x65,0x66,0x74,0x29,0x7b,0x0a,0x20,0x20,0x20,0x20,0x73,0x65,0x74,0x53,0x74,
0x61,0x74,0x65,0x28,0x74,0x28,0x27,0x73,0x74,0x61,0x74,0x65,0x2e,0x63,0x6f,0x6d,
0x70,0x6c,0x65,0x74,0x65,0x27,0x29,0x2c,0x27,0x73,0x75,0x63,0x63,0x65,0x73,0x73,
0x27,0x2c,0x74,0x6d,0x28,0x27,0x6d,0x73,0x67,0x2e,0x63,0x6f,0x6d,0x70,0x6c,0x65,
0x74,0x65,0x27,0x2c,0x6c,0x65,0x66,0x74,0x29,0x29,0x3b,0x0a,0x20,0x20,0x20,0x20,
0x69,0x66,0x28,0x6c,0x65,0x66,0x74,0x3e,0x30,0x29,0x73,0x65,0x74,0x54,0x69,0x6d,
0x65,0x6f,0x75,0x74,0x28,0x66,0x75,0x6e,0x63,0x74,0x69,0x6f,0x6e,0x28,0x29,0x7b,
0x74,0x69,0x63,0x6b,0x28,0x6c,0x65,0x66,0x74,0x2d,0x31,0x29,0x7d,0x2c,0x31,0x30,
0x30,0x30,0x29,0x3b,0x0a,0x20,0x20,0x7d,0x0a,0x20,0x20,0x74,0x69,0x63,0x6b,0x28,
0x73,0x65,0x63,0x6f,0x6e,0x64,0x73,0x29,0x3b,0x0a,0x7d,0x0a,0x0a,0x66,0x75,0x6e,
0x63,0x74,0x69,0x6f,0x6e,0x20,0x73,0x74,0x61,0x72,0x74,0x52,0x65,0x62,0x6f,0x6f,
0x74,0x43,0x6f,0x75,0x6e,0x74,0x64,0x6f,0x77,0x6e,0x28,0x73,0x65,0x63,0x6f,0x6e,
0x64,0x73,0x29,0x7b,0x0a,0x20,0x20,0x66,0x75,0x6e,0x63,0x74,0x69,0x6f,0x6e,0x20,
0x74,0x69,0x63,0x6b,0x28,0x6c,0x65,0x66,0x74,0x29,0x7b,0x0a,0x20,0x20,0x20,0x20,
0x76,0x61,0x72,0x20,0x6d,0x65,0x73,0x73,0x61,0x67,0x65,0x3d,0x6c,0x65,0x66,0x74,
0x3e,0x30,0x3f,0x74,0x6d,0x28,0x27,0x6d,0x73,0x67,0x2e,0x72,0x65,0x62,0x6f,0x6f,
0x74,0x69,0x6e,0x67,0x27,0x2c,0x6c,0x65,0x66,0x74,0x29,0x3a,0x74,0x28,0x27,0x6d,
0x73,0x67,0x2e,0x72,0x65,0x62,0x6f,0x6f,0x74,0x44,0x6f,0x6e,0x65,0x27,0x29,0x3b,
0x0a,0x20,0x20,0x20,0x20,0x73,0x65,0x74,0x53,0x74,0x61,0x74,0x65,0x28,0x74,0x28,
0x27,0x73,0x74,0x61,0x74,0x65,0x2e,0x72,0x65,0x62,0x6f,0x6f,0x74,0x69,0x6e,0x67,
0x27,0x29,0x2c,0x27,0x77,0x6f,0x72,0x6b,0x69,0x6e,0x67,0x27,0x2c,0x6d,0x65,0x73,
0x73,0x61,0x67,0x65,0x29,0x3b,0x0a,0x20,0x20,0x20,0x20,0x69,0x66,0x28,0x6c,0x65,
0x66,0x74,0x3e,0x30,0x29,0x73,0x65,0x74,0x54,0x69,0x6d,0x65,0x6f,0x75,0x74,0x28,
0x66,0x75,0x6e,0x63,0x74,0x69,0x6f,0x6e,0x28,0x29,0x7b,0x74,0x69,0x63,0x6b,0x28,
0x6c,0x65,0x66,0x74,0x2d,0x31,0x29,0x7d,0x2c,0x31,0x30,0x30,0x30,0x29,0x3b,0x0a,
0x20,0x20,0x7d,0x0a,0x20,0x20,0x74,0x69,0x63,0x6b,0x28,0x73,0x65,0x63,0x6f,0x6e,
0x64,0x73,0x29,0x3b,0x0a,0x7d,0x0a,0x0a,0x61,0x73,0x79,0x6e,0x63,0x20,0x66,0x75,
0x6e,0x63,0x74,0x69,0x6f,0x6e,0x20,0x72,0x65,0x62,0x6f,0x6f,0x74,0x54,0x6f,0x53,
0x79,0x73,0x74,0x65,0x6d,0x28,0x29,0x7b,0x0a,0x20,0x20,0x69,0x66,0x28,0x62,0x75,
0x73,0x79,0x29,0x72,0x65,0x74,0x75,0x72,0x6e,0x3b,0x0a,0x20,0x20,0x69,0x66,0x28,
0x21,0x77,0x69,0x6e,0x64,0x6f,0x77,0x2e,0x63,0x6f,0x6e,0x66,0x69,0x72,0x6d,0x28,
0x74,0x28,0x27,0x6d,0x73,0x67,0x2e,0x72,0x65,0x62,0x6f,0x6f,0x74,0x43,0x6f,0x6e,
0x66,0x69,0x72,0x6d,0x27,0x29,0x29,0x29,0x72,0x65,0x74,0x75,0x72,0x6e,0x3b,0x0a,
0x20,0x20,0x73,0x65,0x74,0x42,0x75,0x73,0x79,0x28,0x74,0x72,0x75,0x65,0x29,0x3b,
0x0a,0x20,0x20,0x73,0x65,0x74,0x53,0x74,0x61,0x74,0x65,0x28,0x74,0x28,0x27,0x73,
0x74,0x61,0x74,0x65,0x2e,0x72,0x65,0x62,0x6f,0x6f,0x74,0x69,0x6e,0x67,0x27,0x29,
0x2c,0x27,0x77,0x6f,0x72,0x6b,0x69,0x6e,0x67,0x27,0x2c,0x74,0x28,0x27,0x6d,0x73,
0x67,0x2e,0x72,0x65,0x62,0x6f,0x6f,0x74,0x53,0x65,0x6e,0x64,0x27,0x29,0x29,0x3b,
0x0a,0x20,0x20,0x74,0x72,0x79,0x7b,0x0a,0x20,0x20,0x20,0x20,0x76,0x61,0x72,0x20,
0x72,0x65,0x73,0x70,0x6f,0x6e,0x73,0x65,0x3d,0x61,0x77,0x61,0x69,0x74,0x20,0x66,
0x65,0x74,0x63,0x68,0x28,0x27,0x2f,0x72,0x65,0x62,0x6f,0x6f,0x74,0x27,0x2c,0x7b,
0x6d,0x65,0x74,0x68,0x6f,0x64,0x3a,0x27,0x50,0x4f,0x53,0x54,0x27,0x2c,0x62,0x6f,
0x64,0x79,0x3a,0x27,0x27,0x2c,0x63,0x61,0x63,0x68,0x65,0x3a,0x27,0x6e,0x6f,0x2d,
0x73,0x74,0x6f,0x72,0x65,0x27,0x7d,0x29,0x3b,0x0a,0x20,0x20,0x20,0x20,0x61,0x77,
0x61,0x69,0x74,0x20,0x72,0x65,0x73,0x70,0x6f,0x6e,0x73,0x65,0x2e,0x74,0x65,0x78,
0x74,0x28,0x29,0x3b,0x0a,0x20,0x20,0x20,0x20,0x69,0x66,0x28,0x21,0x72,0x65,0x73,
0x70,0x6f,0x6e,0x73,0x65,0x2e,0x6f,0x6b,0x29,0x74,0x68,0x72,0x6f,0x77,0x20,0x6e,
0x65,0x77,0x20,0x45,0x72,0x72,0x6f,0x72,0x28,0x27,0x72,0x65,0x62,0x6f,0x6f,0x74,
0x20,0x72,0x65,0x6a,0x65,0x63,0x74,0x65,0x64,0x27,0x29,0x3b,0x0a,0x20,0x20,0x20,
0x20,0x73,0x74,0x61,0x72,0x74,0x52,0x65,0x62,0x6f,0x6f,0x74,0x43,0x6f,0x75,0x6e,
0x74,0x64,0x6f,0x77,0x6e,0x28,0x33,0x29,0x3b,0x0a,0x20,0x20,0x7d,0x63,0x61,0x74,
0x63,0x68,0x28,0x65,0x72,0x72,0x6f,0x72,0x29,0x7b,0x0a,0x20,0x20,0x20,0x20,0x73,
0x65,0x74,0x42,0x75,0x73,0x79,0x28,0x66,0x61,0x6c,0x73,0x65,0x29,0x3b,0x0a,0x20,
0x20,0x20,0x20,0x73,0x65,0x74,0x53,0x74,0x61,0x74,0x65,0x28,0x74,0x28,0x27,0x73,
0x74,0x61,0x74,0x65,0x2e,0x66,0x61,0x69,0x6c,0x65,0x64,0x27,0x29,0x2c,0x27,0x65,
0x72,0x72,0x6f,0x72,0x27,0x2c,0x74,0x28,0x27,0x6d,0x73,0x67,0x2e,0x72,0x65,0x62,
0x6f,0x6f,0x74,0x52,0x65,0x6a,0x65,0x63,0x74,0x65,0x64,0x27,0x29,0x29,0x3b,0x0a,
0x20,0x20,0x7d,0x0a,0x7d,0x0a,0x0a,0x61,0x73,0x79,0x6e,0x63,0x20,0x66,0x75,0x6e,
0x63,0x74,0x69,0x6f,0x6e,0x20,0x70,0x6f,0x6c,0x6c,0x53,0x74,0x61,0x74,0x75,0x73,
0x28,0x65,0x70,0x6f,0x63,0x68,0x29,0x7b,0x0a,0x20,0x20,0x69,0x66,0x28,0x65,0x70,
0x6f,0x63,0x68,0x21,0x3d,0x3d,0x70,0x6f,0x6c,0x6c,0x45,0x70,0x6f,0x63,0x68,0x7c,
0x7c,0x70,0x6f,0x6c,0x6c,0x4f,0x75,0x74,0x63,0x6f,0x6d,0x65,0x21,0x3d,0x3d,0x30,
0x29,0x72,0x65,0x74,0x75,0x72,0x6e,0x3b,0x0a,0x20,0x20,0x74,0x72,0x79,0x7b,0x0a,
0x20,0x20,0x20,0x20,0x76,0x61,0x72,0x20,0x72,0x65,0x73,0x70,0x6f,0x6e,0x73,0x65,
0x3d,0x61,0x77,0x61,0x69,0x74,0x20,0x66,0x65,0x74,0x63,0x68,0x28,0x27,0x2f,0x73,
0x74,0x61,0x74,0x75,0x73,0x27,0x2c,0x7b,0x63,0x61,0x63,0x68,0x65,0x3a,0x27,0x6e,
0x6f,0x2d,0x73,0x74,0x6f,0x72,0x65,0x27,0x7d,0x29,0x3b,0x0a,0x20,0x20,0x20,0x20,
0x76,0x61,0x72,0x20,0x64,0x61,0x74,0x61,0x3d,0x61,0x77,0x61,0x69,0x74,0x20,0x72,
0x65,0x73,0x70,0x6f,0x6e,0x73,0x65,0x2e,0x6a,0x73,0x6f,0x6e,0x28,0x29,0x3b,0x0a,
0x20,0x20,0x20,0x20,0x69,0x66,0x28,0x65,0x70,0x6f,0x63,0x68,0x21,0x3d,0x3d,0x70,
0x6f,0x6c,0x6c,0x45,0x70,0x6f,0x63,0x68,0x7c,0x7c,0x70,0x6f,0x6c,0x6c,0x4f,0x75,
0x74,0x63,0x6f,0x6d,0x65,0x21,0x3d,0x3d,0x30,0x29,0x72,0x65,0x74,0x75,0x72,0x6e,
0x3b,0x0a,0x20,0x20,0x20,0x20,0x69,0x66,0x28,0x64,0x61,0x74,0x61,0x2e,0x69,0x6e,
0x5f,0x70,0x72,0x6f,0x67,0x72,0x65,0x73,0x73,0x29,0x7b,0x0a,0x20,0x20,0x20,0x20,
0x20,0x20,0x75,0x70,0x64,0x61,0x74,0x65,0x46,0x6c,0x61,0x73,0x68,0x50,0x72,0x6f,
0x67,0x72,0x65,0x73,0x73,0x28,0x64,0x61,0x74,0x61,0x29,0x3b,0x0a,0x20,0x20,0x20,
0x20,0x7d,0x65,0x6c,0x73,0x65,0x20,0x69,0x66,0x28,0x64,0x61,0x74,0x61,0x2e,0x6f,
0x6b,0x29,0x7b,0x0a,0x20,0x20,0x20,0x20,0x20,0x20,0x70,0x6f,0x6c,0x6c,0x4f,0x75,
0x74,0x63,0x6f,0x6d,0x65,0x3d,0x31,0x3b,0x0a,0x20,0x20,0x20,0x20,0x20,0x20,0x69,
0x66,0x28,0x70,0x6f,0x6c,0x6c,0x54,0x69,0x6d,0x65,0x72,0x29,0x63,0x6c,0x65,0x61,
0x72,0x49,0x6e,0x74,0x65,0x72,0x76,0x61,0x6c,0x28,0x70,0x6f,0x6c,0x6c,0x54,0x69,
0x6d,0x65,0x72,0x29,0x3b,0x0a,0x20,0x20,0x20,0x20,0x20,0x20,0x70,0x6f,0x6c,0x6c,
0x54,0x69,0x6d,0x65,0x72,0x3d,0x6e,0x75,0x6c,0x6c,0x3b,0x0a,0x20,0x20,0x20,0x20,
0x20,0x20,0x73,0x65,0x74,0x50,0x72,0x6f,0x67,0x72,0x65,0x73,0x73,0x28,0x27,0x75,
0x70,0x6c,0x6f,0x61,0x64,0x27,0x2c,0x31,0x30,0x30,0x2c,0x27,0x63,0x6f,0x6d,0x70,
0x6c,0x65,0x74,0x65,0x27,0x29,0x3b,0x0a,0x20,0x20,0x20,0x20,0x20,0x20,0x73,0x65,
0x74,0x50,0x72,0x6f,0x67,0x72,0x65,0x73,0x73,0x28,0x27,0x65,0x72,0x61,0x73,0x65,
0x27,0x2c,0x31,0x30,0x30,0x2c,0x27,0x63,0x6f,0x6d,0x70,0x6c,0x65,0x74,0x65,0x27,
0x29,0x3b,0x0a,0x20,0x20,0x20,0x20,0x20,0x20,0x73,0x65,0x74,0x50,0x72,0x6f,0x67,
0x72,0x65,0x73,0x73,0x28,0x27,0x77,0x72,0x69,0x74,0x65,0x27,0x2c,0x31,0x30,0x30,
0x2c,0x27,0x63,0x6f,0x6d,0x70,0x6c,0x65,0x74,0x65,0x27,0x29,0x3b,0x0a,0x20,0x20,
0x20,0x20,0x20,0x20,0x73,0x74,0x61,0x72,0x74,0x43,0x6f,0x75,0x6e,0x74,0x64,0x6f,
0x77,0x6e,0x28,0x33,0x29,0x3b,0x0a,0x20,0x20,0x20,0x20,0x7d,0x65,0x6c,0x73,0x65,
0x20,0x69,0x66,0x28,0x64,0x61,0x74,0x61,0x2e,0x65,0x72,0x72,0x6f,0x72,0x29,0x7b,
0x0a,0x20,0x20,0x20,0x20,0x20,0x20,0x70,0x6f,0x6c,0x6c,0x4f,0x75,0x74,0x63,0x6f,
0x6d,0x65,0x3d,0x2d,0x31,0x3b,0x0a,0x20,0x20,0x20,0x20,0x20,0x20,0x69,0x66,0x28,
0x70,0x6f,0x6c,0x6c,0x54,0x69,0x6d,0x65,0x72,0x29,0x63,0x6c,0x65,0x61,0x72,0x49,
0x6e,0x74,0x65,0x72,0x76,0x61,0x6c,0x28,0x70,0x6f,0x6c,0x6c,0x54,0x69,0x6d,0x65,
0x72,0x29,0x3b,0x0a,0x20,0x20,0x20,0x20,0x20,0x20,0x70,0x6f,0x6c,0x6c,0x54,0x69,
0x6d,0x65,0x72,0x3d,0x6e,0x75,0x6c,0x6c,0x3b,0x0a,0x20,0x20,0x20,0x20,0x20,0x20,
0x73,0x65,0x74,0x53,0x74,0x61,0x74,0x65,0x28,0x74,0x28,0x27,0x73,0x74,0x61,0x74,
0x65,0x2e,0x66,0x61,0x69,0x6c,0x65,0x64,0x27,0x29,0x2c,0x27,0x65,0x72,0x72,0x6f,
0x72,0x27,0x2c,0x74,0x28,0x27,0x6d,0x73,0x67,0x2e,0x66,0x61,0x69,0x6c,0x65,0x64,
0x27,0x29,0x29,0x3b,0x0a,0x20,0x20,0x20,0x20,0x20,0x20,0x73,0x65,0x74,0x42,0x75,
0x73,0x79,0x28,0x66,0x61,0x6c,0x73,0x65,0x29,0x3b,0x0a,0x20,0x20,0x20,0x20,0x7d,
0x0a,0x20,0x20,0x7d,0x63,0x61,0x74,0x63,0x68,0x28,0x65,0x72,0x72,0x6f,0x72,0x29,
0x7b,0x7d,0x0a,0x7d,0x0a,0x0a,0x66,0x75,0x6e,0x63,0x74,0x69,0x6f,0x6e,0x20,0x73,
0x74,0x61,0x72,0x74,0x53,0x74,0x61,0x74,0x75,0x73,0x50,0x6f,0x6c,0x6c,0x69,0x6e,
0x67,0x28,0x65,0x70,0x6f,0x63,0x68,0x2c,0x6c,0x61,0x62,0x65,0x6c,0x2c,0x6d,0x65,
0x73,0x73,0x61,0x67,0x65,0x29,0x7b,0x0a,0x20,0x20,0x69,0x66,0x28,0x65,0x70,0x6f,
0x63,0x68,0x21,0x3d,0x3d,0x70,0x6f,0x6c,0x6c,0x45,0x70,0x6f,0x63,0x68,0x7c,0x7c,
0x70,0x6f,0x6c,0x6c,0x4f,0x75,0x74,0x63,0x6f,0x6d,0x65,0x21,0x3d,0x3d,0x30,0x29,
0x72,0x65,0x74,0x75,0x72,0x6e,0x3b,0x0a,0x20,0x20,0x76,0x61,0x72,0x20,0x73,0x74,
0x61,0x74,0x65,0x4b,0x65,0x79,0x3d,0x6c,0x61,0x62,0x65,0x6c,0x3d,0x3d,0x3d,0x27,
0x50,0x72,0x6f,0x63,0x65,0x73,0x73,0x69,0x6e,0x67,0x27,0x3f,0x27,0x73,0x74,0x61,
0x74,0x65,0x2e,0x70,0x72,0x6f,0x63,0x65,0x73,0x73,0x69,0x6e,0x67,0x27,0x3a,0x28,
0x6c,0x61,0x62,0x65,0x6c,0x3d,0x3d,0x3d,0x27,0x43,0x68,0x65,0x63,0x6b,0x69,0x6e,
0x67,0x20,0x53,0x74,0x61,0x74,0x75,0x73,0x27,0x3f,0x27,0x73,0x74,0x61,0x74,0x65,
0x2e,0x63,0x68,0x65,0x63,0x6b,0x69,0x6e,0x67,0x27,0x3a,0x6e,0x75,0x6c,0x6c,0x29,
0x3b,0x0a,0x20,0x20,0x73,0x65,0x74,0x53,0x74,0x61,0x74,0x65,0x28,0x73,0x74,0x61,
0x74,0x65,0x4b,0x65,0x79,0x3f,0x74,0x28,0x73,0x74,0x61,0x74,0x65,0x4b,0x65,0x79,
0x29,0x3a,0x6c,0x61,0x62,0x65,0x6c,0x2c,0x27,0x77,0x6f,0x72,0x6b,0x69,0x6e,0x67,
0x27,0x2c,0x6d,0x65,0x73,0x73,0x61,0x67,0x65,0x29,0x3b,0x0a,0x20,0x20,0x69,0x66,
0x28,0x70,0x6f,0x6c,0x6c,0x54,0x69,0x6d,0x65,0x72,0x29,0x72,0x65,0x74,0x75,0x72,
0x6e,0x3b,0x0a,0x20,0x20,0x70,0x6f,0x6c,0x6c,0x54,0x69,0x6d,0x65,0x72,0x3d,0x73,
0x65,0x74,0x49,0x6e,0x74,0x65,0x72,0x76,0x61,0x6c,0x28,0x66,0x75,0x6e,0x63,0x74,
0x69,0x6f,0x6e,0x28,0x29,0x7b,0x70,0x6f,0x6c,0x6c,0x53,0x74,0x61,0x74,0x75,0x73,
0x28,0x65,0x70,0x6f,0x63,0x68,0x29,0x7d,0x2c,0x35,0x30,0x30,0x29,0x3b,0x0a,0x20,
0x20,0x73,0x65,0x74,0x54,0x69,0x6d,0x65,0x6f,0x75,0x74,0x28,0x66,0x75,0x6e,0x63,
0x74,0x69,0x6f,0x6e,0x28,0x29,0x7b,0x70,0x6f,0x6c,0x6c,0x53,0x74,0x61,0x74,0x75,
0x73,0x28,0x65,0x70,0x6f,0x63,0x68,0x29,0x7d,0x2c,0x31,0x30,0x30,0x29,0x3b,0x0a,
0x7d,0x0a,0x0a,0x61,0x73,0x79,0x6e,0x63,0x20,0x66,0x75,0x6e,0x63,0x74,0x69,0x6f,
0x6e,0x20,0x75,0x70,0x6c,0x6f,0x61,0x64,0x28,0x29,0x7b,0x0a,0x20,0x20,0x69,0x66,
0x28,0x21,0x73,0x65,0x6c,0x65,0x63,0x74,0x65,0x64,0x46,0x69,0x6c,0x65,0x7c,0x7c,
0x66,0x69,0x6c,0x65,0x45,0x72,0x72,0x6f,0x72,0x28,0x29,0x29,0x72,0x65,0x74,0x75,
0x72,0x6e,0x3b,0x0a,0x20,0x20,0x73,0x65,0x74,0x42,0x75,0x73,0x79,0x28,0x74,0x72,
0x75,0x65,0x29,0x3b,0x0a,0x20,0x20,0x72,0x65,0x73,0x65,0x74,0x50,0x72,0x6f,0x67,
0x72,0x65,0x73,0x73,0x28,0x29,0x3b,0x0a,0x20,0x20,0x70,0x6f,0x6c,0x6c,0x45,0x70,
0x6f,0x63,0x68,0x2b,0x2b,0x3b,0x0a,0x20,0x20,0x70,0x6f,0x6c,0x6c,0x4f,0x75,0x74,
0x63,0x6f,0x6d,0x65,0x3d,0x30,0x3b,0x0a,0x20,0x20,0x69,0x66,0x28,0x70,0x6f,0x6c,
0x6c,0x54,0x69,0x6d,0x65,0x72,0x29,0x63,0x6c,0x65,0x61,0x72,0x49,0x6e,0x74,0x65,
0x72,0x76,0x61,0x6c,0x28,0x70,0x6f,0x6c,0x6c,0x54,0x69,0x6d,0x65,0x72,0x29,0x3b,
0x0a,0x20,0x20,0x70,0x6f,0x6c,0x6c,0x54,0x69,0x6d,0x65,0x72,0x3d,0x6e,0x75,0x6c,
0x6c,0x3b,0x0a,0x20,0x20,0x73,0x65,0x74,0x50,0x72,0x6f,0x67,0x72,0x65,0x73,0x73,
0x28,0x27,0x75,0x70,0x6c,0x6f,0x61,0x64,0x27,0x2c,0x30,0x2c,0x27,0x61,0x63,0x74,
0x69,0x76,0x65,0x27,0x29,0x3b,0x0a,0x20,0x20,0x73,0x65,0x74,0x53,0x74,0x61,0x74,
0x65,0x28,0x74,0x28,0x27,0x73,0x74,0x61,0x74,0x65,0x2e,0x75,0x70,0x6c,0x6f,0x61,
0x64,0x69,0x6e,0x67,0x27,0x29,0x2c,0x27,0x77,0x6f,0x72,0x6b,0x69,0x6e,0x67,0x27,
0x2c,0x74,0x28,0x27,0x6d,0x73,0x67,0x2e,0x75,0x70,0x6c,0x6f,0x61,0x64,0x69,0x6e,
0x67,0x27,0x29,0x29,0x3b,0x0a,0x0a,0x20,0x20,0x76,0x61,0x72,0x20,0x70,0x61,0x79,
0x6c,0x6f,0x61,0x64,0x3b,0x0a,0x20,0x20,0x74,0x72,0x79,0x7b,0x0a,0x20,0x20,0x20,
0x20,0x70,0x61,0x79,0x6c,0x6f,0x61,0x64,0x3d,0x61,0x77,0x61,0x69,0x74,0x20,0x73,
0x65,0x6c,0x65,0x63,0x74,0x65,0x64,0x46,0x69,0x6c,0x65,0x2e,0x61,0x72,0x72,0x61,
0x79,0x42,0x75,0x66,0x66,0x65,0x72,0x28,0x29,0x3b,0x0a,0x20,0x20,0x7d,0x63,0x61,
0x74,0x63,0x68,0x28,0x65,0x72,0x72,0x6f,0x72,0x29,0x7b,0x0a,0x20,0x20,0x20,0x20,
0x73,0x65,0x74,0x53,0x74,0x61,0x74,0x65,0x28,0x74,0x28,0x27,0x73,0x74,0x61,0x74,
0x65,0x2e,0x66,0x61,0x69,0x6c,0x65,0x64,0x27,0x29,0x2c,0x27,0x65,0x72,0x72,0x6f,
0x72,0x27,0x2c,0x74,0x28,0x27,0x6d,0x73,0x67,0x2e,0x72,0x65,0x61,0x64,0x27,0x29,
0x29,0x3b,0x0a,0x20,0x20,0x20,0x20,0x73,0x65,0x74,0x42,0x75,0x73,0x79,0x28,0x66,
0x61,0x6c,0x73,0x65,0x29,0x3b,0x0a,0x20,0x20,0x20,0x20,0x72,0x65,0x74,0x75,0x72,
0x6e,0x3b,0x0a,0x20,0x20,0x7d,0x0a,0x0a,0x20,0x20,0x76,0x61,0x72,0x20,0x78,0x68,
0x72,0x3d,0x6e,0x65,0x77,0x20,0x58,0x4d,0x4c,0x48,0x74,0x74,0x70,0x52,0x65,0x71,
0x75,0x65,0x73,0x74,0x28,0x29,0x3b,0x0a,0x20,0x20,0x76,0x61,0x72,0x20,0x75,0x70,
0x6c,0x6f,0x61,0x64,0x53,0x65,0x6e,0x74,0x3d,0x66,0x61,0x6c,0x73,0x65,0x3b,0x0a,
0x20,0x20,0x78,0x68,0x72,0x2e,0x75,0x70,0x6c,0x6f,0x61,0x64,0x2e,0x61,0x64,0x64,
0x45,0x76,0x65,0x6e,0x74,0x4c,0x69,0x73,0x74,0x65,0x6e,0x65,0x72,0x28,0x27,0x70,
0x72,0x6f,0x67,0x72,0x65,0x73,0x73,0x27,0x2c,0x66,0x75,0x6e,0x63,0x74,0x69,0x6f,
0x6e,0x28,0x65,0x76,0x65,0x6e,0x74,0x29,0x7b,0x0a,0x20,0x20,0x20,0x20,0x69,0x66,
0x28,0x21,0x65,0x76,0x65,0x6e,0x74,0x2e,0x6c,0x65,0x6e,0x67,0x74,0x68,0x43,0x6f,
0x6d,0x70,0x75,0x74,0x61,0x62,0x6c,0x65,0x7c,0x7c,0x65,0x76,0x65,0x6e,0x74,0x2e,
0x74,0x6f,0x74,0x61,0x6c,0x3c,0x3d,0x30,0x29,0x72,0x65,0x74,0x75,0x72,0x6e,0x3b,
0x0a,0x20,0x20,0x20,0x20,0x69,0x66,0x28,0x65,0x76,0x65,0x6e,0x74,0x2e,0x6c,0x6f,
0x61,0x64,0x65,0x64,0x3e,0x3d,0x65,0x76,0x65,0x6e,0x74,0x2e,0x74,0x6f,0x74,0x61,
0x6c,0x29,0x75,0x70,0x6c,0x6f,0x61,0x64,0x53,0x65,0x6e,0x74,0x3d,0x74,0x72,0x75,
0x65,0x3b,0x0a,0x20,0x20,0x20,0x20,0x73,0x65,0x74,0x50,0x72,0x6f,0x67,0x72,0x65,
0x73,0x73,0x28,0x27,0x75,0x70,0x6c,0x6f,0x61,0x64,0x27,0x2c,0x65,0x76,0x65,0x6e,
0x74,0x2e,0x6c,0x6f,0x61,0x64,0x65,0x64,0x2a,0x31,0x30,0x30,0x2f,0x65,0x76,0x65,
0x6e,0x74,0x2e,0x74,0x6f,0x74,0x61,0x6c,0x2c,0x65,0x76,0x65,0x6e,0x74,0x2e,0x6c,
0x6f,0x61,0x64,0x65,0x64,0x3e,0x3d,0x65,0x76,0x65,0x6e,0x74,0x2e,0x74,0x6f,0x74,
0x61,0x6c,0x3f,0x27,0x63,0x6f,0x6d,0x70,0x6c,0x65,0x74,0x65,0x27,0x3a,0x27,0x61,
0x63,0x74,0x69,0x76,0x65,0x27,0x29,0x3b,0x0a,0x20,0x20,0x7d,0x29,0x3b,0x0a,0x20,
0x20,0x78,0x68,0x72,0x2e,0x75,0x70,0x6c,0x6f,0x61,0x64,0x2e,0x61,0x64,0x64,0x45,
0x76,0x65,0x6e,0x74,0x4c,0x69,0x73,0x74,0x65,0x6e,0x65,0x72,0x28,0x27,0x6c,0x6f,
0x61,0x64,0x27,0x2c,0x66,0x75,0x6e,0x63,0x74,0x69,0x6f,0x6e,0x28,0x29,0x7b,0x0a,
0x20,0x20,0x20,0x20,0x75,0x70,0x6c,0x6f,0x61,0x64,0x53,0x65,0x6e,0x74,0x3d,0x74,
0x72,0x75,0x65,0x3b,0x0a,0x20,0x20,0x20,0x20,0x73,0x65,0x74,0x50,0x72,0x6f,0x67,
0x72,0x65,0x73,0x73,0x28,0x27,0x75,0x70,0x6c,0x6f,0x61,0x64,0x27,0x2c,0x31,0x30,
0x30,0x2c,0x27,0x63,0x6f,0x6d,0x70,0x6c,0x65,0x74,0x65,0x27,0x29,0x3b,0x0a,0x20,
0x20,0x7d,0x29,0x3b,0x0a,0x20,0x20,0x78,0x68,0x72,0x2e,0x61,0x64,0x64,0x45,0x76,
0x65,0x6e,0x74,0x4c,0x69,0x73,0x74,0x65,0x6e,0x65,0x72,0x28,0x27,0x6c,0x6f,0x61,
0x64,0x27,0x2c,0x66,0x75,0x6e,0x63,0x74,0x69,0x6f,0x6e,0x28,0x29,0x7b,0x0a,0x20,
0x20,0x20,0x20,0x69,0x66,0x28,0x78,0x68,0x72,0x2e,0x73,0x74,0x61,0x74,0x75,0x73,
0x3c,0x32,0x30,0x30,0x7c,0x7c,0x78,0x68,0x72,0x2e,0x73,0x74,0x61,0x74,0x75,0x73,
0x3e,0x3d,0x33,0x30,0x30,0x29,0x7b,0x0a,0x20,0x20,0x20,0x20,0x20,0x20,0x73,0x65,
0x74,0x53,0x74,0x61,0x74,0x65,0x28,0x74,0x28,0x27,0x73,0x74,0x61,0x74,0x65,0x2e,
0x72,0x65,0x6a,0x65,0x63,0x74,0x65,0x64,0x27,0x29,0x2c,0x27,0x65,0x72,0x72,0x6f,
0x72,0x27,0x2c,0x74,0x28,0x27,0x6d,0x73,0x67,0x2e,0x72,0x65,0x6a,0x65,0x63,0x74,
0x65,0x64,0x27,0x29,0x29,0x3b,0x0a,0x20,0x20,0x20,0x20,0x20,0x20,0x73,0x65,0x74,
0x42,0x75,0x73,0x79,0x28,0x66,0x61,0x6c,0x73,0x65,0x29,0x3b,0x0a,0x20,0x20,0x20,
0x20,0x20,0x20,0x72,0x65,0x74,0x75,0x72,0x6e,0x3b,0x0a,0x20,0x20,0x20,0x20,0x7d,
0x0a,0x20,0x20,0x20,0x20,0x73,0x65,0x74,0x50,0x72,0x6f,0x67,0x72,0x65,0x73,0x73,
0x28,0x27,0x75,0x70,0x6c,0x6f,0x61,0x64,0x27,0x2c,0x31,0x30,0x30,0x2c,0x27,0x63,
0x6f,0x6d,0x70,0x6c,0x65,0x74,0x65,0x27,0x29,0x3b,0x0a,0x20,0x20,0x20,0x20,0x73,
0x74,0x61,0x72,0x74,0x53,0x74,0x61,0x74,0x75,0x73,0x50,0x6f,0x6c,0x6c,0x69,0x6e,
0x67,0x28,0x70,0x6f,0x6c,0x6c,0x45,0x70,0x6f,0x63,0x68,0x2c,0x27,0x50,0x72,0x6f,
0x63,0x65,0x73,0x73,0x69,0x6e,0x67,0x27,0x2c,0x27,0x55,0x70,0x6c,0x6f,0x61,0x64,
0x20,0x63,0x6f,0x6d,0x70,0x6c,0x65,0x74,0x65,0x2e,0x20,0x57,0x61,0x69,0x74,0x69,
0x6e,0x67,0x20,0x66,0x6f,0x72,0x20,0x65,0x72,0x61,0x73,0x65,0x20,0x61,0x6e,0x64,
0x20,0x77,0x72,0x69,0x74,0x65,0x20,0x6f,0x70,0x65,0x72,0x61,0x74,0x69,0x6f,0x6e,
0x73,0x2e,0x27,0x29,0x3b,0x0a,0x20,0x20,0x7d,0x29,0x3b,0x0a,0x20,0x20,0x78,0x68,
0x72,0x2e,0x61,0x64,0x64,0x45,0x76,0x65,0x6e,0x74,0x4c,0x69,0x73,0x74,0x65,0x6e,
0x65,0x72,0x28,0x27,0x65,0x72,0x72,0x6f,0x72,0x27,0x2c,0x66,0x75,0x6e,0x63,0x74,
0x69,0x6f,0x6e,0x28,0x29,0x7b,0x0a,0x20,0x20,0x20,0x20,0x69,0x66,0x28,0x75,0x70,
0x6c,0x6f,0x61,0x64,0x53,0x65,0x6e,0x74,0x29,0x7b,0x0a,0x20,0x20,0x20,0x20,0x20,
0x20,0x73,0x65,0x74,0x50,0x72,0x6f,0x67,0x72,0x65,0x73,0x73,0x28,0x27,0x75,0x70,
0x6c,0x6f,0x61,0x64,0x27,0x2c,0x31,0x30,0x30,0x2c,0x27,0x63,0x6f,0x6d,0x70,0x6c,
0x65,0x74,0x65,0x27,0x29,0x3b,0x0a,0x20,0x20,0x20,0x20,0x20,0x20,0x73,0x74,0x61,
0x72,0x74,0x53,0x74,0x61,0x74,0x75,0x73,0x50,0x6f,0x6c,0x6c,0x69,0x6e,0x67,0x28,
0x70,0x6f,0x6c,0x6c,0x45,0x70,0x6f,0x63,0x68,0x2c,0x27,0x43,0x68,0x65,0x63,0x6b,
0x69,0x6e,0x67,0x20,0x53,0x74,0x61,0x74,0x75,0x73,0x27,0x2c,0x27,0x55,0x70,0x6c,
0x6f,0x61,0x64,0x20,0x77,0x61,0x73,0x20,0x73,0x65,0x6e,0x74,0x2c,0x20,0x62,0x75,
0x74,0x20,0x63,0x6f,0x6e,0x66,0x69,0x72,0x6d,0x61,0x74,0x69,0x6f,0x6e,0x20,0x77,
0x61,0x73,0x20,0x69,0x6e,0x74,0x65,0x72,0x72,0x75,0x70,0x74,0x65,0x64,0x2e,0x20,
0x44,0x6f,0x20,0x6e,0x6f,0x74,0x20,0x70,0x6f,0x77,0x65,0x72,0x20,0x6f,0x66,0x66,
0x20,0x6f,0x72,0x20,0x72,0x65,0x74,0x72,0x79,0x2e,0x27,0x29,0x3b,0x0a,0x20,0x20,
0x20,0x20,0x20,0x20,0x72,0x65,0x74,0x75,0x72,0x6e,0x3b,0x0a,0x20,0x20,0x20,0x20,
0x7d,0x0a,0x20,0x20,0x20,0x20,0x73,0x65,0x74,0x53,0x74,0x61,0x74,0x65,0x28,0x74,
0x28,0x27,0x73,0x74,0x61,0x74,0x65,0x2e,0x6e,0x65,0x74,0x77,0x6f,0x72,0x6b,0x27,
0x29,0x2c,0x27,0x65,0x72,0x72,0x6f,0x72,0x27,0x2c,0x74,0x28,0x27,0x6d,0x73,0x67,
0x2e,0x6e,0x65,0x74,0x77,0x6f,0x72,0x6b,0x27,0x29,0x29,0x3b,0x0a,0x20,0x20,0x20,
0x20,0x73,0x65,0x74,0x42,0x75,0x73,0x79,0x28,0x66,0x61,0x6c,0x73,0x65,0x29,0x3b,
0x0a,0x20,0x20,0x7d,0x29,0x3b,0x0a,0x09,0x20,0x20,0x76,0x61,0x72,0x20,0x75,0x70,
0x6c,0x6f,0x61,0x64,0x55,0x72,0x69,0x3d,0x27,0x2f,0x75,0x70,0x6c,0x6f,0x61,0x64,
0x2f,0x27,0x2b,0x61,0x63,0x74,0x69,0x76,0x65,0x54,0x61,0x72,0x67,0x65,0x74,0x3b,
0x0a,0x09,0x20,0x20,0x69,0x66,0x28,0x61,0x63,0x74,0x69,0x76,0x65,0x54,0x61,0x72,
0x67,0x65,0x74,0x3d,0x3d,0x3d,0x27,0x66,0x69,0x72,0x6d,0x77,0x61,0x72,0x65,0x27,
0x29,0x75,0x70,0x6c,0x6f,0x61,0x64,0x55,0x72,0x69,0x2b,0x3d,0x27,0x3f,0x6c,0x61,
0x79,0x6f,0x75,0x74,0x3d,0x27,0x2b,0x65,0x6e,0x63,0x6f,0x64,0x65,0x55,0x52,0x49,
0x43,0x6f,0x6d,0x70,0x6f,0x6e,0x65,0x6e,0x74,0x28,0x73,0x65,0x6c,0x65,0x63,0x74,
0x65,0x64,0x4c,0x61,0x79,0x6f,0x75,0x74,0x29,0x3b,0x0a,0x09,0x20,0x20,0x78,0x68,
0x72,0x2e,0x6f,0x70,0x65,0x6e,0x28,0x27,0x50,0x4f,0x53,0x54,0x27,0x2c,0x75,0x70,
0x6c,0x6f,0x61,0x64,0x55,0x72,0x69,0x2c,0x74,0x72,0x75,0x65,0x29,0x3b,0x0a,0x20,
0x20,0x78,0x68,0x72,0x2e,0x73,0x65,0x74,0x52,0x65,0x71,0x75,0x65,0x73,0x74,0x48,
0x65,0x61,0x64,0x65,0x72,0x28,0x27,0x43,0x6f,0x6e,0x74,0x65,0x6e,0x74,0x2d,0x54,
0x79,0x70,0x65,0x27,0x2c,0x27,0x61,0x70,0x70,0x6c,0x69,0x63,0x61,0x74,0x69,0x6f,
0x6e,0x2f,0x6f,0x63,0x74,0x65,0x74,0x2d,0x73,0x74,0x72,0x65,0x61,0x6d,0x27,0x29,
0x3b,0x0a,0x20,0x20,0x78,0x68,0x72,0x2e,0x73,0x65,0x6e,0x64,0x28,0x70,0x61,0x79,
0x6c,0x6f,0x61,0x64,0x29,0x3b,0x0a,0x7d,0x0a,0x0a,0x76,0x61,0x72,0x20,0x6e,0x61,
0x76,0x42,0x75,0x74,0x74,0x6f,0x6e,0x73,0x3d,0x64,0x6f,0x63,0x75,0x6d,0x65,0x6e,
0x74,0x2e,0x71,0x75,0x65,0x72,0x79,0x53,0x65,0x6c,0x65,0x63,0x74,0x6f,0x72,0x41,
0x6c,0x6c,0x28,0x27,0x2e,0x6e,0x61,0x76,0x2d,0x62,0x75,0x74,0x74,0x6f,0x6e,0x27,
0x29,0x3b,0x0a,0x66,0x6f,0x72,0x28,0x76,0x61,0x72,0x20,0x69,0x3d,0x30,0x3b,0x69,
0x3c,0x6e,0x61,0x76,0x42,0x75,0x74,0x74,0x6f,0x6e,0x73,0x2e,0x6c,0x65,0x6e,0x67,
0x74,0x68,0x3b,0x69,0x2b,0x2b,0x29,0x7b,0x0a,0x20,0x20,0x6e,0x61,0x76,0x42,0x75,
0x74,0x74,0x6f,0x6e,0x73,0x5b,0x69,0x5d,0x2e,0x61,0x64,0x64,0x45,0x76,0x65,0x6e,
0x74,0x4c,0x69,0x73,0x74,0x65,0x6e,0x65,0x72,0x28,0x27,0x63,0x6c,0x69,0x63,0x6b,
0x27,0x2c,0x66,0x75,0x6e,0x63,0x74,0x69,0x6f,0x6e,0x28,0x29,0x7b,0x73,0x65,0x74,
0x54,0x61,0x72,0x67,0x65,0x74,0x28,0x74,0x68,0x69,0x73,0x2e,0x67,0x65,0x74,0x41,
0x74,0x74,0x72,0x69,0x62,0x75,0x74,0x65,0x28,0x27,0x64,0x61,0x74,0x61,0x2d,0x74,
0x61,0x72,0x67,0x65,0x74,0x27,0x29,0x29,0x7d,0x29,0x3b,0x0a,0x7d,0x0a,0x63,0x68,
0x6f,0x6f,0x73,0x65,0x42,0x75,0x74,0x74,0x6f,0x6e,0x2e,0x61,0x64,0x64,0x45,0x76,
0x65,0x6e,0x74,0x4c,0x69,0x73,0x74,0x65,0x6e,0x65,0x72,0x28,0x27,0x63,0x6c,0x69,
0x63,0x6b,0x27,0x2c,0x66,0x75,0x6e,0x63,0x74,0x69,0x6f,0x6e,0x28,0x29,0x7b,0x69,
0x66,0x28,0x21,0x62,0x75,0x73,0x79,0x29,0x66,0x69,0x6c,0x65,0x49,0x6e,0x70,0x75,
0x74,0x2e,0x63,0x6c,0x69,0x63,0x6b,0x28,0x29,0x7d,0x29,0x3b,0x0a,0x66,0x69,0x6c,
0x65,0x49,0x6e,0x70,0x75,0x74,0x2e,0x61,0x64,0x64,0x45,0x76,0x65,0x6e,0x74,0x4c,
0x69,0x73,0x74,0x65,0x6e,0x65,0x72,0x28,0x27,0x63,0x68,0x61,0x6e,0x67,0x65,0x27,
0x2c,0x66,0x75,0x6e,0x63,0x74,0x69,0x6f,0x6e,0x28,0x29,0x7b,0x73,0x65,0x6c,0x65,
0x63,0x74,0x65,0x64,0x46,0x69,0x6c,0x65,0x3d,0x74,0x68,0x69,0x73,0x2e,0x66,0x69,
0x6c,0x65,0x73,0x5b,0x30,0x5d,0x7c,0x7c,0x6e,0x75,0x6c,0x6c,0x3b,0x76,0x61,0x6c,
0x69,0x64,0x61,0x74,0x65,0x46,0x69,0x6c,0x65,0x28,0x29,0x7d,0x29,0x3b,0x0a,0x6c,
0x61,0x79,0x6f,0x75,0x74,0x53,0x65,0x6c,0x65,0x63,0x74,0x2e,0x61,0x64,0x64,0x45,
0x76,0x65,0x6e,0x74,0x4c,0x69,0x73,0x74,0x65,0x6e,0x65,0x72,0x28,0x27,0x63,0x68,
0x61,0x6e,0x67,0x65,0x27,0x2c,0x66,0x75,0x6e,0x63,0x74,0x69,0x6f,0x6e,0x28,0x29,
0x7b,0x0a,0x20,0x20,0x69,0x66,0x28,0x62,0x75,0x73,0x79,0x29,0x72,0x65,0x74,0x75,
0x72,0x6e,0x3b,0x0a,0x20,0x20,0x73,0x65,0x6c,0x65,0x63,0x74,0x65,0x64,0x4c,0x61,
0x79,0x6f,0x75,0x74,0x3d,0x6c,0x61,0x79,0x6f,0x75,0x74,0x73,0x5b,0x74,0x68,0x69,
0x73,0x2e,0x76,0x61,0x6c,0x75,0x65,0x5d,0x3f,0x74,0x68,0x69,0x73,0x2e,0x76,0x61,
0x6c,0x75,0x65,0x3a,0x27,0x32,0x2e,0x30,0x27,0x3b,0x0a,0x20,0x20,0x75,0x70,0x64,
0x61,0x74,0x65,0x4c,0x61,0x79,0x6f,0x75,0x74,0x28,0x29,0x3b,0x0a,0x20,0x20,0x72,
0x65,0x73,0x65,0x74,0x50,0x72,0x6f,0x67,0x72,0x65,0x73,0x73,0x28,0x29,0x3b,0x0a,
0x7d,0x29,0x3b,0x0a,0x75,0x70,0x6c,0x6f,0x61,0x64,0x42,0x75,0x74,0x74,0x6f,0x6e,
0x2e,0x61,0x64,0x64,0x45,0x76,0x65,0x6e,0x74,0x4c,0x69,0x73,0x74,0x65,0x6e,0x65,
0x72,0x28,0x27,0x63,0x6c,0x69,0x63,0x6b,0x27,0x2c,0x75,0x70,0x6c,0x6f,0x61,0x64,
0x29,0x3b,0x0a,0x72,0x65,0x62,0x6f,0x6f,0x74,0x42,0x75,0x74,0x74,0x6f,0x6e,0x2e,
0x61,0x64,0x64,0x45,0x76,0x65,0x6e,0x74,0x4c,0x69,0x73,0x74,0x65,0x6e,0x65,0x72,
0x28,0x27,0x63,0x6c,0x69,0x63,0x6b,0x27,0x2c,0x72,0x65,0x62,0x6f,0x6f,0x74,0x54,
0x6f,0x53,0x79,0x73,0x74,0x65,0x6d,0x29,0x3b,0x0a,0x64,0x6f,0x63,0x75,0x6d,0x65,
0x6e,0x74,0x2e,0x67,0x65,0x74,0x45,0x6c,0x65,0x6d,0x65,0x6e,0x74,0x42,0x79,0x49,
0x64,0x28,0x27,0x6c,0x61,0x6e,0x67,0x75,0x61,0x67,0x65,0x2d,0x62,0x75,0x74,0x74,
0x6f,0x6e,0x27,0x29,0x2e,0x61,0x64,0x64,0x45,0x76,0x65,0x6e,0x74,0x4c,0x69,0x73,
0x74,0x65,0x6e,0x65,0x72,0x28,0x27,0x63,0x6c,0x69,0x63,0x6b,0x27,0x2c,0x66,0x75,
0x6e,0x63,0x74,0x69,0x6f,0x6e,0x28,0x29,0x7b,0x0a,0x20,0x20,0x6c,0x61,0x6e,0x67,
0x75,0x61,0x67,0x65,0x3d,0x6c,0x61,0x6e,0x67,0x75,0x61,0x67,0x65,0x3d,0x3d,0x3d,
0x27,0x7a,0x68,0x27,0x3f,0x27,0x65,0x6e,0x27,0x3a,0x27,0x7a,0x68,0x27,0x3b,0x0a,
0x20,0x20,0x6c,0x6f,0x63,0x61,0x6c,0x53,0x74,0x6f,0x72,0x61,0x67,0x65,0x2e,0x73,
0x65,0x74,0x49,0x74,0x65,0x6d,0x28,0x27,0x78,0x72,0x31,0x37,0x31,0x30,0x67,0x2d,
0x6c,0x61,0x6e,0x67,0x75,0x61,0x67,0x65,0x27,0x2c,0x6c,0x61,0x6e,0x67,0x75,0x61,
0x67,0x65,0x29,0x3b,0x0a,0x20,0x20,0x61,0x70,0x70,0x6c,0x79,0x4c,0x61,0x6e,0x67,
0x75,0x61,0x67,0x65,0x28,0x29,0x3b,0x0a,0x20,0x20,0x73,0x65,0x74,0x54,0x61,0x72,
0x67,0x65,0x74,0x28,0x61,0x63,0x74,0x69,0x76,0x65,0x54,0x61,0x72,0x67,0x65,0x74,
0x29,0x3b,0x0a,0x7d,0x29,0x3b,0x0a,0x0a,0x28,0x61,0x73,0x79,0x6e,0x63,0x20,0x66,
0x75,0x6e,0x63,0x74,0x69,0x6f,0x6e,0x28,0x29,0x7b,0x0a,0x20,0x20,0x61,0x70,0x70,
0x6c,0x79,0x4c,0x61,0x6e,0x67,0x75,0x61,0x67,0x65,0x28,0x29,0x3b,0x0a,0x20,0x20,
0x73,0x65,0x74,0x54,0x61,0x72,0x67,0x65,0x74,0x28,0x27,0x66,0x69,0x72,0x6d,0x77,
0x61,0x72,0x65,0x27,0x29,0x3b,0x0a,0x20,0x20,0x74,0x72,0x79,0x7b,0x0a,0x20,0x20,
0x20,0x20,0x76,0x61,0x72,0x20,0x72,0x65,0x73,0x70,0x6f,0x6e,0x73,0x65,0x3d,0x61,
0x77,0x61,0x69,0x74,0x20,0x66,0x65,0x74,0x63,0x68,0x28,0x27,0x2f,0x61,0x62,0x6f,
0x75,0x74,0x27,0x2c,0x7b,0x63,0x61,0x63,0x68,0x65,0x3a,0x27,0x6e,0x6f,0x2d,0x73,
0x74,0x6f,0x72,0x65,0x27,0x7d,0x29,0x3b,0x0a,0x20,0x20,0x20,0x20,0x76,0x61,0x72,
0x20,0x64,0x61,0x74,0x61,0x3d,0x61,0x77,0x61,0x69,0x74,0x20,0x72,0x65,0x73,0x70,
0x6f,0x6e,0x73,0x65,0x2e,0x6a,0x73,0x6f,0x6e,0x28,0x29,0x3b,0x0a,0x09,0x20,0x20,
0x20,0x20,0x76,0x61,0x72,0x20,0x76,0x65,0x72,0x73,0x69,0x6f,0x6e,0x54,0x65,0x78,
0x74,0x3d,0x6e,0x75,0x6c,0x6c,0x3b,0x0a,0x09,0x20,0x20,0x20,0x20,0x69,0x66,0x28,
0x64,0x61,0x74,0x61,0x26,0x26,0x64,0x61,0x74,0x61,0x2e,0x75,0x5f,0x62,0x6f,0x6f,
0x74,0x29,0x7b,0x0a,0x09,0x20,0x20,0x20,0x20,0x20,0x20,0x76,0x61,0x72,0x20,0x68,
0x61,0x73,0x68,0x4d,0x61,0x74,0x63,0x68,0x3d,0x64,0x61,0x74,0x61,0x2e,0x75,0x5f,
0x62,0x6f,0x6f,0x74,0x2e,0x6d,0x61,0x74,0x63,0x68,0x28,0x2f,0x2d,0x67,0x28,0x5b,
0x30,0x2d,0x39,0x61,0x2d,0x66,0x5d,0x7b,0x37,0x2c,0x7d,0x29,0x2f,0x29,0x3b,0x0a,
0x09,0x20,0x20,0x20,0x20,0x20,0x20,0x76,0x61,0x72,0x20,0x64,0x61,0x74,0x65,0x4d,
0x61,0x74,0x63,0x68,0x3d,0x64,0x61,0x74,0x61,0x2e,0x75,0x5f,0x62,0x6f,0x6f,0x74,
0x2e,0x6d,0x61,0x74,0x63,0x68,0x28,0x2f,0x5c,0x28,0x28,0x5b,0x41,0x2d,0x5a,0x5d,
0x5b,0x61,0x2d,0x7a,0x5d,0x7b,0x32,0x7d,0x29,0x20,0x28,0x5c,0x64,0x7b,0x31,0x2c,
0x32,0x7d,0x29,0x20,0x28,0x5c,0x64,0x7b,0x34,0x7d,0x29,0x2f,0x29,0x3b,0x0a,0x09,
0x20,0x20,0x20,0x20,0x20,0x20,0x76,0x61,0x72,0x20,0x62,0x75,0x69,0x6c,0x64,0x44,
0x61,0x74,0x65,0x3d,0x6e,0x75,0x6c,0x6c,0x3b,0x0a,0x09,0x20,0x20,0x20,0x20,0x20,
0x20,0x69,0x66,0x28,0x64,0x61,0x74,0x65,0x4d,0x61,0x74,0x63,0x68,0x29,0x7b,0x0a,
0x09,0x20,0x20,0x20,0x20,0x20,0x20,0x20,0x20,0x76,0x61,0x72,0x20,0x6d,0x6f,0x6e,
0x74,0x68,0x4e,0x75,0x6d,0x3d,0x28,0x27,0x4a,0x61,0x6e,0x2c,0x46,0x65,0x62,0x2c,
0x4d,0x61,0x72,0x2c,0x41,0x70,0x72,0x2c,0x4d,0x61,0x79,0x2c,0x4a,0x75,0x6e,0x2c,
0x4a,0x75,0x6c,0x2c,0x41,0x75,0x67,0x2c,0x53,0x65,0x70,0x2c,0x4f,0x63,0x74,0x2c,
0x4e,0x6f,0x76,0x2c,0x44,0x65,0x63,0x27,0x29,0x2e,0x73,0x70,0x6c,0x69,0x74,0x28,
0x27,0x2c,0x27,0x29,0x2e,0x69,0x6e,0x64,0x65,0x78,0x4f,0x66,0x28,0x64,0x61,0x74,
0x65,0x4d,0x61,0x74,0x63,0x68,0x5b,0x31,0x5d,0x29,0x2b,0x31,0x3b,0x0a,0x09,0x20,
0x20,0x20,0x20,0x20,0x20,0x20,0x20,0x69,0x66,0x28,0x6d,0x6f,0x6e,0x74,0x68,0x4e,
0x75,0x6d,0x29,0x7b,0x0a,0x09,0x20,0x20,0x20,0x20,0x20,0x20,0x20,0x20,0x20,0x20,
0x62,0x75,0x69,0x6c,0x64,0x44,0x61,0x74,0x65,0x3d,0x64,0x61,0x74,0x65,0x4d,0x61,
0x74,0x63,0x68,0x5b,0x33,0x5d,0x2b,0x27,0x2d,0x27,0x2b,0x6d,0x6f,0x6e,0x74,0x68,
0x4e,0x75,0x6d,0x2b,0x27,0x2d,0x27,0x2b,0x70,0x61,0x72,0x73,0x65,0x49,0x6e,0x74,
0x28,0x64,0x61,0x74,0x65,0x4d,0x61,0x74,0x63,0x68,0x5b,0x32,0x5d,0x2c,0x31,0x30,
0x29,0x3b,0x0a,0x09,0x20,0x20,0x20,0x20,0x20,0x20,0x20,0x20,0x7d,0x0a,0x09,0x20,
0x20,0x20,0x20,0x20,0x20,0x7d,0x0a,0x09,0x20,0x20,0x20,0x20,0x20,0x20,0x69,0x66,
0x28,0x62,0x75,0x69,0x6c,0x64,0x44,0x61,0x74,0x65,0x26,0x26,0x68,0x61,0x73,0x68,
0x4d,0x61,0x74,0x63,0x68,0x29,0x7b,0x0a,0x09,0x20,0x20,0x20,0x20,0x20,0x20,0x20,
0x20,0x76,0x65,0x72,0x73,0x69,0x6f,0x6e,0x54,0x65,0x78,0x74,0x3d,0x27,0x58,0x52,
0x31,0x37,0x31,0x30,0x47,0x20,0x55,0x2d,0x42,0x6f,0x6f,0x74,0x2d,0x27,0x2b,0x62,
0x75,0x69,0x6c,0x64,0x44,0x61,0x74,0x65,0x2b,0x27,0x2d,0x67,0x27,0x2b,0x68,0x61,
0x73,0x68,0x4d,0x61,0x74,0x63,0x68,0x5b,0x31,0x5d,0x3b,0x0a,0x09,0x20,0x20,0x20,
0x20,0x20,0x20,0x7d,0x65,0x6c,0x73,0x65,0x7b,0x0a,0x09,0x20,0x20,0x20,0x20,0x20,
0x20,0x20,0x20,0x76,0x65,0x72,0x73,0x69,0x6f,0x6e,0x54,0x65,0x78,0x74,0x3d,0x64,
0x61,0x74,0x61,0x2e,0x75,0x5f,0x62,0x6f,0x6f,0x74,0x2e,0x72,0x65,0x70,0x6c,0x61,
0x63,0x65,0x28,0x2f,0x5e,0x55,0x2d,0x42,0x6f,0x6f,0x74,0x5c,0x73,0x2b,0x28,0x3f,
0x3a,0x5b,0x5c,0x64,0x2e,0x5d,0x2b,0x2d,0x29,0x3f,0x58,0x52,0x31,0x37,0x31,0x30,
0x47,0x2d,0x2f,0x2c,0x27,0x58,0x52,0x31,0x37,0x31,0x30,0x47,0x20,0x55,0x2d,0x42,
0x6f,0x6f,0x74,0x2d,0x27,0x29,0x2e,0x72,0x65,0x70,0x6c,0x61,0x63,0x65,0x28,0x2f,
0x20,0x5c,0x28,0x2e,0x2a,0x5c,0x29,0x24,0x2f,0x2c,0x27,0x27,0x29,0x3b,0x0a,0x09,
0x20,0x20,0x20,0x20,0x20,0x20,0x7d,0x0a,0x09,0x20,0x20,0x20,0x20,0x7d,0x0a,0x09,
0x20,0x20,0x20,0x20,0x69,0x66,0x28,0x76,0x65,0x72,0x73,0x69,0x6f,0x6e,0x54,0x65,
0x78,0x74,0x29,0x7b,0x0a,0x09,0x20,0x20,0x20,0x20,0x20,0x20,0x64,0x6f,0x63,0x75,
0x6d,0x65,0x6e,0x74,0x2e,0x67,0x65,0x74,0x45,0x6c,0x65,0x6d,0x65,0x6e,0x74,0x42,
0x79,0x49,0x64,0x28,0x27,0x76,0x65,0x72,0x73,0x69,0x6f,0x6e,0x27,0x29,0x2e,0x74,
0x65,0x78,0x74,0x43,0x6f,0x6e,0x74,0x65,0x6e,0x74,0x3d,0x76,0x65,0x72,0x73,0x69,
0x6f,0x6e,0x54,0x65,0x78,0x74,0x3b,0x0a,0x09,0x20,0x20,0x20,0x20,0x20,0x20,0x64,
0x6f,0x63,0x75,0x6d,0x65,0x6e,0x74,0x2e,0x67,0x65,0x74,0x45,0x6c,0x65,0x6d,0x65,
0x6e,0x74,0x42,0x79,0x49,0x64,0x28,0x27,0x66,0x6f,0x6f,0x74,0x65,0x72,0x2d,0x76,
0x65,0x72,0x73,0x69,0x6f,0x6e,0x27,0x29,0x2e,0x74,0x65,0x78,0x74,0x43,0x6f,0x6e,
0x74,0x65,0x6e,0x74,0x3d,0x76,0x65,0x72,0x73,0x69,0x6f,0x6e,0x54,0x65,0x78,0x74,
0x3b,0x0a,0x09,0x20,0x20,0x20,0x20,0x7d,0x0a,0x09,0x20,0x20,0x20,0x20,0x69,0x66,
0x28,0x64,0x61,0x74,0x61,0x26,0x26,0x64,0x61,0x74,0x61,0x2e,0x64,0x65,0x74,0x65,
0x63,0x74,0x65,0x64,0x5f,0x6c,0x61,0x79,0x6f,0x75,0x74,0x29,0x7b,0x0a,0x09,0x20,
0x20,0x20,0x20,0x20,0x20,0x64,0x6f,0x63,0x75,0x6d,0x65,0x6e,0x74,0x2e,0x67,0x65,
0x74,0x45,0x6c,0x65,0x6d,0x65,0x6e,0x74,0x42,0x79,0x49,0x64,0x28,0x27,0x64,0x65,
0x74,0x65,0x63,0x74,0x65,0x64,0x2d,0x6c,0x61,0x79,0x6f,0x75,0x74,0x27,0x29,0x2e,
0x74,0x65,0x78,0x74,0x43,0x6f,0x6e,0x74,0x65,0x6e,0x74,0x3d,0x74,0x6d,0x28,0x27,
0x6d,0x73,0x67,0x2e,0x64,0x65,0x74,0x65,0x63,0x74,0x65,0x64,0x27,0x2c,0x64,0x61,
0x74,0x61,0x2e,0x64,0x65,0x74,0x65,0x63,0x74,0x65,0x64,0x5f,0x6c,0x61,0x79,0x6f,
0x75,0x74,0x29,0x3b,0x0a,0x09,0x20,0x20,0x20,0x20,0x7d,0x0a,0x20,0x20,0x7d,0x63,
0x61,0x74,0x63,0x68,0x28,0x65,0x72,0x72,0x6f,0x72,0x29,0x7b,0x7d,0x0a,0x7d,0x29,
0x28,0x29,0x3b,0x0a,0x3c,0x2f,0x73,0x63,0x72,0x69,0x70,0x74,0x3e,0x0a,0x3c,0x2f,
0x62,0x6f,0x64,0x79,0x3e,0x0a,0x3c,0x2f,0x68,0x74,0x6d,0x6c,0x3e,0x0a,};



const struct fsdata_file file__400_html[] = { {
file_NULL,
data__400_html,
data__400_html + 12,
sizeof(data__400_html) - 12,
FS_FILE_FLAGS_HEADER_INCLUDED | FS_FILE_FLAGS_HEADER_PERSISTENT,
}};

const struct fsdata_file file__fail_html[] = { {
file__400_html,
data__fail_html,
data__fail_html + 12,
sizeof(data__fail_html) - 12,
FS_FILE_FLAGS_HEADER_INCLUDED | FS_FILE_FLAGS_HEADER_PERSISTENT,
}};

const struct fsdata_file file__index_html[] = { {
file__fail_html,
data__index_html,
data__index_html + 12,
sizeof(data__index_html) - 12,
FS_FILE_FLAGS_HEADER_INCLUDED | FS_FILE_FLAGS_HEADER_PERSISTENT,
}};

#define FS_ROOT file__index_html
#define FS_NUMFILES 3

